{"type": "FeatureCollection", "crs": {"type": "name", "properties": {"name": "EPSG:2177"}}, "features": [{"type": "Feature", "id": 1, "geometry": {"type": "Polygon", "coordinates": [[[6430117.6751, 5660766.234099999], [6430099.1687, 5660797.804099999], [6430076.7957, 5660835.9701000005], [6430058.2893, 5660867.540100001], [6430035.2089, 5660906.912699999], [6429993.9056, 5660976.6406], [6429970.4626, 5661014.920499999], [6429951.5948, 5661045.7294], [6429928.1518, 5661084.009199999], [6429907.2797, 5661118.0912], [6429883.9678, 5661158.0755], [6429883.7516, 5661158.515699999], [6429883.354, 5661158.3168], [6429877.6109, 5661155.4443], [6429871.2162, 5661152.2458], [6429867.45, 5661150.362], [6429861.5959, 5661148.169500001], [6429858.3211, 5661146.943], [6429857.9992, 5661146.8224], [6429853.5791, 5661145.166999999], [6429850.0865, 5661143.858899999], [6429848.4197, 5661143.2346], [6429843.0503, 5661141.2237], [6429787.6448, 5661120.4728999995], [6429751.0833, 5661106.7797], [6429747.3009, 5661105.363], [6429703.1102, 5661088.8125], [6429656.255, 5661071.264], [6429629.875, 5661061.3719999995], [6429615.088, 5661055.82], [6429606.5776, 5661052.460000001], [6429562.8808, 5661035.207800001], [6429461.8154, 5660995.3057], [6429438.8571, 5660986.2414], [6429320.1553, 5660939.3762], [6429266.2161, 5660918.0801], [6429147.0129, 5660871.016899999], [6429127.8255, 5660863.441500001], [6429105.8121, 5660854.7502], [6429071.6067, 5660841.2454], [6429055.4354, 5660834.8607], [6429001.2644, 5660813.473200001], [6428991.905, 5660809.778000001], [6428978.2827, 5660804.0890999995], [6428940.3377, 5660788.242799999], [6428910.3376, 5660775.714299999], [6428871.228, 5660759.3817], [6428862.6203, 5660755.7870000005], [6428857.975, 5660753.846999999], [6428854.0341, 5660752.276900001], [6428845.4087, 5660748.840299999], [6428818.4943, 5660738.117000001], [6428814.835, 5660736.659], [6428813.6322, 5660736.179500001], [6428810.282, 5660734.8440000005], [6428807.308, 5660733.67], [6428806.8826, 5660733.8665], [6428790.72, 5660741.331], [6428782.9087, 5660743.635600001], [6428775.01, 5660745.966], [6428759.3, 5660750.602], [6428743.5084, 5660748.7729], [6428734.444, 5660747.722999999], [6428731.327, 5660747.200999999], [6428712.5223, 5660742.7171], [6428693.6583, 5660737.468], [6428686.754, 5660735.540999999], [6428669.999, 5660731.977299999], [6428665.8212, 5660731.0887], [6428680.2566, 5660694.5637], [6428682.7803, 5660684.6691], [6428684.2865, 5660672.4574], [6428686.8927, 5660623.793099999], [6428684.5104, 5660594.9471], [6428682.3948, 5660582.121099999], [6428682.527, 5660575.638800001], [6428684.7569, 5660541.5414], [6428692.3166, 5660516.7689], [6428713.4834, 5660467.556299999], [6428733.724, 5660420.725], [6428750.5251, 5660383.154100001], [6428765.7387, 5660347.4352], [6428783.3335, 5660307.3508], [6428802.6481, 5660263.4299], [6428826.0638, 5660208.661], [6428842.9707, 5660170.772600001], [6428854.9563, 5660143.308800001], [6428877.163, 5660093.697899999], [6428907.8932, 5660019.8847], [6428928.1932, 5659977.1678], [6428935.2046, 5659956.7948], [6428939.9671, 5659937.4802], [6428942.0838, 5659923.589500001], [6428943.2744, 5659910.6910999995], [6428943.076, 5659907.6483], [6428941.978, 5659883.7961], [6428937.0832, 5659852.972100001], [6428930.4686, 5659804.950099999], [6428923.7217, 5659759.573999999], [6428911.1135, 5659674.764799999], [6428901.6048, 5659608.675899999], [6428899.3678, 5659579.8871], [6428899.6831, 5659550.449100001], [6428902.2649, 5659532.5315000005], [6428911.7567, 5659490.0448], [6428926.1442, 5659415.805], [6428934.6663, 5659376.241599999], [6428942.1136, 5659341.5778], [6428946.6416, 5659305.9968], [6428950.66, 5659284.1076], [6428955.0521, 5659269.6841], [6428963.3191, 5659250.0243999995], [6428964.6744, 5659247.6], [6428964.8692, 5659247.296700001], [6428969.6989, 5659238.263699999], [6428973.4696, 5659232.6405], [6428986.0069, 5659217.470000001], [6428997.3489, 5659205.2116], [6429008.9467, 5659192.4399999995], [6429021.6972, 5659177.524], [6429029.2382, 5659169.6655], [6429038.0353, 5659160.163899999], [6429047.5324, 5659149.4735], [6429052.5801, 5659143.880999999], [6429056.4817, 5659140.147399999], [6429079.4476, 5659114.324100001], [6429095.4285, 5659097.7082], [6429118.8177, 5659072.414000001], [6429134.5869, 5659055.692299999], [6429145.2761, 5659041.8281], [6429156.1769, 5659019.708900001], [6429157.8703, 5659015.6872000005], [6429165.2786, 5658991.028000001], [6429170.1469, 5658974.2004], [6429174.1686, 5658955.8912], [6429178.6136, 5658935.253699999], [6429182.0003, 5658916.627], [6429182.4236, 5658909.1128], [6429180.2011, 5658901.492799999], [6429171.3111, 5658871.4361000005], [6429169.0886, 5658861.1702], [6429168.3478, 5658852.703500001], [6429168.5594, 5658837.5693], [6429175.7702, 5658808.978399999], [6429181.1677, 5658797.442600001], [6429185.7715, 5658788.869999999], [6429190.9745, 5658780.6489], [6429200.7293, 5658765.095899999], [6429219.2867, 5658729.6296], [6429224.2093, 5658718.1721], [6429227.2699, 5658708.644099999], [6429230.3053, 5658694.2480999995], [6429235.192, 5658671.1525], [6429237.808, 5658654.1973], [6429243.154, 5658627.2962], [6429249.7117, 5658596.865], [6429255.3025, 5658570.1526999995], [6429256.3252, 5658566.937899999], [6429257.5843, 5658564.429300001], [6429259.5116, 5658559.2048], [6429256.3, 5658556.995999999], [6429356.948, 5658397.737], [6429379.946, 5658370.086999999], [6429390.43, 5658344.638], [6429393.151, 5658334.764], [6429395.601, 5658319.853], [6429396.081, 5658309.867000001], [6429397.77, 5658289.934], [6429399.95, 5658265.005999999], [6429400.659, 5658250.026000001], [6429401.237, 5658206.005000001], [6429399.928, 5658201.941], [6429395.499, 5658163.991], [6429371.687, 5658063.789999999], [6429361.362, 5658012.98], [6429346.829, 5657919.377], [6429337.41, 5657869.956], [6429346.023, 5657868.452], [6429351.416, 5657895.999], [6429363.939, 5657887.926999999], [6429445.688, 5657835.225], [6429475.693, 5657821.361], [6429537.347, 5657780.743000001], [6429569.637, 5657763.141000001], [6429683.408, 5657705.362], [6429695.743, 5657699.103], [6429731.963, 5657680.674000001], [6429741.793, 5657675.664000001], [6429812.336, 5657639.909], [6429837.861, 5657626.159], [6429850.375, 5657615.707], [6429856.28, 5657611.945], [6429860.081, 5657609.528999999], [6429866.002, 5657605.467], [6429899.192, 5657644.959000001], [6429931.801, 5657680.147], [6429950.771, 5657705.609999999], [6429986.127, 5657754.745999999], [6429988.224, 5657758.153000001], [6429999.786, 5657776.933], [6430042.016, 5657845.58], [6430060.866, 5657881.036], [6430088.065, 5657933.631999999], [6430186.366, 5658137.518999999], [6430207.547, 5658183.725], [6430230.411, 5658232.710000001], [6430251.135, 5658286.924000001], [6430260.686, 5658315.960999999], [6430271.993, 5658316.545], [6430274.676, 5658315.952], [6430300.093, 5658309.924000001], [6430329.734, 5658299.285], [6430348.597, 5658292.876], [6430373.121, 5658285.848999999], [6430382.846, 5658282.130999999], [6430400.485, 5658277.096999999], [6430453.858, 5658265.071], [6430481.568, 5658257.755000001], [6430503.871, 5658249.764], [6430559.613, 5658226.107999999], [6430597.372, 5658209.57], [6430618.621, 5658199.692], [6430648.387, 5658187.811000001], [6430702.136, 5658162.999], [6430718.928, 5658149.885], [6430720.455, 5658148.766000001], [6430723.348, 5658147.370999999], [6430724.4059, 5658152.531099999], [6430724.591, 5658153.296], [6430724.8429, 5658154.3375], [6430724.932, 5658154.706], [6430725.1644, 5658155.380799999], [6430725.7208, 5658156.9965], [6430726.8834, 5658160.3729], [6430726.9175, 5658160.4717999995], [6430729.451, 5658167.829], [6430734.0445, 5658181.166300001], [6430734.777, 5658183.293], [6430735.2577, 5658184.817500001], [6430736.6121, 5658189.1127], [6430739.589, 5658198.552999999], [6430749.5243, 5658230.0614], [6430754.6928, 5658246.4526], [6430756.385, 5658251.819], [6430766.0491, 5658280.7027], [6430772.0458, 5658298.6252], [6430772.75, 5658300.73], [6430780.2612, 5658324.0416], [6430785.8562, 5658341.406300001], [6430789.039, 5658350.424000001], [6430793.06, 5658362.102], [6430796.427, 5658373.494999999], [6430799.9689, 5658385.4779], [6430800.018, 5658385.643999999], [6430802.4051, 5658392.6284], [6430807.655, 5658407.989], [6430811.114, 5658418.108999999], [6430814.287, 5658427.93], [6430818.318, 5658440.4055], [6430819.621, 5658444.437999999], [6430823.8478, 5658457.2530000005], [6430829.759, 5658475.175000001], [6430838.3139, 5658497.079399999], [6430840.031, 5658501.476], [6430842.9067, 5658507.262499999], [6430845.695, 5658512.873], [6430849.921, 5658521.376], [6430856.072, 5658534.636], [6430856.644, 5658535.867000001], [6430865.766, 5658552.452], [6430876.337, 5658569.4695], [6430878.8581, 5658573.528000001], [6430880.985, 5658576.952], [6430883.2893, 5658580.6614], [6430890.0261, 5658591.505999999], [6430891.4068, 5658593.728599999], [6430891.7661, 5658594.393300001], [6430894.0186, 5658598.5605], [6430895.3359, 5658600.9976], [6430896.9045, 5658604.126700001], [6430897.5011, 5658605.3167], [6430898.2535, 5658606.817600001], [6430898.5745, 5658607.458000001], [6430898.7498, 5658607.807700001], [6430899.0853, 5658608.4769], [6430899.217, 5658608.739700001], [6430899.7446, 5658609.792099999], [6430900.1499, 5658610.6006000005], [6430900.4159, 5658611.131200001], [6430901.7798, 5658613.613299999], [6430902.4971, 5658614.9188], [6430902.7495, 5658615.3781], [6430904.6467, 5658618.8309], [6430905.1294, 5658619.7093], [6430905.324, 5658620.0635], [6430905.7712, 5658620.812899999], [6430906.1354, 5658621.4231], [6430906.9095, 5658622.7203], [6430907.9911, 5658624.5327], [6430909.1874, 5658626.5374], [6430909.1891, 5658626.540200001], [6430909.2398, 5658626.6252], [6430909.9034, 5658628.085100001], [6430910.696, 5658629.8289], [6430910.9295, 5658630.342499999], [6430911.2696, 5658631.0907000005], [6430911.3565, 5658631.2819], [6430911.9004, 5658632.9068], [6430912.2664, 5658634.0001], [6430917.8793, 5658650.7684], [6430919.0678, 5658654.319], [6430924.2285, 5658669.736500001], [6430925.2791, 5658673.3639], [6430925.4282, 5658673.8784], [6430936.4984, 5658712.0989], [6430938.2026, 5658717.9825], [6430938.762, 5658719.914000001], [6430948.6452, 5658753.1624], [6430949.8279, 5658757.1412], [6430960.2852, 5658792.320800001], [6430961.262, 5658795.607000001], [6430962.2142, 5658798.6929], [6430972.3964, 5658831.6908], [6430973.37, 5658834.846000001], [6430974.9174, 5658839.4164], [6430985.3448, 5658870.214299999], [6430988.3618, 5658879.1252999995], [6430988.443, 5658879.365], [6430998.9405, 5658910.0077], [6431001.4883, 5658917.444599999], [6431004.278, 5658925.5879999995], [6431011.902, 5658946.308599999], [6431015.0743, 5658954.930299999], [6431022.001, 5658973.755999999], [6431024.289, 5658979.971000001], [6431025.2681, 5658982.509199999], [6431026.2049, 5658984.9377999995], [6431027.228, 5658987.59], [6431028.661, 5658991.306], [6431030.443, 5658995.926999999], [6431039.1645, 5659018.9103999995], [6431043.428, 5659030.1459], [6431054.9878, 5659060.6088], [6431055.4951, 5659061.945699999], [6431060.168, 5659074.26], [6431068.4349, 5659100.296399999], [6431068.672, 5659101.043], [6431069.5308, 5659104.3094], [6431072.412, 5659115.267000001], [6431075.123, 5659125.579], [6431075.5474, 5659127.231000001], [6431076.621, 5659131.41], [6431077.0836, 5659133.2106], [6431077.86, 5659136.232999999], [6431078.864, 5659140.2809999995], [6431080.1462, 5659145.4473], [6431082.468, 5659154.801999999], [6431084.311, 5659162.234999999], [6431085.032, 5659165.582], [6431091.2675, 5659194.541200001], [6431091.9671, 5659197.789999999], [6431092.118, 5659198.491], [6431098.669, 5659236.186000001], [6431099.2119, 5659239.308700001], [6431099.507, 5659241.005999999], [6431100.197, 5659244.981000001], [6431101.88, 5659254.671], [6431103.781, 5659265.612], [6431105.362, 5659274.964], [6431109.4522, 5659299.1576000005], [6431109.7027, 5659300.6393], [6431111.0212, 5659308.4383000005], [6431113.893, 5659325.425000001], [6431119.2754, 5659357.260199999], [6431119.378, 5659357.867000001], [6431121.0062, 5659368.697699999], [6431122.694, 5659379.925000001], [6431123.1293, 5659382.819], [6431123.543, 5659385.569], [6431123.35, 5659392.701199999], [6431123.144, 5659400.313999999], [6431122.5484, 5659410.725400001], [6431123.3083, 5659471.4716], [6431123.52, 5659488.397], [6431123.614, 5659496.005999999], [6431123.6243, 5659503.6721], [6431123.6418, 5659516.6885], [6431123.6649, 5659533.8288], [6431123.698, 5659558.473999999], [6431123.6986, 5659558.917199999], [6431123.711, 5659568.147], [6431123.855, 5659578.841], [6431124.182, 5659603.09], [6431124.162, 5659607.971100001], [6431124.0704, 5659630.357000001], [6431123.994, 5659649.024], [6431124.1919, 5659667.7140999995], [6431124.2266, 5659670.994999999], [6431124.3312, 5659680.868000001], [6431124.371, 5659684.6280000005], [6431124.1743, 5659703.6975], [6431124.0173, 5659718.9112], [6431123.995, 5659721.077], [6431123.8282, 5659723.488399999], [6431123.133, 5659733.5426], [6431122.962, 5659736.015000001], [6431122.8686, 5659736.4001], [6431121.3774, 5659742.5517], [6431121.2525, 5659743.0667], [6431119.956, 5659748.414999999], [6431119.5004, 5659749.702], [6431118.3063, 5659753.074899999], [6431123.391, 5659754.824999999], [6431130.2806, 5659757.1964], [6431136.6107, 5659759.3752], [6431137.0987, 5659759.543199999], [6431142.813, 5659761.51], [6431144.6634, 5659766.456800001], [6431145.241, 5659768.001], [6431145.1103, 5659768.3089000005], [6431143.7514, 5659771.510500001], [6431141.896, 5659775.881999999], [6431140.224, 5659779.833000001], [6431138.2818, 5659784.117799999], [6431136.532, 5659787.978], [6431134.915, 5659791.538000001], [6431128.766, 5659803.302999999], [6431128.001, 5659804.8215], [6431123.19, 5659814.370999999], [6431117.7506, 5659824.202199999], [6431116.985, 5659825.585999999], [6431114.1493, 5659830.8791000005], [6431110.891, 5659836.960999999], [6431105.4832, 5659845.832], [6431104.203, 5659847.932], [6431103.7672, 5659848.610099999], [6431101.0615, 5659852.820499999], [6431097.253, 5659858.7469999995], [6431090.041, 5659869.384], [6431083.5309, 5659878.508099999], [6431082.577, 5659879.845000001], [6431079.9533, 5659883.3478999995], [6431075.215, 5659889.674000001], [6431067.109, 5659899.903000001], [6431061.732, 5659906.421700001], [6431058.702, 5659910.095000001], [6431053.1434, 5659916.4759], [6431050.259, 5659919.7870000005], [6431043.7678, 5659926.884299999], [6431041.584, 5659929.272], [6431040.0251, 5659930.8957], [6431035.2391, 5659935.8807], [6431032.686, 5659938.539999999], [6431026.3247, 5659944.852499999], [6431023.566, 5659947.59], [6431021.1459, 5659949.804500001], [6431014.219, 5659956.142999999], [6431012.8342, 5659957.4202], [6431008.064, 5659961.819800001], [6431004.913, 5659964.726], [6430995.225, 5659973.153000001], [6430994.234, 5659974.010500001], [6430991.516, 5659976.362], [6430985.507, 5659981.561000001], [6430985.1412, 5659981.8281], [6430979.1652, 5659986.1910999995], [6430976.1794, 5659988.370999999], [6430975.8924, 5659988.580499999], [6430974.811, 5659989.369999999], [6430975.466, 5659989.753900001], [6430976.4592, 5659990.335999999], [6430978.598, 5659991.589500001], [6430979.3544, 5659992.0327], [6430979.6755, 5659992.220899999], [6430983.1969, 5659994.284700001], [6430984.46, 5659995.025], [6430984.4988, 5659995.385399999], [6430984.745, 5659997.6754], [6430985.9551, 5660008.9274], [6430986.1131, 5660010.3971], [6430986.2994, 5660012.128900001], [6430986.4725, 5660013.7391], [6430986.527, 5660014.2456], [6430986.6988, 5660015.8429000005], [6430986.7917, 5660016.7074], [6430965.743, 5660019.4833], [6430938.9672, 5660024.884], [6430921.3342, 5660029.039999999], [6430885.0172, 5660037.5998], [6430860.0485, 5660043.4848], [6430832.1147, 5660052.264], [6430798.6208, 5660064.2787], [6430768.5778, 5660075.055500001], [6430737.5311, 5660086.2839], [6430718.6276, 5660096.369200001], [6430702.3053, 5660100.6425], [6430682.6936, 5660115.5403], [6430651.374, 5660133.425899999], [6430628.2791, 5660146.7578], [6430603.2342, 5660161.215399999], [6430569.6878, 5660180.580600001], [6430534.5987, 5660207.308700001], [6430501.372, 5660234.816400001], [6430460.9559, 5660272.0438], [6430437.181, 5660294.2236], [6430406.6527, 5660330.8824000005], [6430379.953, 5660364.4494], [6430355.3595, 5660396.947699999], [6430334.1784, 5660424.9366999995], [6430306.9202, 5660461.640900001], [6430250.0469, 5660551.0941], [6430234.1072, 5660576.5866], [6430194.0881, 5660641.6557], [6430183.524, 5660658.8323], [6430168.6418, 5660683.030200001], [6430140.2656, 5660729.168500001], [6430117.6751, 5660766.234099999]]]}, "properties": {"OBJECTID": 1, "NROSIEDLA": 21, "NAZWAOSIEDLA": "Krzyki - Partynice", "SHAPE.AREA": 5254965.43396051, "SHAPE.LEN": 9994.58307830574, "DATA": 1453334400000}}, {"type": "Feature", "id": 2, "geometry": {"type": "Polygon", "coordinates": [[[6429726.1391, 5665488.426000001], [6429723.4044, 5665490.784700001], [6429701.8034, 5665509.4158], [6429701.2507, 5665509.8935], [6429694.7047, 5665515.2391], [6429680.9055, 5665526.566], [6429653.8164, 5665548.474400001], [6429636.4952, 5665562.624600001], [6429620.1212, 5665575.710100001], [6429604.0088, 5665589.270099999], [6429594.1308, 5665596.9515], [6429577.9985, 5665609.1884], [6429567.8274, 5665616.206900001], [6429556.7507, 5665623.6972], [6429549.5321, 5665628.398399999], [6429541.5063, 5665633.740599999], [6429533.3117, 5665639.168299999], [6429524.056, 5665645.3234], [6429513.3914, 5665652.470899999], [6429497.5899, 5665663.073999999], [6429478.737, 5665676.721100001], [6429458.412, 5665690.7038], [6429427.6439, 5665710.3806], [6429395.1872, 5665731.278899999], [6429364.6267, 5665751.149499999], [6429351.6319, 5665759.5052000005], [6429344.4841, 5665764.0940000005], [6429332.6785, 5665771.736500001], [6429298.3466, 5665793.6502], [6429236.9829, 5665832.8693], [6429225.7555, 5665840.2653], [6429218.8792, 5665845.0726], [6429210.3418, 5665851.183], [6429185.954, 5665868.6785], [6429178.0551, 5665874.302100001], [6429173.9575, 5665877.215], [6429171.9728, 5665878.624299999], [6429168.1686, 5665881.3256], [6429152.7675, 5665892.261499999], [6429146.5439, 5665896.419500001], [6429118.2428, 5665915.3025], [6429075.3802, 5665943.9111], [6429026.9279, 5665976.2565], [6429020.9767, 5665980.0271000005], [6429015.146, 5665983.883300001], [6429008.5445, 5665987.834100001], [6429004.8945, 5665989.9640999995], [6428999.6613, 5665992.910800001], [6428993.4797, 5665996.244999999], [6428979.0758, 5666003.416300001], [6428947.3659, 5666018.7983], [6428929.5561, 5666027.521600001], [6428919.9892, 5666032.349099999], [6428913.5044, 5666035.741599999], [6428905.3171, 5666040.1624], [6428901.3942, 5666042.4377999995], [6428897.1953, 5666045.005999999], [6428890.319, 5666049.3071], [6428883.8281, 5666053.556399999], [6428881.1104, 5666055.0767], [6428850.0283, 5666076.3445], [6428835.2116, 5666087.0602], [6428799.8235, 5666111.9311], [6428759.4436, 5666140.8267], [6428723.7987, 5666165.9606], [6428707.4351, 5666177.4607], [6428700.425, 5666182.4245], [6428693.7031, 5666186.7896], [6428687.5625, 5666190.8577], [6428648.4854, 5666215.5458], [6428590.7188, 5666252.1172], [6428561.1904, 5666270.5845], [6428558.7444, 5666272.1143], [6428556.2566, 5666273.749399999], [6428540.9666, 5666283.510500001], [6428504.5556, 5666306.4044], [6428477.292, 5666323.5843], [6428466.3107, 5666330.2312], [6428456.1094, 5666336.303200001], [6428449.62, 5666339.793500001], [6428441.7185, 5666343.7436999995], [6428432.2373, 5666348.0306], [6428421.5078, 5666352.569499999], [6428399.3999, 5666361.0295], [6428392.8819, 5666363.785800001], [6428385.4666, 5666367.076099999], [6428375.8945, 5666371.528999999], [6428367.2872, 5666375.718900001], [6428351.4656, 5666383.517100001], [6428326.2167, 5666396.3221], [6428259.6173, 5666429.3203], [6428214.7791, 5666451.4618999995], [6428170.0424, 5666473.701199999], [6428125.704, 5666495.6369], [6428107.1112, 5666504.8638], [6428060.5883, 5666528.127800001], [6428057.5109, 5666529.663000001], [6428015.5126, 5666550.4572], [6427975.0041, 5666570.458900001], [6427945.9719, 5666584.8115], [6427901.3373, 5666607.0493], [6427856.5003, 5666629.1908], [6427808.0856, 5666653.375700001], [6427795.5843, 5666659.614800001], [6427779.9984, 5666666.8901], [6427769.5892, 5666671.7015], [6427759.8835, 5666675.8004], [6427748.1739, 5666680.528100001], [6427734.2807, 5666685.7806], [6427724.849, 5666689.0843], [6427689.4949, 5666701.2103], [6427647.0638, 5666715.925100001], [6427632.8182, 5666720.897700001], [6427620.7674, 5666725.142999999], [6427610.4166, 5666728.765799999], [6427573.4713, 5666741.5099], [6427526.2675, 5666757.879799999], [6427479.061, 5666774.150599999], [6427456.5476, 5666782.0242], [6427446.5853, 5666785.5458], [6427442.4973, 5666786.9965], [6427431.8458, 5666790.824999999], [6427384.6458, 5666807.4936], [6427340.4344, 5666823.327099999], [6427311.2669, 5666833.6768], [6427300.5013, 5666837.4103999995], [6427295.7212, 5666839.1675], [6427290.9593, 5666840.8192], [6427248.4332, 5666855.533600001], [6427153.8975, 5666888.448100001], [6427072.5955, 5666916.4506], [6427066.5168, 5666918.5123], [6427050.1938, 5666924.4991999995], [6427046.2857, 5666925.826099999], [6427035.5984, 5666929.7458999995], [6427025.6905, 5666933.7217999995], [6427005.9941, 5666943.1504999995], [6426999.8229, 5666946.329500001], [6426993.7746, 5666949.6208999995], [6426990.9456, 5666951.1603999995], [6426990.7093, 5666950.7017], [6426984.301, 5666938.263], [6426980.2055, 5666927.8105999995], [6426980.0933, 5666927.5241], [6426979.8284, 5666926.848200001], [6426978.2017, 5666922.6965], [6426970.9012, 5666904.064099999], [6426968.8653, 5666898.868100001], [6426966.586, 5666893.051000001], [6426964.413, 5666887.152000001], [6426962.547, 5666882.476], [6426960.2075, 5666876.613600001], [6426959.188, 5666874.0591], [6426954.107, 5666861.327], [6426950.6861, 5666852.4703], [6426948.4889, 5666846.782], [6426942.0505, 5666830.113], [6426940.0031, 5666824.8125], [6426935.791, 5666813.907199999], [6426934.1047, 5666809.5416], [6426931.4117, 5666802.569399999], [6426931.2783, 5666802.224099999], [6426924.018, 5666783.427100001], [6426918.7503, 5666769.7894], [6426912.3267, 5666753.1587000005], [6426906.8828, 5666739.0645], [6426905.662, 5666735.903999999], [6426897.5972, 5666715.3762], [6426892.5732, 5666702.588199999], [6426885.373, 5666684.2611], [6426878.4176, 5666666.5568], [6426871.5273, 5666649.0185], [6426870.264, 5666645.802999999], [6426868.977, 5666642.528000001], [6426867.8322, 5666639.2708], [6426866.431, 5666635.284], [6426862.725, 5666625.921], [6426861.204, 5666622.077], [6426856.9292, 5666611.236], [6426853.9284, 5666603.6261], [6426842.8654, 5666575.5701], [6426838.9083, 5666565.5348000005], [6426829.3441, 5666541.279999999], [6426826.4432, 5666533.9231], [6426818.7149, 5666514.323999999], [6426818.233, 5666513.102], [6426816.1611, 5666507.8366], [6426812.4136, 5666498.312899999], [6426803.1263, 5666474.7107], [6426799.0655, 5666464.3906], [6426791.5075, 5666445.1831], [6426787.6392, 5666435.352600001], [6426779.2223, 5666413.962200001], [6426774.2224, 5666401.255899999], [6426766.8122, 5666382.423800001], [6426762.3239, 5666371.0175], [6426760.865, 5666367.3100000005], [6426758.856, 5666358.07], [6426725.0862, 5666330.5254], [6426730.1951, 5666324.2619], [6426737.9315, 5666314.777000001], [6426739.2314, 5666313.1832], [6426751.7457, 5666297.840600001], [6426765.6941, 5666280.7399], [6426778.8549, 5666264.604599999], [6426787.568, 5666253.9223], [6426797.8679, 5666240.8314], [6426813.4389, 5666220.9903], [6426828.3514, 5666201.988600001], [6426848.2823, 5666176.5922], [6426860.817, 5666160.620200001], [6426871.525, 5666146.9759], [6426884.0597, 5666131.003900001], [6426895.8219, 5666116.0162], [6426913.4869, 5666093.502800001], [6426927.2324, 5666075.9782], [6426939.5953, 5666060.216399999], [6426952.6764, 5666043.538799999], [6426963.824, 5666029.326400001], [6426974.6422, 5666015.534], [6426984.4666, 5666003.0086], [6426997.0268, 5665987.1636], [6427007.6625, 5665974.3237], [6427079.1511, 5665886.2146000005], [6427109.3537, 5665847.8938], [6427124.1675, 5665829.098099999], [6427172.0729, 5665768.316], [6427178.3206, 5665760.399700001], [6427201.7478, 5665730.7159], [6427235.9231, 5665687.4134], [6427277.4831, 5665634.7541000005], [6427306.2316, 5665598.8685], [6427324.003, 5665576.6851], [6427368.7116, 5665520.8772], [6427412.1936, 5665466.0185], [6427433.948, 5665438.5723], [6427464.1735, 5665400.4386], [6427510.0267, 5665342.185699999], [6427510.1482, 5665342.031400001], [6427528.8756, 5665318.239600001], [6427533.3558, 5665312.547900001], [6427535.3532, 5665310.010299999], [6427540.1219, 5665303.952099999], [6427541.0245, 5665302.805400001], [6427545.1458, 5665301.5667], [6427853.0271, 5665204.260500001], [6428879.0346, 5664913.817500001], [6428881.6003, 5664913.038000001], [6428882.3923, 5664915.130899999], [6428882.4351, 5664915.243799999], [6428882.4664, 5664915.3268], [6428882.8532, 5664916.348999999], [6428883.1788, 5664917.2093], [6428883.5329, 5664918.145099999], [6428883.5638, 5664918.226600001], [6428883.681, 5664918.536499999], [6428884.5945, 5664920.9504], [6428884.8283, 5664921.568299999], [6428884.901, 5664921.760500001], [6428885.2573, 5664922.702099999], [6428885.8222, 5664924.194800001], [6428886.0808, 5664924.8782], [6428886.1577, 5664925.0814], [6428887.3003, 5664928.1008], [6428887.3608, 5664928.2607], [6428887.5041, 5664928.6393], [6428887.8421, 5664929.5326000005], [6428888.5649, 5664931.442500001], [6428888.6474, 5664931.660700001], [6428889.7388, 5664934.5449], [6428889.8294, 5664934.7842], [6428889.9137, 5664935.0068], [6428889.9291, 5664935.0474], [6428891.0549, 5664938.022700001], [6428891.1486, 5664938.270199999], [6428891.9135, 5664940.2916], [6428892.1143, 5664940.8224], [6428892.2173, 5664941.0945999995], [6428892.325, 5664941.3791000005], [6428893.4308, 5664944.3013], [6428893.5539, 5664944.626599999], [6428893.6364, 5664944.8445999995], [6428894.0701, 5664945.990800001], [6428894.3527, 5664946.737400001], [6428894.4446, 5664946.9802], [6428894.6417, 5664947.5013], [6428894.6538, 5664947.5331999995], [6428894.6609, 5664947.551999999], [6428894.8741, 5664948.1153], [6428894.8907, 5664948.1592], [6428895.0914, 5664948.6894000005], [6428895.0991, 5664948.710000001], [6428895.3191, 5664949.2914], [6428895.3254, 5664949.3079], [6428895.5424, 5664949.8814], [6428895.5531, 5664949.909600001], [6428895.7697, 5664950.482000001], [6428895.7772, 5664950.501700001], [6428895.967, 5664951.0033], [6428895.9804, 5664951.038899999], [6428896.008, 5664951.1117], [6428896.0737, 5664951.2853], [6428896.1957, 5664951.6077], [6428896.2122, 5664951.6514], [6428896.2474, 5664951.7444], [6428896.2679, 5664951.7984], [6428896.3021, 5664951.888900001], [6428896.3039, 5664951.8935], [6428896.3599, 5664952.0417], [6428896.3619, 5664952.0469], [6428896.4146, 5664952.1828000005], [6428896.4186, 5664952.193399999], [6428896.4222, 5664952.203400001], [6428896.4649, 5664952.3181], [6428896.4674, 5664952.3248], [6428896.4962, 5664952.401799999], [6428896.5226, 5664952.4723000005], [6428896.5342, 5664952.5034], [6428896.5706, 5664952.601399999], [6428896.5737, 5664952.6098], [6428896.5758, 5664952.6153], [6428896.5798, 5664952.626], [6428896.5972, 5664952.673699999], [6428897.798, 5664955.8440000005], [6428898.3587, 5664957.3256], [6428898.5106, 5664957.7268], [6428899.7637, 5664961.0374], [6428900.8369, 5664961.0374], [6428908.116, 5664961.0374], [6428914.4494, 5664961.0374], [6428917.7427, 5664960.944], [6428931.3994, 5664960.556500001], [6428942.737, 5664960.2349], [6428944.1762, 5664960.194], [6428945.1334, 5664960.1669], [6428951.7557, 5664959.979], [6428955.8073, 5664960.094799999], [6428964.9976, 5664960.3574], [6428987.4787, 5664960.9997000005], [6429023.8128, 5664965.519400001], [6429045.9476, 5664970.5624], [6429077.5212, 5664980.453], [6429089.8685, 5664984.320800001], [6429114.4748, 5664997.2853999995], [6429114.656, 5664997.418400001], [6429127.036, 5665006.5055], [6429434.9881, 5665176.2829], [6429601.7935, 5665283.8451000005], [6429636.4999, 5665322.2344], [6429658.6799, 5665363.057700001], [6429713.5457, 5665463.981799999], [6429726.1391, 5665488.426000001]]]}, "properties": {"OBJECTID": 2, "NROSIEDLA": 24, "NAZWAOSIEDLA": "Gądów - Popowice Płd.", "SHAPE.AREA": 3134568.8309036, "SHAPE.LEN": 7588.64795099762, "DATA": 1453334400000}}, {"type": "Feature", "id": 3, "geometry": {"type": "Polygon", "coordinates": [[[6435263.203, 5670431.681], [6435147.934, 5670510.926999999], [6435123.804, 5670522.569], [6435088.827, 5670524.6620000005], [6434949.409, 5670487.426999999], [6434807.992, 5670448.994999999], [6434695.329, 5670417.234999999], [6434663.508, 5670410.789000001], [6434631.4991, 5670411.856000001], [6434631.2396, 5670410.3529], [6434631.03, 5670409.140000001], [6434626.41, 5670409.18], [6434625.768, 5670409.5537], [6434625.26, 5670407.888], [6434625.208, 5670407.716], [6434622.7127, 5670399.4409], [6434620.1713, 5670391.0129], [6434618.8233, 5670386.542300001], [6434617.7061, 5670382.837300001], [6434614.228, 5670371.302999999], [6434603.288, 5670337.392999999], [6434603.1356, 5670336.9585], [6434599.5933, 5670326.860300001], [6434595.192, 5670314.312999999], [6434592.238, 5670307.421], [6434588.956, 5670301.077], [6434587.7327, 5670298.950999999], [6434584.362, 5670293.093], [6434570.688, 5670273.949999999], [6434560.494, 5670259.191], [6434551.631, 5670244.454], [6434538.048, 5670225.188999999], [6434536.6491, 5670223.0112], [6434530.438, 5670213.342], [6434527.356, 5670207.083000001], [6434523.214, 5670197.066], [6434522.7584, 5670195.7633], [6434518.398, 5670183.294], [6434512.041, 5670162.971999999], [6434503.937, 5670138.7469999995], [6434501.082, 5670128.101], [6434500.443, 5670125.5449], [6434498.227, 5670116.681], [6434496.606, 5670107.423], [6434496.3834, 5670105.726500001], [6434495.371, 5670098.01], [6434494.4322, 5670090.9219], [6434494.3037, 5670089.9519], [6434493.828, 5670086.359999999], [6434493.365, 5670082.193], [6434493.2845, 5670080.4581], [6434489.0988, 5670077.510299999], [6434485.425, 5670074.923], [6434476.8807, 5670068.907], [6434462.6471, 5670058.885199999], [6434460.6743, 5670057.496200001], [6434457.122, 5670054.994999999], [6434446.4781, 5670045.7486000005], [6434445.439, 5670044.846000001], [6434444.036, 5670042.044500001], [6434442.9495, 5670039.8749], [6434438.5, 5670030.99], [6434437.5195, 5670028.005799999], [6434431.3349, 5670009.1832], [6434426.9447, 5669995.821699999], [6434425.667, 5669991.933], [6434409.4743, 5669976.7204], [6434397.019, 5669965.018999999], [6434390.0893, 5669957.7480999995], [6434382.8001, 5669950.0999], [6434375.819, 5669942.775], [6434369.0322, 5669936.0649], [6434368.6446, 5669935.6818], [6434358.9251, 5669926.0721], [6434358.66, 5669925.8100000005], [6434354.1, 5669917.387], [6434349.949, 5669908.237], [6434340.4139, 5669894.769099999], [6434330.4986, 5669880.7641], [6434328.7962, 5669878.3597], [6434326.1081, 5669874.562899999], [6434321.2072, 5669867.6405], [6434320.69, 5669866.91], [6434315.296, 5669859.302999999], [6434313.0852, 5669856.878699999], [6434310.2955, 5669853.819499999], [6434309.6022, 5669853.0593], [6434305.708, 5669848.789000001], [6434303.6807, 5669844.929500001], [6434294.151, 5669826.7870000005], [6434279.0712, 5669809.361199999], [6434276.8802, 5669806.829399999], [6434256.219, 5669782.954], [6434241.6494, 5669766.5163], [6434230.8064, 5669754.2831], [6434209.439, 5669730.176000001], [6434204.3515, 5669715.8566], [6434203.3301, 5669712.9815], [6434203.1776, 5669712.5524], [6434202.635, 5669711.0252], [6434201.125, 5669706.775], [6434200.7113, 5669705.4252], [6434200.5736, 5669704.9758], [6434199.9037, 5669702.789899999], [6434199.3572, 5669701.0068], [6434197.9836, 5669696.524499999], [6434197.635, 5669695.387], [6434195.7942, 5669689.380799999], [6434194.7649, 5669686.0222], [6434195.059, 5669685.873], [6434203.0243, 5669680.549699999], [6434207.019, 5669677.880000001], [6434213.7358, 5669672.5403], [6434214.8178, 5669671.6800999995], [6434219.096, 5669668.278999999], [6434223.4212, 5669664.6686], [6434240.044, 5669650.793], [6434255.4816, 5669637.83], [6434259.2825, 5669634.6384], [6434261.08, 5669633.129000001], [6434284.5481, 5669613.815400001], [6434297.5043, 5669603.152899999], [6434298.712, 5669602.159], [6434314.2711, 5669589.346999999], [6434327.0659, 5669578.8112], [6434330.09, 5669576.321], [6434348.5568, 5669561.081], [6434357.8506, 5669553.4111], [6434372.251, 5669541.527000001], [6434376.1094, 5669538.304], [6434390.649, 5669526.159], [6434398.391, 5669519.692], [6434419.0769, 5669502.453], [6434428.8439, 5669494.3135], [6434429.718, 5669493.585000001], [6434430.189, 5669493.192], [6434434.972, 5669488.637], [6434435.8389, 5669487.8113], [6434435.9239, 5669487.7303], [6434433.4125, 5669482.2958], [6434422.6123, 5669472.3958], [6434389.7061, 5669431.4811], [6434282.4629, 5669295.1394], [6434222.7709, 5669219.432499999], [6434203.8289, 5669195.024], [6434109.2198, 5669074.690400001], [6434032.2524, 5668976.765000001], [6434007.0536, 5668944.707599999], [6433964.6899, 5668890.786499999], [6433883.7999, 5668773.7743], [6433881.6408, 5668771.032199999], [6433903.8965, 5668753.508300001], [6433932.7947, 5668730.7541000005], [6433959.2256, 5668709.942600001], [6433993.6883, 5668682.8071], [6434006.0484, 5668673.0748], [6434012.1281, 5668668.287799999], [6434028.4321, 5668655.450200001], [6434036.5876, 5668649.0285], [6434051.076, 5668637.6206], [6434070.3023, 5668622.482000001], [6434073.2075, 5668620.194399999], [6434085.5131, 5668610.505100001], [6434114.1641, 5668587.945599999], [6434122.6104, 5668581.2951], [6434151.6942, 5668558.3947], [6434165.4873, 5668547.5342], [6434182.0277, 5668534.510399999], [6434204.332, 5668516.9483], [6434211.6758, 5668511.1658], [6434220.5753, 5668504.158399999], [6434236.7249, 5668491.442399999], [6434241.2863, 5668487.8508], [6434263.2428, 5668470.5624], [6434279.2017, 5668457.9965], [6434300.0322, 5668441.594799999], [6434315.0579, 5668429.763699999], [6434330.0058, 5668417.993899999], [6434353.4013, 5668399.5725], [6434354.2041, 5668398.940400001], [6434363.39, 5668391.7075], [6434368.9848, 5668387.302200001], [6434381.8959, 5668377.1361], [6434388.592, 5668371.863700001], [6434405.4149, 5668358.6175], [6434417.9943, 5668348.7126], [6434429.4158, 5668339.7194], [6434438.9119, 5668332.2423], [6434450.674, 5668322.980900001], [6434451.3371, 5668322.458799999], [6434461.9297, 5668314.1183], [6434467.9278, 5668309.395500001], [6434473.2688, 5668305.1899999995], [6434486.2076, 5668295.0021], [6434508.3899, 5668277.536], [6434512.8159, 5668274.051000001], [6434519.6758, 5668268.649499999], [6434521.325, 5668267.351], [6434549.7323, 5668244.9998], [6434561.7761, 5668235.523600001], [6434568.002, 5668230.625], [6434586.5166, 5668216.2535999995], [6434596.709, 5668208.342], [6434599.2363, 5668206.5253], [6434616.507, 5668194.109999999], [6434626.3509, 5668187.4793], [6434634.325, 5668182.107999999], [6434636.4404, 5668180.7019], [6434660.5212, 5668164.6952], [6434671.9461, 5668157.101], [6434694.7962, 5668141.9123], [6434709.3624, 5668132.2301], [6434711.902, 5668130.541999999], [6434733.3733, 5668116.3442], [6434742.9599, 5668110.005100001], [6434774.9259, 5668088.8675999995], [6434790.1751, 5668078.7842], [6434817.3301, 5668060.828], [6434817.4807, 5668060.728399999], [6434829.0422, 5668053.0835], [6434835.3097, 5668048.939099999], [6434843.697, 5668043.392999999], [6434855.4363, 5668035.482799999], [6434856.4927, 5668034.771], [6434863.597, 5668029.983999999], [6434866.9772, 5668027.8016], [6434878.869, 5668020.124], [6434881.4162, 5668018.4144], [6434886.721, 5668014.854], [6434887.8503, 5668014.0934], [6434897.843, 5668007.363], [6434906.4049, 5668001.4328000005], [6434907.612, 5668000.5967999995], [6434911.6619, 5667997.7917], [6434914.1974, 5667996.035599999], [6434915.616, 5667995.052999999], [6434922.0571, 5667990.249399999], [6434926.8975, 5667986.6395], [6434931.48, 5667983.221999999], [6434935.6951, 5667979.880799999], [6434940.6871, 5667975.923900001], [6434943.832, 5667973.431], [6434954.1604, 5667964.6391], [6434956.7088, 5667962.469799999], [6434961.935, 5667958.021], [6434968.6426, 5667951.978700001], [6434972.3724, 5667948.618799999], [6434980.2143, 5667941.5547], [6434985.2068, 5667937.0572999995], [6434988.1502, 5667934.4059], [6434991.228, 5667931.633300001], [6434991.779, 5667931.137], [6434994.3169, 5667928.933800001], [6434996.5029, 5667927.036], [6435000.3005, 5667923.7392], [6435000.629, 5667923.454], [6435012.0302, 5667913.078600001], [6435014.4389, 5667910.886600001], [6435024.096, 5667902.0984000005], [6435025.27, 5667901.029999999], [6435041.6887, 5667886.3617], [6435047.0264, 5667881.5931], [6435053.081, 5667876.184], [6435066.0878, 5667864.393300001], [6435068.0924, 5667862.576199999], [6435070.0991, 5667860.757099999], [6435077.2051, 5667854.3155000005], [6435129.0982, 5667810.3376], [6435173.5129, 5667774.564200001], [6435280.543, 5667704.4], [6435283.7492, 5667702.646400001], [6435288.3685, 5667700.119999999], [6435290.8703, 5667698.751800001], [6435298.0789, 5667694.8092], [6435301.1465, 5667693.1314], [6435307.4669, 5667689.6746], [6435310.724, 5667687.893200001], [6435314.701, 5667685.7181], [6435316.3341, 5667684.824999999], [6435318.0627, 5667683.8795], [6435320.3447, 5667682.6315], [6435323.378, 5667680.9725], [6435325.9741, 5667679.5526], [6435330.2507, 5667677.2136], [6435331.0385, 5667676.7827], [6435335.1155, 5667674.5529], [6435335.9378, 5667674.1032], [6435336.0347, 5667674.0502], [6435340.64, 5667671.531400001], [6435343.2359, 5667670.1117], [6435345.6326, 5667668.800899999], [6435345.6791, 5667668.7754999995], [6435346.755, 5667669.290999999], [6435371.0388, 5667680.9683], [6435387.0716, 5667688.6779], [6435391.337, 5667690.729], [6435410.169, 5667699.966], [6435412.9978, 5667701.278899999], [6435427.039, 5667707.796], [6435431.8392, 5667710.1337], [6435448.76, 5667718.374], [6435463.1765, 5667725.2224], [6435473.0085, 5667729.892999999], [6435498.242, 5667741.880000001], [6435512.913, 5667749.09], [6435514.3866, 5667749.7985], [6435531.2169, 5667757.8904], [6435559.3586, 5667771.420700001], [6435573.127, 5667778.0404], [6435608.863, 5667795.221999999], [6435614.3411, 5667797.861099999], [6435622.3528, 5667801.720799999], [6435626.9963, 5667803.957800001], [6435636.593, 5667808.581], [6435644.4598, 5667812.3466], [6435658.1378, 5667818.8938], [6435664.792, 5667822.079], [6435733.7254, 5667852.3156], [6435744.1667, 5667855.8453], [6435750.7324, 5667858.0648], [6435797.0305, 5667874.2271], [6436061.2016, 5667966.7599], [6436093.7851, 5667977.6872000005], [6436117.118, 5667985.0666000005], [6436461.883, 5668103.2611], [6436612.6255, 5668154.039799999], [6436758.9853, 5668204.8715], [6436804.5827, 5668221.872199999], [6436792.8254, 5668253.406400001], [6436789.1175, 5668301.1822], [6436788.9781, 5668302.3136], [6436787.5635, 5668318.9125], [6436783.5647, 5668340.0569], [6436781.4334, 5668346.190300001], [6436772.1623, 5668367.4695], [6436763.3496, 5668384.413000001], [6436757.5081, 5668392.7807], [6436755.8873, 5668395.0918000005], [6436726.9527, 5668436.512399999], [6436701.8312, 5668467.643999999], [6436700.8813, 5668469.0034], [6436698.7179, 5668472.182600001], [6436696.5024, 5668475.748299999], [6436693.3987, 5668480.970799999], [6436689.7096, 5668487.770099999], [6436687.5421, 5668491.420700001], [6436685.5516, 5668494.8113], [6436682.9995, 5668498.6011], [6436679.6845, 5668502.674000001], [6436676.0338, 5668506.8871], [6436672.421, 5668510.7314], [6436669.5228, 5668514.7826000005], [6436666.5598, 5668518.2412], [6436664.3122, 5668520.4427000005], [6436661.3612, 5668524.2097], [6436658.6772, 5668528.4032000005], [6436654.4481, 5668534.6971], [6436651.2885, 5668539.187000001], [6436648.7149, 5668543.251599999], [6436646.3418, 5668547.0659], [6436643.7813, 5668551.499399999], [6436640.2984, 5668558.6261], [6436638.3082, 5668563.0353], [6436635.7253, 5668568.1021], [6436633.041, 5668572.867699999], [6436630.1405, 5668577.449100001], [6436628.0645, 5668581.0623], [6436625.2809, 5668586.8673], [6436622.6857, 5668592.0229], [6436620.7204, 5668596.6613], [6436618.4951, 5668602.1702], [6436615.4542, 5668607.9136], [6436610.3371, 5668616.999399999], [6436608.3264, 5668620.4596], [6436606.6606, 5668623.896400001], [6436604.7581, 5668628.3083], [6436598.4523, 5668640.5483], [6436596.6731, 5668643.237600001], [6436595.1999, 5668645.989700001], [6436592.7864, 5668651.3759], [6436587.3317, 5668662.215500001], [6436582.3848, 5668671.4167], [6436577.0009, 5668682.529999999], [6436572.2725, 5668690.4893], [6436570.3163, 5668694.279100001], [6436568.5864, 5668697.674000001], [6436566.4751, 5668701.004899999], [6436564.3918, 5668704.7009], [6436562.1121, 5668708.975299999], [6436560.8093, 5668712.227700001], [6436558.1459, 5668717.914899999], [6436554.7089, 5668722.4438000005], [6436552.2096, 5668725.661900001], [6436547.957, 5668732.8674], [6436542.4332, 5668737.004799999], [6436539.3238, 5668739.2497000005], [6436535.9754, 5668743.648499999], [6436531.5234, 5668748.100500001], [6436525.2928, 5668752.6252999995], [6436519.1436, 5668756.23], [6436514.2026, 5668758.8123], [6436508.1748, 5668761.358100001], [6436501.8772, 5668764.2228999995], [6436497.124, 5668766.096899999], [6436493.2262, 5668767.6909], [6436486.1473, 5668769.947899999], [6436479.5716, 5668770.7479], [6436476.4082, 5668771.2589], [6436472.9508, 5668772.2782000005], [6436468.7811, 5668773.8368999995], [6436463.7939, 5668775.1044], [6436460.8946, 5668775.235200001], [6436460.8786, 5668775.242799999], [6436454.056, 5668779.0846], [6436448.5396, 5668780.330600001], [6436445.2006, 5668781.0998], [6436440.9649, 5668782.42], [6436436.177, 5668783.6697], [6436431.2142, 5668784.6141], [6436422.731, 5668787.0079], [6436420.0226, 5668787.6982], [6436414.6222, 5668789.277899999], [6436409.5157, 5668790.6676], [6436404.856, 5668792.117699999], [6436400.9607, 5668793.3356], [6436397.1966, 5668794.796800001], [6436392.5065, 5668796.259299999], [6436389.4866, 5668797.0057], [6436384.76, 5668798.4442], [6436379.5794, 5668800.159499999], [6436376.5616, 5668801.6194], [6436371.961, 5668803.3697999995], [6436366.3301, 5668804.999500001], [6436362.3847, 5668806.574200001], [6436356.1811, 5668809.3202], [6436353.9003, 5668810.639900001], [6436350.7859, 5668813.082], [6436347.942, 5668815.6229], [6436345.2747, 5668818.216499999], [6436342.2812, 5668821.2291], [6436338.3955, 5668825.3474], [6436329.6584, 5668834.8782], [6436326.5365, 5668837.919500001], [6436325.0719, 5668839.883199999], [6436322.4648, 5668843.4350000005], [6436319.4962, 5668847.6512], [6436317.3171, 5668850.4142], [6436315.8323, 5668852.694], [6436315.8513, 5668853.7607], [6436315.7135, 5668858.5823], [6436314.6948, 5668863.658500001], [6436313.8417, 5668867.1088], [6436312.9135, 5668871.2893], [6436311.9911, 5668874.8741999995], [6436311.7461, 5668876.183800001], [6436311.8082, 5668878.255899999], [6436310.1008, 5668886.643999999], [6436310.0807, 5668887.2269], [6436308.9609, 5668891.3484000005], [6436307.3853, 5668895.3846], [6436305.8722, 5668898.867799999], [6436302.6372, 5668906.481000001], [6436297.6243, 5668916.6346], [6436295.4791, 5668920.810699999], [6436293.721, 5668924.998299999], [6436292.3837, 5668928.3254], [6436289.2191, 5668935.7729], [6436286.6018, 5668939.129000001], [6436281.6819, 5668946.463099999], [6436279.449, 5668948.8028], [6436278.2148, 5668950.7305], [6436276.5891, 5668954.683], [6436273.1645, 5668959.8607], [6436269.4186, 5668963.8528], [6436263.1148, 5668971.0592], [6436255.9252, 5668979.067600001], [6436253.2904, 5668982.2688], [6436250.5198, 5668985.0189], [6436248.026, 5668987.67], [6436244.7143, 5668991.013499999], [6436220.9935, 5669015.738700001], [6436185.6054, 5669051.126700001], [6436167.2245, 5669063.5918000005], [6436166.9031, 5669063.976], [6436164.5065, 5669065.5397], [6436160.934, 5669068.0611000005], [6436156.2356, 5669072.616599999], [6436146.7109, 5669080.414100001], [6436140.3247, 5669086.660499999], [6436137.118, 5669090.0813], [6436132.7011, 5669095.0777], [6436127.8022, 5669100.104699999], [6436122.075, 5669108.889900001], [6436117.635, 5669114.634199999], [6436115.5617, 5669118.831800001], [6436112.0546, 5669125.0386], [6436109.5702, 5669129.025599999], [6436108.273, 5669132.7359], [6436108.2647, 5669138.9322999995], [6436107.7871, 5669149.498500001], [6436108.4318, 5669160.3226], [6436109.491, 5669168.5756], [6436111.0368, 5669178.9299], [6436111.686, 5669187.539999999], [6436113.1538, 5669194.3387], [6436113.878, 5669210.020400001], [6436111.4349, 5669220.046599999], [6436109.7626, 5669227.2534], [6436107.3801, 5669233.602299999], [6436104.9523, 5669239.3314], [6436103.0282, 5669244.141799999], [6436100.9085, 5669249.1094], [6436095.2586, 5669260.054099999], [6436091.1396, 5669265.372099999], [6436088.227, 5669270.547800001], [6436083.6226, 5669276.2629], [6436079.9343, 5669279.892100001], [6436076.4048, 5669282.960200001], [6436072.0862, 5669286.4991999995], [6436067.0659, 5669290.3356], [6436062.342, 5669293.908399999], [6436050.6642, 5669301.584799999], [6436045.8637, 5669304.4583], [6436037.5705, 5669308.2489], [6436027.348, 5669313.1655], [6436018.1223, 5669318.349300001], [6436003.3377, 5669330.026799999], [6436003.0458, 5669330.550899999], [6436000.5242, 5669333.982999999], [6435996.8651, 5669335.793199999], [6435990.1022, 5669340.2224], [6435978.9512, 5669346.7952], [6435968.2989, 5669352.9747], [6435965.8677, 5669354.588400001], [6435954.3162, 5669361.5798], [6435938.1598, 5669372.784499999], [6435933.3053, 5669376.6701], [6435930.2364, 5669378.805500001], [6435922.3038, 5669383.7371], [6435913.3208, 5669392.7446], [6435911.1429, 5669396.7095], [6435910.2012, 5669399.2785], [6435905.574, 5669414.0513], [6435904.9299, 5669416.093900001], [6435901.6624, 5669429.9276], [6435899.9713, 5669446.5757], [6435900.4988, 5669464.6215], [6435902.2829, 5669487.640699999], [6435902.4181, 5669494.306500001], [6435900.6703, 5669515.528100001], [6435899.2756, 5669527.465399999], [6435897.3585, 5669536.840299999], [6435892.7634, 5669550.5397], [6435889.6065, 5669558.4484], [6435883.4607, 5669569.8212], [6435877.5131, 5669581.3478999995], [6435871.0614, 5669592.1757], [6435865.2727, 5669603.481699999], [6435858.4315, 5669614.853599999], [6435850.2157, 5669630.879899999], [6435837.6944, 5669654.0341], [6435830.119, 5669667.8083999995], [6435822.3175, 5669681.122099999], [6435813.4166, 5669696.151699999], [6435801.9684, 5669713.1799], [6435794.3526, 5669724.6699], [6435782.2692, 5669742.246099999], [6435772.1962, 5669759.2008], [6435756.2482, 5669782.990700001], [6435736.4576, 5669812.730599999], [6435722.7659, 5669833.5021], [6435711.0574, 5669851.0714], [6435698.3577, 5669871.0352], [6435676.663, 5669903.8927], [6435659.6581, 5669930.4899], [6435647.5114, 5669955.3993999995], [6435637.1295, 5669978.012800001], [6435627.7035, 5669998.965], [6435616.9985, 5670022.4157], [6435607.7484, 5670042.5714], [6435604.0402, 5670049.7761], [6435595.0529, 5670066.7443], [6435589.6181, 5670077.9209], [6435580.9604, 5670099.138800001], [6435570.0237, 5670123.0886], [6435563.6143, 5670135.0296], [6435548.744, 5670166.5984000005], [6435541.5696, 5670164.276699999], [6435538.026, 5670163.130000001], [6435489.348, 5670261.664000001], [6435461.403, 5670297.972999999], [6435412.741, 5670341.211999999], [6435329.046, 5670387.704], [6435263.203, 5670431.681]]]}, "properties": {"OBJECTID": 3, "NROSIEDLA": 42, "NAZWAOSIEDLA": "Sołtysowice", "SHAPE.AREA": 4547041.07979846, "SHAPE.LEN": 9003.77322982963, "DATA": 1453334400000}}, {"type": "Feature", "id": 4, "geometry": {"type": "Polygon", "coordinates": [[[6437233.661, 5657388.908], [6437272.742, 5657452.362], [6437282.036, 5657466.731000001], [6437343.3515, 5657568.9474], [6437351.585, 5657582.673], [6437381.07, 5657638.291999999], [6437403.592, 5657687.073999999], [6437399.162, 5657693.757999999], [6437389.211, 5657707.858999999], [6437357.037, 5657767.382999999], [6437350.588, 5657789.892999999], [6437345.803, 5657817.723999999], [6437334.686, 5657839.550000001], [6437314.336, 5657867.808], [6437264.38, 5657909.523], [6437190.036, 5657950.532], [6437148.683, 5657987.523], [6437135.22, 5658005.527000001], [6437103.95, 5658061.018999999], [6437083.799, 5658102.425000001], [6437051.658, 5658182.581], [6437033.64, 5658203.48], [6437028.313, 5658209.574999999], [6437010.546, 5658225.601], [6436989.046, 5658241.362], [6436926.719, 5658282.328], [6436905.521, 5658300.675000001], [6436888.889, 5658310.506999999], [6436863.1775, 5658324.367699999], [6436838.088, 5658337.892999999], [6436825.705, 5658344.223999999], [6436822.57, 5658346.322000001], [6436809.331, 5658358.014], [6436796.86, 5658374.426999999], [6436777.357, 5658408.847999999], [6436775.146, 5658413.744999999], [6436757.337, 5658450.986], [6436752.0158, 5658460.4789], [6436742.39, 5658477.651000001], [6436733.556, 5658493.148], [6436706.631, 5658532.774], [6436698.3865, 5658542.6589], [6436620.655, 5658635.856000001], [6436612.672, 5658640.7095], [6436611.005, 5658641.722999999], [6436601.3692, 5658638.184], [6436597.6741, 5658633.135399999], [6436589.2609, 5658627.265000001], [6436589.2548, 5658627.2607], [6436563.3549, 5658607.698100001], [6436510.7938, 5658567.998], [6436503.3464, 5658562.3729], [6436503.0795, 5658561.9593], [6436323.5008, 5658283.7173999995], [6436266.3669, 5658195.193399999], [6436259.4791, 5658182.1458], [6436222.4817, 5658109.588400001], [6436213.3979, 5658071.186000001], [6436192.3279, 5657990.056], [6436166.5896, 5657904.1121], [6436156.9404, 5657873.547], [6436132.9578, 5657803.8127], [6436109.7139, 5657748.8903], [6436106.523, 5657736.3981], [6436105.4334, 5657730.630999999], [6436103.9742, 5657726.5583999995], [6436077.5174, 5657631.603399999], [6436051.9905, 5657539.9858], [6436044.0582, 5657511.6401], [6436023.5734, 5657462.434699999], [6435986.7347, 5657403.016000001], [6435982.9958, 5657397.320800001], [6435981.0057, 5657388.0603], [6435973.1739, 5657351.616900001], [6435968.3311, 5657310.793199999], [6435969.1935, 5657306.842599999], [6435963.7496, 5657233.0693], [6435962.469, 5657215.715], [6435961.421, 5657210.957], [6435963.03, 5657210.4399999995], [6435970.66, 5657208.039999999], [6435985.1265, 5657203.4735], [6436044.758, 5657184.65], [6436063.6, 5657178.76], [6436104.01, 5657166.1], [6436161.234, 5657148.172], [6436262.04, 5657116.33], [6436270.014, 5657113.8379999995], [6436280.87, 5657112.627], [6436315.301, 5657109.279999999], [6436338.7605, 5657106.494100001], [6436496.919, 5657087.711999999], [6436638.305, 5657075.0309999995], [6436732.6832, 5657065.2294], [6436775.641, 5657060.767999999], [6436796.432, 5657059.866], [6436798.917, 5657070.236], [6436799.054, 5657071.705], [6436945.878, 5657067.208000001], [6437126.75, 5657070.664999999], [6437233.661, 5657388.908]]]}, "properties": {"OBJECTID": 4, "NROSIEDLA": 18, "NAZWAOSIEDLA": "Bieńkowice", "SHAPE.AREA": 1433160.80804193, "SHAPE.LEN": 4760.314072353371, "DATA": 1453334400000}}, {"type": "Feature", "id": 5, "geometry": {"type": "Polygon", "coordinates": [[[6425733.8685, 5665795.7754999995], [6425724.1666, 5665798.5045], [6425716.6001, 5665800.6328], [6425712.1617, 5665801.799000001], [6425667.3378, 5665814.322000001], [6425663.8578, 5665815.294199999], [6425611.7787, 5665830.0561999995], [6425601.5123, 5665832.9662], [6425592.3349, 5665835.567500001], [6425553.5006, 5665846.3807], [6425497.475, 5665861.980599999], [6425456.1372, 5665873.490800001], [6425435.8557, 5665879.1381], [6425418.2321, 5665884.045299999], [6425389.598, 5665892.018300001], [6425353.0122, 5665902.268999999], [6425345.214, 5665904.4539], [6425306.3846, 5665915.3333], [6425287.5938, 5665920.598200001], [6425281.0188, 5665922.440400001], [6425278.9836, 5665923.022600001], [6425272.3802, 5665924.911699999], [6425255.2894, 5665929.801000001], [6425243.7266, 5665933.108899999], [6425236.2113, 5665935.2588], [6425233.5959, 5665935.987199999], [6425178.6482, 5665951.2894], [6425137.3041, 5665963.017000001], [6425069.3962, 5665981.773800001], [6424999.9303, 5666001.2475000005], [6424964.6193, 5666011.3234], [6424851.6615, 5666044.3895], [6424786.8077, 5666063.8595], [6424756.6999, 5666072.680500001], [6424681.7966, 5666094.5876], [6424644.7308, 5666105.140799999], [6424625.3967, 5666110.6271], [6424613.9707, 5666113.6873], [6424586.1121, 5666121.6865], [6424565.4014, 5666127.218900001], [6424535.5136, 5666135.7436999995], [6424473.1447, 5666153.186000001], [6424460.0959, 5666156.997300001], [6424438.2427, 5666162.918299999], [6424300.498, 5666201.409700001], [6424146.2076, 5666244.822799999], [6424038.1544, 5666274.9679000005], [6424029.914, 5666277.1423], [6423971.0833, 5666292.386700001], [6423929.5538, 5666303.1479], [6423869.6195, 5666318.757999999], [6423796.7753, 5666338.1436], [6423708.4043, 5666361.6612], [6423601.0097, 5666390.2415], [6423493.062, 5666418.9690000005], [6423400.3259, 5666445.594900001], [6423270.1056, 5666483.5714], [6423207.6857, 5666499.809900001], [6423120.8788, 5666519.520099999], [6422998.8908, 5666551.7425], [6422997.5092, 5666552.1074], [6422996.389, 5666552.4033], [6422986.3621, 5666555.051899999], [6422926.7986, 5666569.876800001], [6422843.2041, 5666592.8664], [6422780.4061, 5666611.4651], [6422742.7483, 5666622.8443], [6422624.3949, 5666370.516100001], [6422577.7718, 5666271.1163], [6422541.1085, 5666194.3825], [6422470.4831, 5665953.9615], [6422610.56, 5665912.5370000005], [6422698.306, 5665883.210999999], [6422892.8994, 5665817.550899999], [6422893.427, 5665817.3727], [6422902.815, 5665814.176999999], [6422918.936, 5665808.33], [6422920.5657, 5665807.651699999], [6422920.9976, 5665807.471999999], [6422923.2013, 5665806.5548], [6422928.7462, 5665804.2469999995], [6422930.433, 5665803.545], [6422930.619, 5665803.4563], [6422932.6966, 5665802.4657000005], [6422933.8373, 5665801.9219], [6422934.5675, 5665801.5737], [6422936.6347, 5665800.588099999], [6422938.1553, 5665799.8631], [6422940.5143, 5665798.738299999], [6422948.231, 5665795.059], [6422949.9567, 5665794.1504999995], [6422954.6334, 5665791.6885], [6422964.7301, 5665786.373199999], [6422970.8064, 5665783.1744], [6422979.4558, 5665778.621099999], [6422981.6994, 5665777.4399], [6422982.9254, 5665776.794500001], [6422983.0941, 5665776.705800001], [6422983.5766, 5665776.4517], [6422984.1552, 5665776.1471], [6422984.408, 5665776.014], [6422985.4825, 5665775.3529], [6422985.8298, 5665775.1394], [6422986.4827, 5665774.7377], [6422987.2658, 5665774.255799999], [6422987.5559, 5665774.077400001], [6422987.6324, 5665774.0304000005], [6422990.9277, 5665772.0031], [6422991.9595, 5665771.3683], [6422993.2454, 5665770.577199999], [6422995.6902, 5665769.073100001], [6422996.7348, 5665768.430500001], [6423009.1205, 5665760.810699999], [6423010.946, 5665759.6876], [6423016.303, 5665756.392000001], [6423016.6946, 5665756.1009], [6423020.9811, 5665752.9147], [6423021.055, 5665752.8598], [6423022.1305, 5665752.0604], [6423024.5016, 5665750.297900001], [6423025.8904, 5665749.2656], [6423026.9501, 5665748.4779], [6423027.6942, 5665747.924799999], [6423031.798, 5665744.875], [6423032.1478, 5665744.5702], [6423035.2701, 5665741.850199999], [6423036.7936, 5665740.5229], [6423037.403, 5665739.992000001], [6423039.2913, 5665738.347200001], [6423041.4723, 5665736.4475], [6423043.009, 5665735.108999999], [6423045.6822, 5665732.7804000005], [6423048.7988, 5665730.0655000005], [6423051.5048, 5665727.7082], [6423054.22, 5665725.343], [6423055.5415, 5665724.236400001], [6423057.9183, 5665722.246099999], [6423060.5411, 5665720.049900001], [6423066.5966, 5665714.9792], [6423069.1819, 5665712.814300001], [6423070.7927, 5665711.465500001], [6423073.3489, 5665709.324999999], [6423075.3572, 5665707.643300001], [6423075.9947, 5665707.1095], [6423078.109, 5665705.339], [6423078.3409, 5665705.0228], [6423078.8614, 5665704.313100001], [6423079.3361, 5665703.665999999], [6423079.3508, 5665703.5396], [6423079.4141, 5665702.9946], [6423079.4374, 5665702.794], [6423080.5981, 5665701.5451], [6423084.3522, 5665697.507099999], [6423086.7828, 5665694.8928], [6423097.7805, 5665683.0635], [6423098.587, 5665682.196], [6423105.8332, 5665674.4033], [6423119.4088, 5665659.8039], [6423124.7884, 5665654.0187], [6423144.4301, 5665632.8957], [6423146.9824, 5665630.150900001], [6423164.2847, 5665611.5438], [6423175.1648, 5665599.8432], [6423189.9702, 5665583.9212], [6423195.3595, 5665578.125499999], [6423205.5617, 5665567.153899999], [6423214.6962, 5665557.330600001], [6423220.3182, 5665551.284600001], [6423229.5318, 5665541.3762], [6423240.6246, 5665529.446799999], [6423252.7816, 5665516.373], [6423259.975, 5665508.6371], [6423274.8505, 5665492.639799999], [6423283.5274, 5665483.308499999], [6423297.7313, 5665468.033500001], [6423308.7361, 5665456.1987], [6423309.9835, 5665454.8572], [6423316.465, 5665447.887], [6423323.9097, 5665439.8814], [6423331.6845, 5665431.5209], [6423339.4276, 5665423.194399999], [6423354.7883, 5665406.6765], [6423362.167, 5665398.741900001], [6423376.5635, 5665383.2608], [6423386.9517, 5665372.09], [6423398.2649, 5665359.9246], [6423404.2811, 5665353.4551], [6423421.7378, 5665334.6833], [6423428.3928, 5665327.526900001], [6423452.1492, 5665301.980699999], [6423452.858, 5665301.2184999995], [6423473.4077, 5665279.1206], [6423481.43, 5665270.494000001], [6423487.562, 5665263.9], [6423489.837, 5665261.4538], [6423490.1637, 5665261.102499999], [6423490.9904, 5665260.2136], [6423496.6261, 5665254.152899999], [6423498.6812, 5665251.9429], [6423502.6507, 5665247.6742], [6423506.8245, 5665243.185699999], [6423514.262, 5665235.1876], [6423524.3403, 5665224.3496], [6423534.0076, 5665213.953600001], [6423537.2553, 5665210.461100001], [6423542.1075, 5665205.2432], [6423544.6364, 5665202.523600001], [6423546.9116, 5665200.0769], [6423551.9561, 5665194.6522], [6423553.499, 5665192.993000001], [6423555.017, 5665194.2530000005], [6423557.9816, 5665191.039799999], [6423561.0087, 5665187.759], [6423561.99, 5665186.6953], [6423565.3909, 5665183.009299999], [6423567.7951, 5665180.4035], [6423571.2167, 5665176.695], [6423572.7018, 5665175.0854], [6423575.7823, 5665171.7466], [6423578.2684, 5665169.052100001], [6423578.5362, 5665168.7618], [6423582.2533, 5665164.733100001], [6423582.8327, 5665164.1052], [6423584.0757, 5665162.7579], [6423584.5659, 5665162.226600001], [6423587.7521, 5665158.7733], [6423588.138, 5665158.355], [6423590.4006, 5665155.9024], [6423590.8394, 5665155.4268], [6423594.5007, 5665151.458000001], [6423594.6495, 5665151.296700001], [6423596.3313, 5665149.4737], [6423599.177, 5665146.389], [6423598.4313, 5665145.603599999], [6423597.994, 5665145.142999999], [6423597.8216, 5665144.9617], [6423598.0362, 5665144.675100001], [6423598.437, 5665144.139699999], [6423598.9507, 5665143.453299999], [6423601.4321, 5665140.1382], [6423602.5464, 5665138.649599999], [6423607.3737, 5665132.200300001], [6423609.3596, 5665129.5473], [6423613.3556, 5665124.208699999], [6423637.9962, 5665091.289100001], [6423639.131, 5665089.773], [6423647.3206, 5665078.964299999], [6423667.7523, 5665051.998400001], [6423679.9932, 5665035.842700001], [6423692.0093, 5665019.9837], [6423697, 5665013.397], [6423704.3316, 5665003.739600001], [6423707.749, 5664999.238], [6423719.2708, 5664984.7941], [6423728.4829, 5664973.2455], [6423732.041, 5664968.785], [6423752.0908, 5664944.3127], [6423763.359, 5664930.559], [6423776.613, 5664909.419], [6423781.2264, 5664901.846999999], [6423789.2685, 5664888.647399999], [6423802.097, 5664867.592], [6423808.9954, 5664857.0001], [6423815.3014, 5664847.3178], [6423827.593, 5664828.445], [6423831.2712, 5664823.001], [6423843.2595, 5664805.2575], [6423843.322, 5664805.164999999], [6423855.304, 5664787.140000001], [6423861.4009, 5664776.963400001], [6423869.1156, 5664764.0866], [6423877.349, 5664750.3440000005], [6423885.099, 5664734.671], [6423889.305, 5664726.7719], [6423891.6719, 5664722.3269], [6423895.3161, 5664715.482799999], [6423895.9747, 5664714.245999999], [6423913.797, 5664680.775], [6423925.2769, 5664658.8268], [6423929.4286, 5664650.8892], [6423936.5858, 5664637.205600001], [6423937.968, 5664634.562999999], [6423939.0575, 5664632.103800001], [6423939.282, 5664631.596999999], [6423952.3095, 5664609.8126], [6423952.6182, 5664609.296399999], [6423953.1444, 5664608.4167], [6423954.9793, 5664605.3477], [6423956.5782, 5664602.674000001], [6423958.238, 5664599.898], [6423959.8309, 5664597.235200001], [6423960.8374, 5664595.5527], [6423962.6016, 5664592.6032], [6423963.4887, 5664591.1203000005], [6423964.2487, 5664589.8498], [6423965.5014, 5664587.7552000005], [6423968.1918, 5664583.257300001], [6423970.481, 5664579.43], [6423971.363, 5664577.949999999], [6423974.0169, 5664573.3248], [6423975.2299, 5664571.2108], [6423975.6428, 5664570.4911], [6423976.6916, 5664568.6633], [6423984.1884, 5664555.5977], [6423990.0916, 5664545.309599999], [6423991.655, 5664542.585000001], [6423992.7694, 5664540.527000001], [6424002.1947, 5664523.1205], [6424003.0012, 5664521.630999999], [6424007.2036, 5664513.870200001], [6424008.8211, 5664510.882999999], [6424011.326, 5664506.256999999], [6424014.0845, 5664501.078400001], [6424019.3913, 5664491.116], [6424025.3201, 5664479.9859], [6424025.8024, 5664479.080499999], [6424030.1732, 5664470.8752999995], [6424031.6235, 5664468.1526999995], [6424035.7764, 5664460.3563], [6424039.222, 5664453.888], [6424040.8719, 5664450.766899999], [6424048.2794, 5664436.7544], [6424052.8656, 5664428.0789], [6424053.2643, 5664427.3248], [6424053.5853, 5664426.717499999], [6424054.2839, 5664425.396], [6424054.7614, 5664424.492699999], [6424054.877, 5664424.2742], [6424057.4301, 5664419.444399999], [6424058.5906, 5664417.2491], [6424060.7078, 5664413.244100001], [6424062.0196, 5664410.762700001], [6424062.3742, 5664410.0919], [6424064.8738, 5664405.363500001], [6424075.0623, 5664386.090299999], [6424076.7426, 5664382.911800001], [6424080.361, 5664376.067], [6424083.479, 5664370.159], [6424087.4225, 5664362.8730999995], [6424089.7001, 5664358.664999999], [6424098.6283, 5664342.169399999], [6424101.029, 5664337.7338], [6424103.6047, 5664332.975099999], [6424107.191, 5664326.348999999], [6424108.2075, 5664323.648499999], [6424109.7236, 5664319.6206], [6424109.8669, 5664319.2399], [6424109.9003, 5664319.1511], [6424110.3743, 5664317.891799999], [6424110.578, 5664317.350500001], [6424111.0624, 5664316.0635], [6424111.0856, 5664316.002], [6424111.4671, 5664314.988500001], [6424111.532, 5664314.816], [6424113.6468, 5664309.1976], [6424148.0342, 5664313.7722], [6424175.9478, 5664317.674799999], [6424220.0474, 5664323.8793], [6424274.0225, 5664331.1818], [6424329.9026, 5664338.9606], [6424381.1789, 5664346.1044], [6424427.2165, 5664353.5656], [6424468.0153, 5664361.185699999], [6424504.108, 5664369.021600001], [6424506.4257, 5664369.4758], [6424597.8488, 5664387.388699999], [6424613.085, 5664390.213099999], [6424619.5135, 5664391.421], [6424633.9413, 5664394.307499999], [6424639.3871, 5664395.397], [6424666.1277, 5664400.7468], [6424726.8243, 5664400.328199999], [6424758.3687, 5664399.7817], [6424785.8854, 5664399.4179], [6424800.0076, 5664399.1533], [6424814.9896, 5664398.855699999], [6424829.4425, 5664398.524900001], [6424838.7691, 5664398.3926], [6424856.6285, 5664397.9627], [6424878.9858, 5664397.7643], [6424894.3648, 5664397.5327], [6424910.1737, 5664397.235099999], [6424926.8094, 5664397.0035999995], [6424941.9899, 5664396.639799999], [6424955.4506, 5664396.5075], [6424966.6292, 5664396.242900001], [6425026.0752, 5664395.269400001], [6425028.2859, 5664395.233200001], [6425035.79, 5664395.044600001], [6425037.6094, 5664395.0034], [6425126.4225, 5664394.6006000005], [6425187.7669, 5664394.6006000005], [6425242.4128, 5664392.3078000005], [6425287.1721, 5664388.0997], [6425326.0012, 5664384.107899999], [6425326.0037, 5664384.0748], [6425332.067, 5664383.4394000005], [6425313.4564, 5664635.3037], [6425277.2784, 5665105.6171], [6425279.3331, 5665105.8254], [6425279.2798, 5665106.4026], [6425311.9481, 5665109.5217], [6425314.2272, 5665109.7393], [6425318.04, 5665110.7314], [6425320.5753, 5665112.6061], [6425322.3057, 5665115.2016], [6425329.3071, 5665127.695599999], [6425337.6799, 5665145.9202], [6425343.0747, 5665159.418], [6425349.4103, 5665176.714500001], [6425352.626, 5665189.446599999], [6425357.1574, 5665211.6927000005], [6425361.8773, 5665230.0429], [6425363.8559, 5665235.9586], [6425366.6861, 5665240.6206], [6425369.7695, 5665244.492900001], [6425373.5708, 5665247.6392], [6425378.7272, 5665251.0591], [6425383.0469, 5665253.206499999], [6425389.053, 5665254.240700001], [6425395.3838, 5665257.2574000005], [6425401.3807, 5665261.424799999], [6425405.2072, 5665265.1119], [6425409.3498, 5665269.963500001], [6425412.0811, 5665272.7366], [6425415.3582, 5665274.976600001], [6425420.9731, 5665277.604599999], [6425431.6569, 5665281.456], [6425434.7231, 5665282.627599999], [6425452.6634, 5665290.08], [6425456.4299, 5665291.6689], [6425456.5203, 5665291.707], [6425454.9255, 5665296.3303], [6425451.7008, 5665310.2783], [6425450.7494, 5665326.5561], [6425451.4436, 5665335.029999999], [6425452.1582, 5665344.643999999], [6425453.4391, 5665364.084000001], [6425454.2272, 5665378.4494], [6425455.0362, 5665394.6723], [6425455.1069, 5665403.742799999], [6425454.5074, 5665413.036900001], [6425453.4993, 5665424.2008], [6425451.9995, 5665433.2491999995], [6425450.3981, 5665442.503699999], [6425448.0709, 5665454.8089000005], [6425445.5682, 5665466.1095], [6425443.8661, 5665479.221000001], [6425443.3845, 5665491.0901999995], [6425443.3511, 5665503.0732], [6425445.4705, 5665513.9668000005], [6425449.382, 5665527.0495], [6425452.7088, 5665534.308499999], [6425456.017, 5665541.011299999], [6425457.0912, 5665544.2491999995], [6425458.2993, 5665545.9903], [6425458.466, 5665545.898499999], [6425460.561, 5665549.7031], [6425463.5773, 5665553.195599999], [6425467.5108, 5665557.0767], [6425475.4835, 5665564.9431], [6425484.3736, 5665570.9756000005], [6425493.4223, 5665574.3094], [6425502.4656, 5665577.7349], [6425514.3774, 5665582.2469], [6425533.7449, 5665589.3906], [6425555.6525, 5665596.6932], [6425563.5217, 5665600.0657], [6425565.6537, 5665600.9794], [6425583.597, 5665609.1776], [6425584.0688, 5665609.393200001], [6425595.1813, 5665617.0132], [6425604.9561, 5665623.6778], [6425609.1513, 5665626.5382], [6425624.3913, 5665637.9682], [6425649.743, 5665657.4695], [6425651.2201, 5665658.605799999], [6425669.0002, 5665671.1471], [6425680.2715, 5665679.4021000005], [6425686.4627, 5665684.7996], [6425694.8765, 5665694.9596], [6425702.0202, 5665704.167099999], [6425706.7828, 5665714.6446], [6425711.8315, 5665726.287599999], [6425714.5615, 5665732.5834], [6425719.9124, 5665750.8467], [6425720.2252, 5665751.9143], [6425723.262, 5665762.2793000005], [6425729.906, 5665781.6883000005], [6425733.3162, 5665793.8122000005], [6425733.8685, 5665795.7754999995]]]}, "properties": {"OBJECTID": 5, "NROSIEDLA": 32, "NAZWAOSIEDLA": "Żerniki", "SHAPE.AREA": 3908725.82063032, "SHAPE.LEN": 9132.805420883342, "DATA": 1453334400000}}, {"type": "Feature", "id": 6, "geometry": {"type": "Polygon", "coordinates": [[[6426254.0296, 5664383.645400001], [6426250.7634, 5664384.8796], [6426245.7433, 5664386.744100001], [6426239.9105, 5664388.8213], [6426230.7338, 5664392.1709], [6426223.7193, 5664394.3629], [6426218.008, 5664396.051000001], [6426211.7999, 5664398.095000001], [6426210.6346, 5664398.478700001], [6426204.418, 5664400.3434999995], [6426200.4441, 5664402.098099999], [6426198.1974, 5664403.0901], [6426194.4695, 5664404.827299999], [6426187.7807, 5664408.1281], [6426184.0532, 5664409.945499999], [6426176.2336, 5664414.267899999], [6426171.4109, 5664417.1833999995], [6426165.9096, 5664420.8957], [6426161.5156, 5664424.0507], [6426156.5775, 5664427.805299999], [6426148.4492, 5664434.206599999], [6426143.8547, 5664438.0616999995], [6426142.7358, 5664439.000600001], [6426138.8633, 5664442.774], [6426137.3891, 5664444.296399999], [6426135.1116, 5664446.648399999], [6426131.3832, 5664450.444], [6426125.1521, 5664457.6305], [6426122.1059, 5664461.5605999995], [6426118.1009, 5664466.7278], [6426112.7291, 5664473.917400001], [6426107.3579, 5664482.2662], [6426103.616, 5664487.4], [6426097.2643, 5664497.484999999], [6426094.11, 5664501.5293000005], [6426092.6317, 5664503.4246], [6426085.3506, 5664511.322799999], [6426082.8491, 5664513.448100001], [6426077.2259, 5664517.8774], [6426076.8755, 5664518.1534], [6426072.432, 5664521.3891], [6426067.4353, 5664524.746300001], [6426065.1221, 5664526.285], [6426060.914, 5664529.084000001], [6426059.3996, 5664529.7805], [6426049.3267, 5664534.413000001], [6426048.6442, 5664534.6808], [6426043.6831, 5664536.6274], [6426039.5142, 5664537.9333], [6426034.6635, 5664539.566], [6426031.144, 5664541.036599999], [6426026.1515, 5664542.799000001], [6426018.402, 5664547.451099999], [6426013.4089, 5664549.932], [6426003.6316, 5664556.3566], [6425995.1922, 5664562.6993], [6425989.8364, 5664567.5348000005], [6425985.3198, 5664572.727399999], [6425979.1154, 5664580.522600001], [6425977.8322, 5664585.7161], [6425975.9275, 5664592.0889], [6425974.0829, 5664599.306700001], [6425973.4488, 5664602.4684], [6425972.3137, 5664608.774800001], [6425971.0941, 5664619.823799999], [6425970.4746, 5664627.0743], [6425968.9574, 5664645.3632], [6425968.5468, 5664649.7849], [6425966.7495, 5664661.2664], [6425965.1544, 5664668.441299999], [6425961.0875, 5664682.0934999995], [6425958.131, 5664689.8347], [6425955.1325, 5664697.137800001], [6425951.5972, 5664704.5481], [6425948.1814, 5664711.660599999], [6425943.697, 5664720.9575], [6425938.3228, 5664731.8072999995], [6425935.4354, 5664738.074899999], [6425930.76, 5664747.148399999], [6425925.1645, 5664757.1874], [6425920.1615, 5664767.027000001], [6425915.9647, 5664775.3639], [6425912.6818, 5664782.168400001], [6425909.0667, 5664789.601600001], [6425906.6686, 5664794.471899999], [6425903.626, 5664800.651000001], [6425896.9605, 5664812.635], [6425889.72, 5664824.41], [6425882.7521, 5664834.269200001], [6425876.5697, 5664843.011600001], [6425867.8036, 5664855.2991], [6425858.5805, 5664867.707599999], [6425853.2399, 5664875.2214], [6425847.1072, 5664883.851], [6425841.124, 5664892.0385], [6425834.828, 5664899.312999999], [6425824.1885, 5664909.0879999995], [6425816.6183, 5664914.383400001], [6425811.1314, 5664918.099300001], [6425806.1623, 5664920.753900001], [6425800.7601, 5664923.410599999], [6425795.0725, 5664925.589], [6425788.9008, 5664927.186000001], [6425781.9152, 5664929.2881000005], [6425773.7888, 5664931.7422], [6425767.2831, 5664933.2566], [6425761.4253, 5664934.8881], [6425749.2659, 5664938.5195], [6425738.5333, 5664941.8716], [6425730.8269, 5664944.161900001], [6425723.4032, 5664946.3397], [6425700.4388, 5664953.477600001], [6425690.6135, 5664956.626499999], [6425675.7165, 5664963.613], [6425664.0215, 5664972.057], [6425658.7268, 5664977.399], [6425651.0605, 5664985.7216], [6425642.2558, 5664999.0967], [6425638.7401, 5665007.881200001], [6425633.9158, 5665018.5276999995], [6425629.9396, 5665028.621300001], [6425627.4305, 5665034.9945], [6425623.1989, 5665044.845000001], [6425619.9008, 5665052.2171], [6425615.3314, 5665062.8464], [6425607.9474, 5665079.350400001], [6425603.2621, 5665087.929500001], [6425599.646, 5665094.7456], [6425592.0666, 5665108.2831999995], [6425587.0308, 5665117.1975], [6425578.6111, 5665132.518200001], [6425570.3146, 5665147.3673], [6425565.4544, 5665156.226199999], [6425560.2085, 5665165.7982], [6425556.0348, 5665173.145099999], [6425551.4879, 5665180.9235], [6425546.4029, 5665188.3517], [6425541.9901, 5665193.6984], [6425537.4766, 5665198.5940000005], [6425533.9673, 5665202.758400001], [6425528.1292, 5665207.3017], [6425520.9648, 5665213.671499999], [6425512.9419, 5665220.541099999], [6425506.8691, 5665225.595899999], [6425500.8283, 5665230.3355], [6425495.7921, 5665234.4275], [6425488.5167, 5665240.6578], [6425480.1852, 5665248.9235], [6425474.9192, 5665255.5967999995], [6425469.7049, 5665264.0514], [6425464.673, 5665273.420600001], [6425461.469, 5665279.891899999], [6425457.9507, 5665288.151799999], [6425456.9159, 5665290.4264], [6425456.4299, 5665291.6689], [6425452.6634, 5665290.08], [6425434.7231, 5665282.627599999], [6425431.6569, 5665281.456], [6425420.9731, 5665277.604599999], [6425415.3582, 5665274.976600001], [6425412.0811, 5665272.7366], [6425409.3498, 5665269.963500001], [6425405.2072, 5665265.1119], [6425401.3807, 5665261.424799999], [6425395.3838, 5665257.2574000005], [6425389.053, 5665254.240700001], [6425383.0469, 5665253.206499999], [6425378.7272, 5665251.0591], [6425373.5708, 5665247.6392], [6425369.7695, 5665244.492900001], [6425366.6861, 5665240.6206], [6425363.8559, 5665235.9586], [6425361.8773, 5665230.0429], [6425357.1574, 5665211.6927000005], [6425352.626, 5665189.446599999], [6425349.4103, 5665176.714500001], [6425343.0747, 5665159.418], [6425337.6799, 5665145.9202], [6425329.3071, 5665127.695599999], [6425322.3057, 5665115.2016], [6425320.5753, 5665112.6061], [6425318.04, 5665110.7314], [6425314.2272, 5665109.7393], [6425311.9481, 5665109.5217], [6425279.2798, 5665106.4026], [6425279.3331, 5665105.8254], [6425277.2784, 5665105.6171], [6425313.4564, 5664635.3037], [6425332.067, 5664383.4394000005], [6425326.0037, 5664384.0748], [6425326.0012, 5664384.107899999], [6425287.1721, 5664388.0997], [6425242.4128, 5664392.3078000005], [6425187.7669, 5664394.6006000005], [6425126.4225, 5664394.6006000005], [6425037.6094, 5664395.0034], [6425035.79, 5664395.044600001], [6425028.2859, 5664395.233200001], [6425026.0752, 5664395.269400001], [6424966.6292, 5664396.242900001], [6424955.4506, 5664396.5075], [6424941.9899, 5664396.639799999], [6424926.8094, 5664397.0035999995], [6424910.1737, 5664397.235099999], [6424894.3648, 5664397.5327], [6424878.9858, 5664397.7643], [6424856.6285, 5664397.9627], [6424838.7691, 5664398.3926], [6424829.4425, 5664398.524900001], [6424814.9896, 5664398.855699999], [6424800.0076, 5664399.1533], [6424785.8854, 5664399.4179], [6424758.3687, 5664399.7817], [6424726.8243, 5664400.328199999], [6424666.1277, 5664400.7468], [6424639.3871, 5664395.397], [6424633.9413, 5664394.307499999], [6424634.412, 5664386.625], [6424634.729, 5664381.451199999], [6424635.0194, 5664376.7096], [6424635.1819, 5664374.053400001], [6424635.799, 5664363.976], [6424636.1593, 5664358.0878], [6424636.2608, 5664356.4322], [6424637.4857, 5664336.393300001], [6424637.6485, 5664333.730900001], [6424638.7877, 5664315.1087], [6424638.8721, 5664313.7283], [6424640.0383, 5664294.6655], [6424640.1507, 5664292.826199999], [6424641.3642, 5664273.0097], [6424641.4823, 5664271.077400001], [6424642.7033, 5664251.1128], [6424642.8189, 5664249.2228], [6424644.0372, 5664229.295600001], [6424644.113, 5664228.0561], [6424645.237, 5664209.6721], [6424645.3392, 5664208.000600001], [6424646.5385, 5664188.385299999], [6424646.6527, 5664186.5164], [6424647.8313, 5664167.239399999], [6424647.9861, 5664164.7147], [6424648.398, 5664157.955], [6424649.0919, 5664146.6305], [6424649.1863, 5664145.082599999], [6424650.2961, 5664126.934900001], [6424650.4711, 5664124.0746], [6424651.5619, 5664106.2377], [6424651.7171, 5664103.7016], [6424652.7995, 5664085.9977], [6424652.9501, 5664083.5404], [6424654.0738, 5664065.1314], [6424654.155, 5664063.8024], [6424655.1413, 5664047.6642], [6424655.3303, 5664044.571699999], [6424655.4292, 5664042.953199999], [6424656.301, 5664028.687999999], [6424656.3198, 5664028.439099999], [6424656.6654, 5664023.850199999], [6424657.6309, 5664011.0473], [6424658.0538, 5664005.4352], [6424658.9014, 5663994.178099999], [6424659.128, 5663991.168099999], [6424659.249, 5663989.5602], [6424659.3729, 5663987.918500001], [6424659.6389, 5663984.3741999995], [6424659.8506, 5663981.556399999], [6424659.935, 5663980.4343], [6424659.9889, 5663979.716], [6424661.1745, 5663963.9351], [6424661.6586, 5663957.4925], [6424662.1747, 5663950.623], [6424662.6325, 5663942.900699999], [6424662.9972, 5663936.7508000005], [6424663.8954, 5663921.6017], [6424664.2032, 5663916.410599999], [6424665.1582, 5663900.3027], [6424665.4265, 5663895.7784], [6424666.2681, 5663881.5834], [6424666.6686, 5663874.824899999], [6424667.6325, 5663858.5646], [6424667.8715, 5663854.534600001], [6424668.8993, 5663837.1995], [6424669.2764, 5663830.8189], [6424670.1449, 5663816.164999999], [6424670.6268, 5663808.036], [6424671.5369, 5663792.6832], [6424671.905, 5663786.474199999], [6424672.8897, 5663769.8629], [6424673.1154, 5663766.056399999], [6424674.322, 5663745.702], [6424674.3371, 5663745.455], [6424674.5807, 5663741.476500001], [6424675.8231, 5663721.179400001], [6424675.9643, 5663718.873199999], [6424677.1694, 5663699.205800001], [6424677.3349, 5663696.506999999], [6424677.4777, 5663694.1666], [6424677.595, 5663692.247300001], [6424679.3264, 5663663.963199999], [6424680.023, 5663652.579], [6424680.0879, 5663651.517899999], [6424680.6962, 5663641.5766], [6424681.2664, 5663632.259], [6424681.4684, 5663628.957800001], [6424682.3155, 5663615.1139], [6424682.6591, 5663609.499], [6424683.07, 5663602.7842999995], [6424683.2578, 5663599.7151999995], [6424683.6238, 5663593.7338], [6424684.5854, 5663578.019300001], [6424684.9254, 5663572.4629999995], [6424685.0954, 5663569.6841], [6424685.4216, 5663564.3518], [6424687.063, 5663537.538000001], [6424687.514, 5663530.1919], [6424688.8291, 5663506.581599999], [6424689.5573, 5663493.5287999995], [6424689.9529, 5663486.436799999], [6424690.2771, 5663480.625600001], [6424690.6901, 5663473.221999999], [6424691.1049, 5663465.786800001], [6424691.8008, 5663453.312100001], [6424692.1557, 5663446.9496], [6424692.8635, 5663434.2621], [6424693.3522, 5663425.5030000005], [6424693.9742, 5663414.3521], [6424694.1354, 5663411.464], [6424694.4575, 5663405.9912], [6424695.2781, 5663392.060900001], [6424695.5951, 5663386.677300001], [6424696.435, 5663372.4156], [6424696.9235, 5663364.1217], [6424697.8258, 5663348.8015], [6424698.0539, 5663344.928099999], [6424699.0338, 5663328.2962], [6424699.3921, 5663322.190300001], [6424699.479, 5663320.7129999995], [6424700.276, 5663307.6587000005], [6424700.6812, 5663301.003799999], [6424701.5134, 5663287.3519], [6424701.8448, 5663281.9076000005], [6424702.8513, 5663265.3914], [6424703.1749, 5663260.081499999], [6424704.1653, 5663243.8278], [6424704.5621, 5663237.3166000005], [6424705.4794, 5663222.2642], [6424705.8423, 5663216.3094], [6424706.8741, 5663199.377699999], [6424707.2274, 5663193.580800001], [6424708.2124, 5663177.417300001], [6424708.5343, 5663172.134099999], [6424709.6312, 5663154.1339], [6424709.9158, 5663149.464], [6424710.9937, 5663131.7765999995], [6424711.2918, 5663126.8817], [6424711.3586, 5663125.788699999], [6424712.313, 5663110.1216], [6424712.3252, 5663108.7578], [6424712.3808, 5663102.357799999], [6424712.46, 5663093.2588], [6424712.5804, 5663089.6416], [6424712.8222, 5663082.3759], [6424713.2563, 5663069.334799999], [6424713.5547, 5663060.3714000005], [6424714.0075, 5663046.778999999], [6424714.2556, 5663039.2831999995], [6424714.6047, 5663028.7873], [6424714.777, 5663023.607000001], [6424714.776, 5663022.3038], [6424714.7681, 5663011.5232], [6424714.7624, 5663003.794500001], [6424714.7559, 5662995.0273], [6424714.7526, 5662990.422599999], [6424714.7467, 5662982.4838], [6424714.7356, 5662967.3774], [6424714.7346, 5662966.014799999], [6424714.7306, 5662960.6547], [6424714.7295, 5662959.1993], [6424714.7159, 5662940.7073], [6424714.7097, 5662932.2892], [6424714.6939, 5662910.862299999], [6424714.6903, 5662905.8599], [6424714.67, 5662878.3978], [6424714.668, 5662875.658], [6424714.69, 5662874.337400001], [6424714.9577, 5662858.3159], [6424715.1647, 5662845.8325], [6424715.271, 5662839.4682], [6424715.2984, 5662832.2809], [6424715.3351, 5662822.772600001], [6424715.4077, 5662803.9439], [6424715.4279, 5662798.7228999995], [6424715.5033, 5662779.1789], [6424715.5077, 5662778.0407], [6424715.6679, 5662767.5436], [6424715.861, 5662754.8901], [6424716.0157, 5662744.7598], [6424716.3033, 5662725.918099999], [6424716.4019, 5662719.4559], [6424716.5577, 5662709.249399999], [6424716.8459, 5662690.393200001], [6424716.953, 5662683.2870000005], [6424716.9636, 5662681.9443], [6424716.9734, 5662680.7008], [6424717.0231, 5662674.4888], [6424717.1427, 5662659.2695], [6424717.1982, 5662652.208799999], [6424717.3507, 5662632.8111000005], [6424717.3609, 5662631.5054], [6424717.5269, 5662610.387599999], [6424717.5679, 5662605.1711], [6424717.6449, 5662595.3725000005], [6424717.6855, 5662590.1469], [6424717.7008, 5662588.2062], [6424717.7285, 5662584.671399999], [6424717.7774, 5662578.2511], [6424717.7791, 5662578.048], [6424717.2891, 5662577.7103], [6424714.3952, 5662575.721899999], [6424713.6067, 5662575.180199999], [6424711.8016, 5662573.9398], [6424703.7326, 5662568.395500001], [6424700.7025, 5662566.3134], [6424679.139, 5662551.4967], [6424653.5943, 5662533.944399999], [6424627.7203, 5662516.165899999], [6424627.099, 5662515.739], [6424593.5679, 5662492.5035999995], [6424581.2118, 5662483.941400001], [6424572.7977, 5662478.1108], [6424569.3559, 5662475.7259], [6424560.8337, 5662469.8204], [6424553.4368, 5662464.694700001], [6424553.434, 5662464.688999999], [6424516.617, 5662340.57], [6424498.413, 5662279.267000001], [6424466.383, 5662185.547], [6424460.613, 5662127.112], [6424454.916, 5662107.65], [6424439.618, 5662052.75], [6424434.978, 5662033.823999999], [6424426.127, 5661996.687999999], [6424417.369, 5661959.761], [6424407.851, 5661917.903000001], [6424398.015, 5661878.668], [6424394.802, 5661864.376], [6424393.588, 5661854.23], [6424392.74, 5661847.729], [6424374.862, 5661762.311000001], [6424337.499, 5661594.953], [6424317.759, 5661502.017000001], [6424276.052, 5661309.119999999], [6424268.617, 5661284.877], [6424125.969, 5661226.864], [6424251.345, 5661206.488], [6424274.473, 5661198.055], [6424334.61, 5661168.93], [6424386.965, 5661149.176000001], [6424429.176, 5661120.944], [6424480.294, 5661083.354], [6424513.68, 5661068.018999999], [6424525.965, 5661067.43], [6424541.637, 5661074.941], [6424585.009, 5661115.039000001], [6424647.598, 5661160.573999999], [6424707.79, 5661202.989], [6424728.701, 5661218.756999999], [6424733.219, 5661218.612], [6424737.059, 5661218.585000001], [6424770.326, 5661222.442], [6424837.361, 5661221.968], [6424841.361, 5661221.938999999], [6424853.116, 5661222.256999999], [6424883.352, 5661215.92], [6424886.4475, 5661215.702299999], [6424887.7656, 5661224.782299999], [6424920.0448, 5661387.766000001], [6424954.9699, 5661573.503900001], [6424955.8069, 5661577.955], [6424956.1765, 5661579.920600001], [6424960.3084, 5661582.0046], [6424976.9871, 5661588.9964000005], [6424992.7072, 5661595.2466], [6425384.0265, 5661758.3323], [6425388.6176, 5661760.1537], [6425395.7689, 5661762.709899999], [6425404.746, 5661766.4662], [6425436.6295, 5661779.3969], [6425452.105, 5661786.059699999], [6425474.6849, 5661795.4123], [6425649.9917, 5661867.656400001], [6425736.6183, 5661903.765799999], [6425830.2512, 5661942.501800001], [6425837.4222, 5661945.4684], [6425842.3816, 5661947.520099999], [6425935.2854, 5661985.954500001], [6426098.3531, 5662053.142100001], [6426186.5891, 5662089.989499999], [6426239.9918, 5662111.9318], [6426327.335, 5662148.3291], [6426548.0349, 5662239.475400001], [6426551.7804, 5662240.8058], [6426581.1545, 5662252.937000001], [6426696.18, 5662300.298699999], [6426715.7213, 5662308.505899999], [6426845.6308, 5662361.935799999], [6426874.3666, 5662373.9158], [6426931.9696, 5662397.6225000005], [6426940.4583, 5662400.8324], [6427083.8158, 5662459.884400001], [6427120.3296, 5662475.130799999], [6427208.7973, 5662511.4823], [6427380.4056, 5662582.3356], [6427383.1812, 5662583.4816], [6427385.7613, 5662584.6504999995], [6427387.7841, 5662585.4879], [6427399.3495, 5662590.275900001], [6427402.2492, 5662591.476399999], [6427405.9569, 5662593.011399999], [6427459.6282, 5662615.230900001], [6427514.4366, 5662637.7271], [6427523.7991, 5662641.6075], [6427532.5663, 5662645.2412], [6427619.2484, 5662681.1675], [6427643.61, 5662690.8443], [6427659.1155, 5662697.246200001], [6427723.4086, 5662724.581499999], [6427729.3216, 5662727.072000001], [6427808.1292, 5662759.988600001], [6427809.0471, 5662760.372099999], [6427819.8154, 5662764.615], [6427819.1097, 5662766.442399999], [6427811.1086, 5662785.3574], [6427804.4651, 5662800.887700001], [6427798.8849, 5662813.932399999], [6427793.8048, 5662823.139900001], [6427792.0948, 5662825.624399999], [6427785.3911, 5662835.363700001], [6427776.8186, 5662847.5875], [6427775.2096, 5662849.4838], [6427759.5268, 5662867.9671], [6427759.0385, 5662868.5425], [6427746.8147, 5662883.306299999], [6427732.686, 5662901.086300001], [6427708.8734, 5662929.6614], [6427688.8709, 5662953.473999999], [6427653.0675, 5662997.5276999995], [6427652.3583, 5662998.4003], [6427630.2606, 5663025.129899999], [6427616.0045, 5663042.3741], [6427589.4932, 5663073.965399999], [6427574.0944, 5663088.7292], [6427562.9819, 5663096.6667], [6427540.9156, 5663108.731799999], [6427500.3441, 5663126.6708], [6427479.1617, 5663136.036800001], [6427472.9727, 5663139.0254999995], [6427437.4104, 5663156.198100001], [6427406.1366, 5663169.374399999], [6427391.6903, 5663173.5019000005], [6427372.9577, 5663177.311899999], [6427347.2402, 5663178.105699999], [6427311.1283, 5663180.705], [6427290.0129, 5663182.2248], [6427285.4863, 5663182.5507], [6427230.7175, 5663186.678200001], [6427222.6212, 5663187.7894], [6427209.2862, 5663191.9169], [6427200.3962, 5663196.203199999], [6427191.3474, 5663202.8707], [6427178.6474, 5663215.4120000005], [6427177.0772, 5663217.256899999], [6427172.2973, 5663222.873199999], [6427161.5023, 5663241.447000001], [6427154.0819, 5663254.921], [6427137.3723, 5663285.2621], [6427129.276, 5663300.978399999], [6427126.101, 5663309.2334], [6427123.0847, 5663321.615900001], [6427121.1138, 5663335.7412], [6427120.2272, 5663342.094699999], [6427115.4647, 5663371.622300001], [6427112.89, 5663381.9212], [6427111.9722, 5663385.5923], [6427108.1622, 5663397.8160999995], [6427101.6535, 5663411.1511], [6427095.9384, 5663419.7236], [6427079.1109, 5663441.789899999], [6427062.6757, 5663463.2435], [6427058.3146, 5663468.9362], [6427043.5508, 5663488.621300001], [6427031.6446, 5663504.3376], [6427024.8243, 5663514.0809], [6427016.087, 5663526.5626], [6427009.737, 5663537.198899999], [6427003.387, 5663552.4388999995], [6426998.942, 5663566.091399999], [6426997.3545, 5663574.5052000005], [6426995.767, 5663586.887700001], [6426994.8145, 5663597.682700001], [6426994.5766, 5663604.291300001], [6426993.5665, 5663632.3498], [6426993.3857, 5663637.3703000005], [6426991.0045, 5663683.4079], [6426987.8295, 5663752.9406], [6426987.0552, 5663766.8772], [6426986.8781, 5663770.0657], [6426985.2895, 5663798.660599999], [6426982.5907, 5663841.8407000005], [6426981.6382, 5663871.3683], [6426979.5364, 5663906.180299999], [6426979.0982, 5663913.437100001], [6426977.0345, 5663924.5496], [6426972.1132, 5663937.8847], [6426969.2801, 5663943.103599999], [6426960.0482, 5663960.1097], [6426951.7932, 5663970.4285], [6426938.4581, 5663982.176000001], [6426919.2493, 5663992.8123], [6426897.3418, 5663999.638499999], [6426885.5912, 5664001.705800001], [6426863.0517, 5664005.6711], [6426851.4652, 5664008.1927000005], [6426815.6383, 5664015.989800001], [6426768.6482, 5664025.514799999], [6426735.5964, 5664031.9372000005], [6426723.9865, 5664034.1932], [6426712.5564, 5664038.4265], [6426700.4914, 5664044.3532], [6426691.1781, 5664050.914899999], [6426689.143, 5664052.704399999], [6426678.9014, 5664061.709899999], [6426666.3921, 5664078.680299999], [6426662.603, 5664085.4166], [6426659.8513, 5664092.1899999995], [6426657.523, 5664099.8100000005], [6426656.0413, 5664107.8533], [6426653.713, 5664120.9767], [6426649.903, 5664145.953400001], [6426645.8813, 5664170.0835], [6426642.6946, 5664191.151000001], [6426642.0713, 5664195.2719], [6426639.1079, 5664204.373500001], [6426634.2396, 5664215.5919], [6426622.9886, 5664230.714500001], [6426617.8199, 5664236.885399999], [6426615.3923, 5664239.7837000005], [6426612.2335, 5664243.5549], [6426612.2037, 5664243.5282000005], [6426609.7655, 5664246.3739], [6426606.2591, 5664250.0956], [6426602.7814, 5664253.443299999], [6426599.9427, 5664257.8247], [6426596.8381, 5664259.525599999], [6426593.3715, 5664262.709000001], [6426588.2765, 5664267.390900001], [6426585.3491, 5664269.922499999], [6426583.8282, 5664271.2312], [6426578.303, 5664275.8508], [6426574.1156, 5664279.667400001], [6426564.7877, 5664288.1229], [6426560.4117, 5664291.960200001], [6426556.8381, 5664294.930400001], [6426548.7286, 5664302.0452], [6426544.0587, 5664305.851500001], [6426537.958, 5664310.823999999], [6426531.7135, 5664314.8289], [6426526.2944, 5664317.4287], [6426520.7842, 5664319.692], [6426515.6658, 5664321.0507], [6426515.4892, 5664321.0857], [6426509.6599, 5664322.241], [6426504.9625, 5664322.6164], [6426499.9981, 5664322.5359000005], [6426491.925, 5664322.629799999], [6426486.415, 5664322.5452], [6426484.4467, 5664322.515000001], [6426475.1317, 5664322.4881], [6426468.7586, 5664322.4976], [6426462.3561, 5664323.308599999], [6426454.7665, 5664323.839299999], [6426453.8941, 5664323.928099999], [6426447.9139, 5664324.536499999], [6426440.4924, 5664325.771299999], [6426434.8011, 5664326.6305], [6426431.0464, 5664327.1974], [6426424.9736, 5664328.2686], [6426416.5135, 5664329.455399999], [6426407.2412, 5664331.1554000005], [6426399.3841, 5664333.558800001], [6426397.5377, 5664334.1359], [6426391.8163, 5664335.9241], [6426385.5586, 5664337.9651999995], [6426376.9604, 5664340.8048], [6426375.4655, 5664341.2917], [6426371.3165, 5664342.642999999], [6426364.9338, 5664344.997099999], [6426359.5972, 5664346.8072], [6426354.5499, 5664348.5184], [6426349.6531, 5664350.1066], [6426343.8061, 5664352.0011], [6426336.8359, 5664354.378699999], [6426336.5776, 5664354.4668000005], [6426331.4223, 5664356.224199999], [6426325.177, 5664358.4221], [6426319.0233, 5664360.694800001], [6426314.6174, 5664362.3212], [6426309.4269, 5664364.1515999995], [6426307.3239, 5664364.891000001], [6426303.6527, 5664366.1818], [6426297.8706, 5664368.206900001], [6426297.5972, 5664368.304400001], [6426294.426, 5664369.4353], [6426287.4523, 5664371.923], [6426282.3724, 5664373.6467], [6426276.0725, 5664375.723999999], [6426268.9546, 5664378.1587000005], [6426261.4571, 5664380.838400001], [6426256.1623, 5664382.839500001], [6426254.0296, 5664383.645400001]]]}, "properties": {"OBJECTID": 6, "NROSIEDLA": 29, "NAZWAOSIEDLA": "Muchobór Wielki", "SHAPE.AREA": 6879544.99884239, "SHAPE.LEN": 13228.1300797744, "DATA": 1453334400000}}, {"type": "Feature", "id": 7, "geometry": {"type": "Polygon", "coordinates": [[[6433423.6885, 5664493.8136], [6433418.9983, 5664496.0877], [6433417.6484, 5664496.7422], [6433415.9303, 5664493.0375], [6433411.9326, 5664484.417199999], [6433410.9834, 5664482.3705], [6433404.0801, 5664467.4848], [6433392.3741, 5664442.2237], [6433386.5178, 5664429.488600001], [6433385.3912, 5664427.009099999], [6433384.2559, 5664424.6099], [6433383.2272, 5664422.2234000005], [6433381.4864, 5664418.552300001], [6433379.8385, 5664414.8638], [6433378.1884, 5664411.268200001], [6433376.6405, 5664407.579299999], [6433374.9985, 5664403.9059], [6433373.4554, 5664400.3248], [6433371.8075, 5664396.6372], [6433368.7111, 5664389.2566], [6433364.9308, 5664380.182499999], [6433363.2166, 5664375.9659], [6433349.7208, 5664345.497199999], [6433308.8664, 5664254.068], [6433291.9283, 5664196.2717], [6433289.8898, 5664189.316], [6433284.278, 5664189.2762], [6433261.2845, 5664189.1131], [6433249.6872, 5664189.0308], [6433223.914, 5664188.847999999], [6433213.8181, 5664188.3179], [6433177.2892, 5664186.4], [6433157.7793, 5664185.375700001], [6433138.815, 5664184.380000001], [6433133.7771, 5664184.0854], [6433124.3154, 5664183.532], [6433101.4229, 5664182.1932], [6433100.6271, 5664182.1467], [6433096.7242, 5664181.918400001], [6433096.7342, 5664181.736300001], [6433084.5565, 5664181.0932], [6433079.5153, 5664180.827], [6433066.7095, 5664180.150800001], [6433064.5382, 5664180.0361], [6433042.3617, 5664178.7392], [6433040.9564, 5664178.657], [6433030.338, 5664178.036], [6433026.5981, 5664178.9234], [6433015.7724, 5664181.4923], [6433015.639, 5664181.524], [6433015.4494, 5664181.0142], [6433015.4029, 5664180.8891], [6433015.1719, 5664180.2678], [6433014.9563, 5664179.687899999], [6433013.9095, 5664176.8727], [6433013.4166, 5664175.5471], [6433010.7488, 5664168.372099999], [6433009.8209, 5664165.876599999], [6433009.302, 5664164.481000001], [6433003.4649, 5664159.354800001], [6432996.0082, 5664152.8061999995], [6432988.9578, 5664146.614399999], [6432976.7953, 5664135.9331], [6432970.1457, 5664130.0934], [6432957.8667, 5664119.309800001], [6432953.3362, 5664115.331], [6432938.7481, 5664102.5196], [6432931.3877, 5664096.055600001], [6432920.9907, 5664086.924799999], [6432914.8632, 5664081.5436], [6432914.045, 5664080.824999999], [6432909.759, 5664075.68], [6432906.8275, 5664072.161], [6432903.632, 5664068.325099999], [6432901.9151, 5664066.2641], [6432896.7327, 5664060.043099999], [6432893.6882, 5664056.388499999], [6432891.0422, 5664053.211999999], [6432890.908, 5664053.051000001], [6432863.5997, 5664011.9551], [6432850.34, 5663991.999399999], [6432836.9988, 5663911.741900001], [6432806.067, 5663683.9191], [6432796.6184, 5663641.418199999], [6432790.5564, 5663623.0441], [6432778.0314, 5663585.0801], [6432727.1901, 5663324.319], [6432702.6814, 5663184.5669], [6432687.2219, 5663144.0912], [6432687.0153, 5663143.5437], [6432683.7313, 5663134.9529], [6432643.7737, 5663024.407], [6432635.399, 5663001.2378], [6432635.1085, 5663000.009299999], [6432645.6397, 5662997.7223000005], [6432658.1241, 5662995.0112], [6432672.6564, 5662991.7974], [6432682.2338, 5662989.624], [6432691.2677, 5662987.573899999], [6432698.6942, 5662985.888599999], [6432709.2451, 5662983.494200001], [6432718.913, 5662981.3002], [6432725.2752, 5662979.8564], [6432732.8375, 5662978.1403], [6432740.3997, 5662976.4242], [6432749.2299, 5662974.420299999], [6432758.2865, 5662972.365], [6432764.9571, 5662970.5471], [6432774.4425, 5662967.6865], [6432785.1982, 5662964.4429], [6432791.6257, 5662962.5045], [6432801.2876, 5662959.5907000005], [6432812.8725, 5662956.096999999], [6432824.6749, 5662952.537699999], [6432833.637, 5662949.834899999], [6432844.3927, 5662946.5912999995], [6432855.1483, 5662943.3477], [6432867.1213, 5662939.7369], [6432874.772, 5662937.4297], [6432880.1895, 5662935.1888], [6432890.6298, 5662929.8102], [6432898.5592, 5662925.725099999], [6432905.4312, 5662922.184800001], [6432911.5104, 5662919.0529], [6432917.3252, 5662916.0572], [6432922.7436, 5662913.265799999], [6432928.4263, 5662910.338199999], [6432939.3952, 5662904.6873], [6432950.7606, 5662898.8321], [6432966.6192, 5662890.6620000005], [6432976.2666, 5662885.6919], [6433003.0632, 5662870.092499999], [6433023.1275, 5662857.8082], [6433051.532, 5662840.4177], [6433069.4588, 5662829.4421], [6433086.6245, 5662818.932499999], [6433112.5935, 5662802.3464], [6433131.0846, 5662790.4769], [6433133.2579, 5662789.081800001], [6433148.2696, 5662779.445599999], [6433177.8297, 5662760.4706999995], [6433201.6358, 5662745.1894000005], [6433234.0774, 5662724.364800001], [6433251.4984, 5662713.1821], [6433266.0468, 5662703.8433], [6433285.2285, 5662691.5304000005], [6433302.0009, 5662680.7641], [6433319.9779, 5662669.2245000005], [6433343.1802, 5662653.7305], [6433365.4371, 5662638.829500001], [6433389.203, 5662622.918199999], [6433412.6229, 5662607.238500001], [6433430.573, 5662595.220899999], [6433453.0813, 5662580.1515], [6433471.5344, 5662567.7972], [6433501.6818, 5662547.613500001], [6433532.0449, 5662527.1741], [6433551.9744, 5662513.4265], [6433584.2245, 5662491.1799], [6433606.7717, 5662475.626499999], [6433621.4657, 5662465.4904], [6433649.2133, 5662446.3496], [6433670.9783, 5662430.569399999], [6433691.7578, 5662414.3444], [6433716.5059, 5662395.020500001], [6433740.4473, 5662376.3266], [6433764.0178, 5662357.9223], [6433788.3949, 5662338.8881], [6433827.6891, 5662308.2064], [6433853.0886, 5662288.374], [6433880.9082, 5662266.652000001], [6433906.1222, 5662246.964400001], [6433941.8488, 5662219.068299999], [6433975.095, 5662193.108999999], [6433994.8824, 5662177.658600001], [6434020.8081, 5662157.4154], [6434044.3785, 5662139.0111], [6434064.6921, 5662123.149900001], [6434088.7586, 5662104.358200001], [6434116.5782, 5662082.6362], [6434140.1788, 5662064.2084], [6434161.3292, 5662047.693700001], [6434197.7153, 5662019.262499999], [6434222.175, 5661999.6732], [6434245.2171, 5661981.2192], [6434264.2059, 5661966.011499999], [6434278.6421, 5661954.4498], [6434301.6043, 5661936.059800001], [6434311.6278, 5661928.032199999], [6434358.9899, 5661890.1008], [6434376.9803, 5661875.6927000005], [6434400.0224, 5661857.238700001], [6434422.0661, 5661839.5843], [6434443.2438, 5661820.855699999], [6434462.7395, 5661802.399599999], [6434482.5242, 5661783.6698], [6434504.8267, 5661762.556600001], [6434514.6735, 5661753.2349], [6434531.5616, 5661737.247199999], [6434540.2161, 5661729.054199999], [6434560.5969, 5661709.7601], [6434576.179, 5661692.0348000005], [6434601.6077, 5661667.045], [6434634.7779, 5661630.692399999], [6434661.4556, 5661601.4], [6434683.2548, 5661577.3475], [6434706.4415, 5661551.7642], [6434726.0082, 5661530.174900001], [6434731.2775, 5661524.3609], [6434733.6303, 5661525.7718], [6434737.5255, 5661528.1074], [6434743.1145, 5661531.458799999], [6434746.8916, 5661533.7237], [6434750.474, 5661535.8718], [6434757.075, 5661539.83], [6434758.278, 5661540.095000001], [6434758.284, 5661540.095000001], [6434767.4335, 5661540.9561], [6434775.6151, 5661541.726], [6434778.442, 5661541.992000001], [6434793.929, 5661545.406099999], [6434796.5219, 5661545.977700001], [6434802.0656, 5661547.1998], [6434819.6598, 5661551.078400001], [6434829.6793, 5661553.2872], [6434848.6931, 5661557.478700001], [6434885.8345, 5661565.665999999], [6434917.079, 5661572.559], [6434935.8265, 5661576.695], [6434955.055, 5661559.755000001], [6434958.399, 5661556.138], [6434962.2131, 5661552.0119], [6434968.8571, 5661544.8245], [6434970.135, 5661543.442], [6434971.106, 5661542.390900001], [6434972.074, 5661541.343], [6434977.5829, 5661534.9296], [6434980.747, 5661531.245999999], [6434991.392, 5661518.8522], [6434996.714, 5661512.6559999995], [6435017.9891, 5661488.687999999], [6435024.0154, 5661481.899], [6435027.9863, 5661477.4255], [6435035.42, 5661484.289999999], [6435040.487, 5661488.9690000005], [6435042.927, 5661487.309], [6435044.7065, 5661486.805600001], [6435044.8241, 5661486.772399999], [6435045.847, 5661486.482999999], [6435049.11, 5661485.864], [6435051.2897, 5661485.664899999], [6435057.8246, 5661485.0681], [6435064.385, 5661484.4690000005], [6435078.0372, 5661484.093900001], [6435096.1367, 5661483.5967], [6435096.927, 5661483.574999999], [6435111.0592, 5661483.813999999], [6435112.421, 5661483.836999999], [6435124.139, 5661485.206], [6435125.1983, 5661485.4054000005], [6435133.1693, 5661486.906099999], [6435136.568, 5661487.546], [6435142.422, 5661490.335000001], [6435142.3403, 5661490.721100001], [6435141.4306, 5661495.017100001], [6435140.7818, 5661498.081599999], [6435139.3186, 5661504.991900001], [6435135.661, 5661522.2665], [6435133.5697, 5661532.1439], [6435133.807, 5661532.141000001], [6435134.0138, 5661532.186899999], [6435134.4991, 5661532.294500001], [6435136.1262, 5661532.655300001], [6435136.774, 5661532.799000001], [6435140.6295, 5661534.2851], [6435141.2963, 5661534.542099999], [6435142.391, 5661534.964], [6435144.0723, 5661535.914999999], [6435144.463, 5661536.136], [6435144.4646, 5661536.1428], [6435144.654, 5661536.6457], [6435144.6569, 5661536.647299999], [6435144.7287, 5661536.839400001], [6435144.9368, 5661537.3859], [6435147.1693, 5661543.2874], [6435147.3713, 5661543.819599999], [6435147.997, 5661545.472999999], [6435150.508, 5661552.092700001], [6435150.5792, 5661552.2804000005], [6435153.4385, 5661559.818600001], [6435154.0495, 5661561.429099999], [6435156.8589, 5661568.8356], [6435156.9582, 5661569.0976], [6435159.7734, 5661576.519099999], [6435160.2234, 5661577.702199999], [6435161.5972, 5661581.323899999], [6435163.193, 5661585.5316], [6435163.533, 5661586.4279], [6435163.6374, 5661586.414999999], [6435165.0189, 5661586.244200001], [6435169.9719, 5661585.6314], [6435173.188, 5661585.2335], [6435173.3157, 5661585.217700001], [6435187.7202, 5661583.4355999995], [6435194.1455, 5661582.639599999], [6435204.194, 5661581.396], [6435206.837, 5661582.403999999], [6435211.5327, 5661583.864499999], [6435217.6503, 5661585.7673], [6435230.4769, 5661589.756899999], [6435241.636, 5661593.227700001], [6435242.804, 5661593.591], [6435249.669, 5661598.118000001], [6435249.686, 5661598.1218], [6435252.4927, 5661598.729900001], [6435255.1565, 5661599.3071], [6435268.6209, 5661602.2224], [6435294.0947, 5661607.7391], [6435294.1081, 5661607.741599999], [6435334.806, 5661614.1691], [6435334.818, 5661614.171], [6435339.8348, 5661607.343800001], [6435388.042, 5661641.0517], [6435396.4557, 5661645.020500001], [6435417.5695, 5661651.8467999995], [6435432.8096, 5661658.5143], [6435442.9696, 5661664.2293], [6435497.368, 5661695.238500001], [6435515.0422, 5661701.271], [6435521.4981, 5661704.2344], [6435551.3431, 5661722.2261], [6435557.799, 5661727.7294], [6435576.5167, 5661749.3204], [6435616.6938, 5661789.5482], [6435646.0377, 5661821.0878], [6435649.4631, 5661826.970799999], [6435665.6392, 5661869.1811999995], [6435690.8834, 5661937.3803], [6435692.3402, 5661945.0121], [6435695.8189, 5661944.348099999], [6435704.018, 5661942.783], [6435720.3215, 5661941.813100001], [6435733.7105, 5661941.0165], [6435750.156, 5661940.0381000005], [6435764.7245, 5661913.419500001], [6435797.9709, 5661859.755799999], [6435831.2173, 5661806.0921], [6435882.1179, 5661744.145300001], [6435905.4428, 5661733.5381000005], [6435938.6851, 5661727.1041], [6436065.7181, 5661711.262700001], [6436131.3312, 5661686.7729], [6436183.322, 5661683.9947999995], [6436209.5158, 5661688.757300001], [6436290.8753, 5661738.763599999], [6436331.3566, 5661760.1949000005], [6436369.8536, 5661770.513699999], [6436439.5324, 5661792.2926], [6436507.1726, 5661837.9826], [6436535.7477, 5661873.304500001], [6436551.2258, 5661907.039000001], [6436561.9415, 5661937.2015], [6436567.8946, 5661963.395300001], [6436567.4977, 5662072.1393], [6436564.8277, 5662154.5122], [6436569.201, 5662160.797], [6436569.672, 5662161.711999999], [6436571.4023, 5662164.283600001], [6436580.2114, 5662177.3762], [6436581.0801, 5662178.667300001], [6436583.268, 5662181.919], [6436597.1675, 5662202.577], [6436604.066, 5662217.821], [6436605.028, 5662220.014], [6436606.799, 5662224.047], [6436608.393, 5662230.043], [6436609.7067, 5662239.168500001], [6436611.7183, 5662253.1412], [6436613.017, 5662262.1620000005], [6436615.369, 5662280.563999999], [6436617.0989, 5662294.7311], [6436618.8274, 5662308.8868], [6436619.082, 5662310.971999999], [6436619.908, 5662316.645], [6436620.5854, 5662320.342800001], [6436620.815, 5662321.596000001], [6436621.8064, 5662325.3037], [6436623.126, 5662330.239], [6436624.1797, 5662332.874], [6436624.4205, 5662333.4761], [6436625.601, 5662336.427999999], [6436626.8707, 5662338.5945999995], [6436627.0484, 5662338.8978], [6436627.2503, 5662339.2423], [6436628.1713, 5662340.813999999], [6436628.8398, 5662341.9548], [6436628.929, 5662342.107000001], [6436632.014, 5662346.593], [6436636.205, 5662351.693], [6436637.1345, 5662352.4803], [6436639.8729, 5662354.7995], [6436640.785, 5662355.572000001], [6436644.746, 5662358.295], [6436647.8927, 5662359.9757], [6436649.099, 5662360.619999999], [6436656.671, 5662363.204], [6436656.8613, 5662363.243100001], [6436663.893, 5662364.6899999995], [6436670.495, 5662365.1850000005], [6436676.5046, 5662365.018300001], [6436677.633, 5662364.987], [6436684.578, 5662364.255000001], [6436692.4792, 5662362.834799999], [6436703.844, 5662360.791999999], [6436723.7064, 5662357.192299999], [6436738.805, 5662354.456], [6436741.5989, 5662353.948999999], [6436770.4848, 5662348.706700001], [6436775.145, 5662347.861], [6436782.5545, 5662346.525800001], [6436789.5349, 5662345.267899999], [6436809.6432, 5662341.644200001], [6436812.963, 5662341.046], [6436829.3013, 5662337.882300001], [6436829.321, 5662337.8785], [6436850.038, 5662333.867000001], [6436882.657, 5662327.364], [6436887.5367, 5662326.3138], [6436900.026, 5662323.626], [6436920.207, 5662319.525900001], [6436937.616, 5662315.989], [6436962.145, 5662311.075999999], [6436978.7652, 5662307.842], [6436996.187, 5662304.452], [6437006.2241, 5662302.4001], [6437037.888, 5662295.926999999], [6437067.734, 5662290.026000001], [6437069.9331, 5662289.6557], [6437076.564, 5662288.539000001], [6437085.889, 5662287.8379999995], [6437091.501, 5662288.044], [6437096.824, 5662288.869000001], [6437100.784, 5662290.066], [6437106.8325, 5662292.4771], [6437107.098, 5662292.583000001], [6437116.814, 5662297.782], [6437131.159, 5662306.5342999995], [6437133.789, 5662308.139], [6437150.261, 5662318.407], [6437153.4745, 5662320.3784], [6437163.0744, 5662326.2677], [6437166.3023, 5662328.248], [6437169.106, 5662329.968], [6437174.2236, 5662332.7447], [6437178.548, 5662335.091], [6437186.636, 5662339.115], [6437187.5219, 5662339.509400001], [6437193.874, 5662342.336999999], [6437207.8744, 5662348.039799999], [6437214.209, 5662350.619999999], [6437221.7305, 5662353.432700001], [6437239.1856, 5662359.960100001], [6437203.1328, 5662482.369999999], [6437203.0631, 5662482.6065], [6437153.0472, 5662469.4004999995], [6437093.2487, 5662464.7456], [6437092.9877, 5662464.725299999], [6437015.5108, 5662466.9607], [6436926.8675, 5662472.031099999], [6436844.0395, 5662486.6317], [6436785.0709, 5662506.044600001], [6436764.5537, 5662512.9925999995], [6436680.4529, 5662546.409600001], [6436596.3317, 5662586.427200001], [6436517.7351, 5662620.1778], [6436437.1882, 5662658.052200001], [6436352.6609, 5662697.5747], [6436280.718, 5662735.745200001], [6436203.549, 5662771.7787], [6436127.8919, 5662808.794], [6436033.8881, 5662851.791099999], [6435959.1551, 5662885.915999999], [6435954.8378, 5662887.887399999], [6435871.3708, 5662932.397399999], [6435785.6652, 5662965.433800001], [6435706.0131, 5662994.596999999], [6435626.4165, 5663028.3597], [6435553.8458, 5663064.2378], [6435475.8427, 5663109.881999999], [6435401.4328, 5663159.082900001], [6435324.905, 5663210.9596], [6435290.5857, 5663235.1852], [6435250.871, 5663263.216399999], [6435249.4441, 5663264.2235], [6435120.8115, 5663361.481799999], [6435029.4598, 5663415.5876], [6434886.6804, 5663517.3169], [6434711.0515, 5663641.438200001], [6434660.1565, 5663664.4277], [6434465.2815, 5663752.4537], [6434403.6116, 5663779.731699999], [6434245.7891, 5663837.823100001], [6434031.6436, 5663884.5548], [6433935.6784, 5663913.806500001], [6433828.0628, 5663975.305], [6433784.4078, 5664015.9648], [6433717.5973, 5664133.156300001], [6433660.5714, 5664258.427100001], [6433641.3609, 5664300.627599999], [6433558.4271, 5664411.994000001], [6433430.1016, 5664491.398], [6433427.1284, 5664493.2870000005], [6433426.0604, 5664492.6636], [6433423.6885, 5664493.8136]]]}, "properties": {"OBJECTID": 7, "NROSIEDLA": 10, "NAZWAOSIEDLA": "Przedmieście Oławskie", "SHAPE.AREA": 5966906.24845102, "SHAPE.LEN": 12448.3780826664, "DATA": 1453334400000}}, {"type": "Feature", "id": 8, "geometry": {"type": "Polygon", "coordinates": [[[6432224.4576, 5661350.457900001], [6432131.6891, 5661361.582599999], [6432028.9172, 5661372.8281], [6431864.7578, 5661399.358899999], [6431862.8277, 5661399.719900001], [6431855.0153, 5661401.181], [6431853.4274, 5661401.478], [6431841.8849, 5661403.6368], [6431840.0913, 5661403.972200001], [6431823.4103, 5661407.092], [6431807.5274, 5661410.0626], [6431804.4497, 5661410.6382], [6431801.6615, 5661411.159700001], [6431798.7247, 5661411.708900001], [6431787.1804, 5661413.868000001], [6431775.4677, 5661416.058599999], [6431769.7469, 5661417.1285999995], [6431769.0549, 5661414.825999999], [6431766.659, 5661406.854], [6431762.57, 5661393.2469999995], [6431766.766, 5661385.415999999], [6431770.4973, 5661378.438100001], [6431784.683, 5661351.9120000005], [6431788.143, 5661345.458000001], [6431788.602, 5661344.603], [6431802.613, 5661318.466], [6431802.5996, 5661318.4081], [6431801.6823, 5661314.574899999], [6431797.765, 5661298.205], [6431793.6683, 5661281.092700001], [6431790.3308, 5661267.152000001], [6431789.6537, 5661264.323100001], [6431778.948, 5661219.606000001], [6431777.5969, 5661213.960999999], [6431776.649, 5661210.0030000005], [6431768.2711, 5661184.433], [6431767.0899, 5661180.8277], [6431765.4635, 5661175.863700001], [6431761.303, 5661163.164999999], [6431766.619, 5661142.089], [6431771.42, 5661137.171], [6431771.429, 5661133.785], [6431771.438, 5661130.4], [6431756.5971, 5661086.8127], [6431745.2779, 5661053.5682], [6431744.4, 5661050.99], [6431733.905, 5661020.175000001], [6431728.988, 5661005.739], [6431727.239, 5661000.604], [6431705.776, 5660937.558], [6431704.149, 5660932.7870000005], [6431701.681, 5660925.526000001], [6431698.643, 5660916.602], [6431695.719, 5660908.017000001], [6431692.858, 5660899.620999999], [6431689.913, 5660890.966], [6431686.979, 5660882.341], [6431683.982, 5660873.536], [6431678.528, 5660857.511], [6431652.2359, 5660781.5041000005], [6431644.8677, 5660760.203600001], [6431643.1943, 5660755.365900001], [6431630.1328, 5660717.607100001], [6431607.3891, 5660651.857999999], [6431603.236, 5660639.852], [6431598.4187, 5660625.6018], [6431585.7838, 5660588.2256000005], [6431573.5409, 5660552.0088], [6431565.539, 5660528.3379999995], [6431559.99, 5660508.32], [6431559.349, 5660506.011], [6431588.909, 5660495.104], [6431588.6059, 5660494.166099999], [6431587.361, 5660490.312999999], [6431584.771, 5660482.073000001], [6431574.8232, 5660450.443600001], [6431551.0028, 5660374.7064], [6431548.9732, 5660368.2532], [6431523.243, 5660286.443399999], [6431511.6074, 5660249.448000001], [6431503.543, 5660223.807], [6431483.737, 5660232.447000001], [6431482.318, 5660228.384], [6431475.4295, 5660208.5846], [6431455.7021, 5660151.8827], [6431436.0259, 5660095.3279], [6431412.4837, 5660027.6609000005], [6431411.545, 5660024.9629999995], [6431411.2283, 5660023.625700001], [6431410.976, 5660022.5600000005], [6431405.1468, 5660002.6182], [6431429.6953, 5660002.5002], [6431484.279, 5660002.439300001], [6431520.6608, 5660002.449899999], [6431563.6575, 5660002.462400001], [6431588.4632, 5660002.4695999995], [6431649.6508, 5660002.487400001], [6431727.3755, 5660002.51], [6431783.6861, 5660002.198100001], [6431828.3297, 5660001.3094999995], [6431874.6267, 5660000.3879], [6432063.7807, 5659998.4968], [6432091.2604, 5659998.740900001], [6432129.2543, 5659999.078400001], [6432159.0157, 5659999.342800001], [6432197.0443, 5659999.680600001], [6432230.1891, 5659999.8455], [6432259.9566, 5659999.5337000005], [6432296.3444, 5659999.1525], [6432331.0731, 5659998.788699999], [6432379.0318, 5659998.2863], [6432415.4143, 5659997.905200001], [6432463.373, 5659997.366599999], [6432519.6163, 5659996.600400001], [6432567.5732, 5659995.9471], [6432610.5691, 5659995.361300001], [6432650.2576, 5659994.820599999], [6432722.9211, 5659994.1844], [6432787.4847, 5659993.924000001], [6432818.9064, 5659993.7973], [6432871.8272, 5659993.583900001], [6432916.4791, 5659993.4037999995], [6432956.1697, 5659993.243799999], [6432995.8602, 5659993.083699999], [6433035.5641, 5659992.923599999], [6433088.4849, 5659992.710200001], [6433119.9066, 5659992.5835], [6433156.2896, 5659992.4366999995], [6433195.9801, 5659992.276699999], [6433240.632, 5659992.0966], [6433282.0029, 5659991.9298], [6433318.3959, 5659991.786900001], [6433348.2777, 5659991.818399999], [6433414.5318, 5659992.7501], [6433454.2065, 5659993.308], [6433505.4529, 5659994.0286], [6433538.5152, 5659994.4935], [6433571.6381, 5659995.5329], [6433609.5828, 5659997.1263999995], [6433644.1177, 5659998.3387], [6433660.919, 5659998.696799999], [6433659.7632, 5660002.822699999], [6433659.6828, 5660003.1097], [6433658.671, 5660006.721899999], [6433657.625, 5660010.456], [6433656.3333, 5660015.0425], [6433654.451, 5660021.726], [6433653.7459, 5660022.430400001], [6433651.7718, 5660024.4026999995], [6433650.2135, 5660025.9597], [6433648.908, 5660027.264], [6433646.3905, 5660038.3463], [6433643.5685, 5660050.769300001], [6433643.04, 5660053.096000001], [6433643.0137, 5660058.360300001], [6433642.984, 5660064.301999999], [6433642.9459, 5660071.9222], [6433642.8547, 5660090.178300001], [6433642.8238, 5660096.364], [6433642.817, 5660097.718], [6433642.7119, 5660118.7533], [6433642.677, 5660125.7447], [6433642.639, 5660133.345000001], [6433642.7754, 5660148.5984000005], [6433642.81, 5660152.464], [6433642.8085, 5660152.8134], [6433642.7377, 5660169.8708999995], [6433642.7129, 5660175.8345], [6433642.682, 5660183.267000001], [6433642.6495, 5660184.8928], [6433642.3628, 5660199.239800001], [6433642.2871, 5660203.0261], [6433641.6822, 5660233.2917], [6433641.678, 5660233.502], [6433641.5413, 5660234.4562], [6433638.468, 5660255.902000001], [6433637.4416, 5660261.073000001], [6433636.9133, 5660263.734300001], [6433631.5017, 5660290.997400001], [6433631.1332, 5660292.8539], [6433630.12, 5660297.957900001], [6433624.9, 5660324.2556], [6433624.4181, 5660326.683800001], [6433619.906, 5660349.414999999], [6433618.8735, 5660354.3388], [6433618.394, 5660356.625499999], [6433612.3268, 5660385.559699999], [6433612.1326, 5660386.4858], [6433611.6087, 5660388.9845], [6433609.93, 5660396.99], [6433606.2906, 5660415.6142], [6433604.2634, 5660425.9881], [6433603.2941, 5660430.9487], [6433598.533, 5660455.312999999], [6433597.2743, 5660461.7599], [6433597.243, 5660461.92], [6433596.8882, 5660463.7707], [6433595.3932, 5660471.5703], [6433587.4092, 5660513.2214], [6433586.7456, 5660516.683499999], [6433585.474, 5660523.317], [6433578.223, 5660555.607999999], [6433577.9397, 5660556.7455], [6433574.808, 5660569.32], [6433575.793, 5660569.718], [6433571.5338, 5660585.982000001], [6433570.4265, 5660590.210100001], [6433569.2787, 5660594.5932], [6433567.036, 5660603.157], [6433566.486, 5660605.0263], [6433564.231, 5660612.691], [6433559.0702, 5660631.8873], [6433556.7325, 5660640.582599999], [6433555.014, 5660646.975], [6433546.4217, 5660680.4384], [6433544.7237, 5660687.0514], [6433544.162, 5660689.239], [6433533.1882, 5660728.9366], [6433532.8079, 5660730.3125], [6433531.3406, 5660735.6204], [6433530.9727, 5660736.951400001], [6433524.729, 5660759.538000001], [6433522.718, 5660765.291999999], [6433515.1913, 5660794.3418000005], [6433514.6118, 5660796.578299999], [6433499.406, 5660855.266000001], [6433499.1006, 5660856.571900001], [6433497.5104, 5660863.3718], [6433489.868, 5660896.051999999], [6433487.3646, 5660908.1658], [6433486.6554, 5660911.5977], [6433482.546, 5660931.482999999], [6433481.724, 5660935.453], [6433481.5128, 5660936.458000001], [6433480.5862, 5660940.8683], [6433473.8, 5660973.167300001], [6433472.181, 5660980.873], [6433471.274, 5660985.204], [6433470.0187, 5660991.033399999], [6433468.821, 5660996.595000001], [6433468.5524, 5660997.8828], [6433465.4387, 5661012.8116999995], [6433460.766, 5661035.215], [6433458.5815, 5661045.6435], [6433457.059, 5661052.9120000005], [6433456.2232, 5661056.7444], [6433450.0321, 5661085.134], [6433446.3194, 5661102.158600001], [6433445.1001, 5661107.7499], [6433444.503, 5661110.488], [6433444.499, 5661110.948000001], [6433443.465, 5661115.571], [6433439.329, 5661134.1219999995], [6433435.574, 5661150.198999999], [6433432.1499, 5661165.3412999995], [6433431.948, 5661166.233999999], [6433430.8396, 5661171.8101], [6433428.696, 5661182.5940000005], [6433425.095, 5661198.169], [6433421.013, 5661214.598999999], [6433418.3609, 5661225.983899999], [6433415.613, 5661237.779999999], [6433413.551, 5661246.631999999], [6433411.1419, 5661256.781400001], [6433410.6804, 5661258.7261], [6433409.735, 5661262.709000001], [6433406.7303, 5661275.974300001], [6433406.6098, 5661276.506200001], [6433404.3655, 5661286.414799999], [6433404.22, 5661287.057], [6433403.8414, 5661288.5712], [6433403.6627, 5661289.285599999], [6433402.4841, 5661293.999], [6433402.2535, 5661294.9212], [6433400.8007, 5661300.7314], [6433400.776, 5661300.83], [6433400.6014, 5661301.6328], [6433399.7295, 5661305.643100001], [6433398.6762, 5661310.487299999], [6433394.2835, 5661310.650699999], [6433354.8508, 5661312.118000001], [6433170.7939, 5661318.966399999], [6433011.7281, 5661326.4385], [6432702.8038, 5661337.5701], [6432452.0731, 5661341.3992], [6432421.5823, 5661340.932], [6432224.4576, 5661350.457900001]]]}, "properties": {"OBJECTID": 8, "NROSIEDLA": 14, "NAZWAOSIEDLA": "Gaj", "SHAPE.AREA": 2588011.80705413, "SHAPE.LEN": 6780.700217246, "DATA": 1453334400000}}, {"type": "Feature", "id": 9, "geometry": {"type": "Polygon", "coordinates": [[[6433282.0029, 5659991.9298], [6433240.632, 5659992.0966], [6433195.9801, 5659992.276699999], [6433156.2896, 5659992.4366999995], [6433119.9066, 5659992.5835], [6433088.4849, 5659992.710200001], [6433035.5641, 5659992.923599999], [6432995.8602, 5659993.083699999], [6432956.1697, 5659993.243799999], [6432916.4791, 5659993.4037999995], [6432871.8272, 5659993.583900001], [6432818.9064, 5659993.7973], [6432787.4847, 5659993.924000001], [6432722.9211, 5659994.1844], [6432650.2576, 5659994.820599999], [6432610.5691, 5659995.361300001], [6432567.5732, 5659995.9471], [6432519.6163, 5659996.600400001], [6432463.373, 5659997.366599999], [6432415.4143, 5659997.905200001], [6432379.0318, 5659998.2863], [6432331.0731, 5659998.788699999], [6432296.3444, 5659999.1525], [6432259.9566, 5659999.5337000005], [6432230.1891, 5659999.8455], [6432197.0443, 5659999.680600001], [6432159.0157, 5659999.342800001], [6432129.2543, 5659999.078400001], [6432091.2604, 5659998.740900001], [6432063.7807, 5659998.4968], [6432063.996, 5659974.261], [6432063.9, 5659971.396500001], [6432062.5215, 5659964.929], [6432059.099, 5659948.5219], [6432055.9302, 5659933.296800001], [6432052.5753, 5659917.252900001], [6432049.9199, 5659904.5546], [6432046.8235, 5659889.749299999], [6432043.876, 5659875.3390999995], [6432041.12, 5659861.8396000005], [6432037.2205, 5659843.2827], [6432034.6646, 5659831.1251], [6432031.5847, 5659816.4779], [6432029.6434, 5659807.1105], [6432027.3629, 5659796.114], [6432024.6515, 5659783.0364], [6432022.6616, 5659773.4328000005], [6432020.2879, 5659761.984999999], [6432018.6485, 5659754.071], [6432011.0749, 5659707.880899999], [6432005.8826, 5659681.2587], [6432001.5644, 5659656.833799999], [6431997.1634, 5659631.978], [6431992.9345, 5659608.1076], [6431974.9987, 5659514.621300001], [6431971.0807, 5659495.628900001], [6431965.3596, 5659467.8958], [6431962.9083, 5659456.0129], [6431954.5197, 5659415.349400001], [6431953.3712, 5659409.782400001], [6431947.6823, 5659391.2224], [6431946.2677, 5659386.861300001], [6431946.188, 5659386.615599999], [6431945.878, 5659385.66], [6431942.1398, 5659373.7246], [6431940.743, 5659369.265000001], [6431936.147, 5659353.589], [6431925.9697, 5659325.814300001], [6431924.165, 5659320.889], [6431916.9834, 5659302.001700001], [6431915.3235, 5659297.636299999], [6431909.2356, 5659281.6252999995], [6431902.9537, 5659265.104], [6431846.2561, 5659128.1701], [6431840.9851, 5659114.782199999], [6431840.5655, 5659113.716399999], [6431833.1101, 5659094.780300001], [6431812.8258, 5659036.094900001], [6431810.8137, 5659030.273700001], [6431805.1255, 5659013.817], [6431801.9889, 5659004.7425], [6431801.988, 5659004.7392], [6431798.8498, 5658992.6942], [6431794.628, 5658976.49], [6431791.1961, 5658964.6087], [6431791.1931, 5658964.5985], [6431789.8803, 5658960.0535], [6431785.6099, 5658945.269200001], [6431780.585, 5658927.873], [6431779.8304, 5658925.389900001], [6431779.408, 5658924], [6431779.2344, 5658923.3169], [6431778.67, 5658921.096000001], [6431778.2312, 5658919.3693], [6431777.7713, 5658917.5594999995], [6431777.02, 5658914.603], [6431775.6931, 5658909.381200001], [6431774.6436, 5658905.251599999], [6431773.5751, 5658901.0469], [6431772.2972, 5658896.018100001], [6431771.5076, 5658892.9109000005], [6431771.2723, 5658891.9849], [6431770.3108, 5658888.201300001], [6431770.2005, 5658887.7673], [6431770.1887, 5658887.720899999], [6431767.9498, 5658878.910499999], [6431767.5252, 5658877.239700001], [6431805.3782, 5658879.3507], [6431913.3337, 5658931.709799999], [6431932.7461, 5658940.6741], [6431938.4549, 5658943.3103], [6431950.4499, 5658948.849400001], [6431975.6181, 5658960.4717], [6431984.9072, 5658964.7612], [6432008.6385, 5658975.719900001], [6432009.5646, 5658976.147500001], [6432015.328, 5658978.809], [6432016.1175, 5658979.173800001], [6432020.632, 5658973.286], [6432020.662, 5658971.605], [6432021.382, 5658967.324999999], [6432022.331, 5658963.765000001], [6432023.261, 5658961.445], [6432025.462, 5658955.205], [6432027.142, 5658950.446], [6432033.312, 5658931.426000001], [6432034.142, 5658928.165999999], [6432033.802, 5658922.255999999], [6432033.682, 5658916.005999999], [6432033.002, 5658911.736], [6432031.602, 5658905.236], [6432030.291, 5658901.476], [6432026.651, 5658889.755999999], [6432024.271, 5658883.096000001], [6432023.0352, 5658879.2642], [6432020.5236, 5658871.476299999], [6432016.17, 5658857.977], [6432013.68, 5658851.207], [6432010.438, 5658840.897], [6432010.0919, 5658839.8979], [6432006.0542, 5658828.240900001], [6432005.748, 5658827.357000001], [6432003.958, 5658820.697000001], [6432001.637, 5658814.558], [6432000.418, 5658810.797], [6431997.237, 5658800.377], [6431988.955, 5658775.137], [6431986.193, 5658766.669199999], [6431982.9981, 5658756.874399999], [6431982.875, 5658756.4969999995], [6431980.334, 5658748.047], [6431979.344, 5658745.7870000005], [6431978.764, 5658742.027000001], [6431979.754, 5658740.756999999], [6431976.4143, 5658729.8134], [6431972.863, 5658718.176000001], [6431969.392, 5658714.706], [6431964.411, 5658699.414999999], [6431962.762, 5658694.356000001], [6431963.131, 5658693.365], [6431964.551, 5658693.026000001], [6431963.191, 5658687.845000001], [6431957.49, 5658671.375], [6431955.41, 5658668.1850000005], [6431952.34, 5658658.955], [6431947.5, 5658643.479800001], [6431947.5, 5658642.4999], [6431947.1461, 5658642.348200001], [6431945.3672, 5658641.5858], [6431937.2765, 5658617.835100001], [6431933.986, 5658608.1755], [6431932.3835, 5658603.4714], [6431930.737, 5658603.494999999], [6431926.5, 5658590.5724], [6431924.2271, 5658583.6403], [6431923.127, 5658580.285], [6431922.258, 5658578.823999999], [6431921.5908, 5658578.181700001], [6431923.5, 5658578.4999], [6431924.3, 5658583.699899999], [6431926.1699, 5658585.229800001], [6431922.9573, 5658575.7984], [6431925.778, 5658574.795], [6431926.488, 5658574.205], [6431927.5002, 5658573.1313000005], [6431945.11, 5658567.59], [6431962.05, 5658562.17], [6432010.865, 5658548.225], [6432047.485, 5658537.627], [6432068.234, 5658531.846999999], [6432079.8043, 5658529.0154], [6432082.1326, 5658528.445599999], [6432085.9968, 5658527.4999], [6432089.5, 5658527.4999], [6432089.2711, 5658526.6986], [6432090.083, 5658526.4999], [6432091.5, 5658526.153100001], [6432102.721, 5658523.407], [6432122.936, 5658518.392999999], [6432160.39, 5658509.5309999995], [6432160.3667, 5658509.386600001], [6432177.1139, 5658506.685699999], [6432177.0637, 5658503.962400001], [6432177.0331, 5658502.8879], [6432177.0272, 5658502.668299999], [6432175.5414, 5658450.4847], [6432167.9852, 5658343.2269], [6432157.1625, 5658235.092], [6432152.7807, 5658191.311000001], [6432152.3289, 5658187.3826], [6432151.9393, 5658183.9957], [6432151.9219, 5658183.843900001], [6432151.765, 5658182.48], [6432151.576, 5658180.842], [6432150.9029, 5658175.6214000005], [6432150.633, 5658173.528000001], [6432150.5519, 5658172.817], [6432150.3271, 5658170.845000001], [6432150.0408, 5658168.334000001], [6432149.784, 5658166.082], [6432149.6505, 5658164.912599999], [6432149.231, 5658161.237], [6432147.266, 5658147.449999999], [6432146.4887, 5658141.9958999995], [6432145.247, 5658133.284], [6432145.2262, 5658133.1625], [6432139.2841, 5658098.461100001], [6432137.5469, 5658088.3155000005], [6432132.812, 5658060.664000001], [6432132.0952, 5658056.414100001], [6432130.6927, 5658048.0988], [6432125.6036, 5658017.925100001], [6432123.8875, 5658007.7497000005], [6432123.577, 5658005.909], [6432121.99, 5657996.914000001], [6432120.762, 5657988.7870000005], [6432120.022, 5657983.897], [6432118.954, 5657977.948999999], [6432117.9055, 5657972.113600001], [6432116.1554, 5657962.3736000005], [6432113.122, 5657945.491], [6432111.006, 5657933.634], [6432110.3034, 5657929.6975], [6432109.887, 5657927.364], [6432107.489, 5657913.2530000005], [6432103.808, 5657891.892999999], [6432103.5042, 5657888.690099999], [6432102.6633, 5657879.8234], [6432100.9449, 5657861.705700001], [6432097.94, 5657845.554199999], [6432095.652, 5657833.2567], [6432090.738, 5657806.8434999995], [6432089.4802, 5657800.0831], [6432088.658, 5657795.8181], [6432087.1872, 5657788.1885], [6432081.7419, 5657759.458799999], [6432080.5344, 5657753.0878], [6432076.656, 5657732.625], [6432072.4477, 5657708.0416], [6432071.1456, 5657700.4355999995], [6432070.476, 5657696.524], [6432070.281, 5657695.391000001], [6432065.757, 5657676.401000001], [6432064.522, 5657671.852], [6432063.4268, 5657667.034399999], [6432062.8892, 5657664.669600001], [6432062.7479, 5657664.0481], [6432061.9676, 5657660.615700001], [6432061.8052, 5657659.9015], [6432063.9699, 5657657.9202], [6432067.5321, 5657660.615700001], [6432069.3486, 5657661.988600001], [6432074.4134, 5657665.819], [6432075.745, 5657666.825999999], [6432085.821, 5657660.604], [6432182.069, 5657633.839], [6432200.808, 5657626.961999999], [6432208.612, 5657623.908], [6432213.02, 5657632.845000001], [6432219.162, 5657650.380999999], [6432221.508, 5657650.903000001], [6432241.43, 5657644.231000001], [6432262.318, 5657637.248], [6432268.744, 5657629.460000001], [6432327.528, 5657602.807], [6432348.421, 5657592.103], [6432366.351, 5657581.255999999], [6432384.414, 5657573.046], [6432429.607, 5657550.647], [6432442.204, 5657546.114], [6432466.487, 5657543.74], [6432523.302, 5657542.981000001], [6432575.794, 5657534.563999999], [6432589.852, 5657529.323000001], [6432623.392, 5657509.275], [6432643.725, 5657496.107999999], [6432667.48, 5657479.809], [6432681.952, 5657471.603], [6432735.194, 5657448.335999999], [6432743.763, 5657444.852], [6432794.167, 5657423.379000001], [6432836.5931, 5657401.312999999], [6432835.267, 5657399.198999999], [6432907.203, 5657357.015000001], [6433020.612, 5657281.817], [6433121.6569, 5657216.0966], [6433121.949, 5657221.506999999], [6433122.5502, 5657228.072000001], [6433123.9125, 5657242.918400001], [6433123.9251, 5657243.0701], [6433125.8678, 5657264.2434], [6433125.88, 5657264.380000001], [6433127.78, 5657285.09], [6433128.9109, 5657297.4223], [6433129.528, 5657304.152000001], [6433134.3955, 5657357.8048], [6433134.6495, 5657360.604900001], [6433136.6151, 5657382.271], [6433136.9992, 5657386.505899999], [6433139.7548, 5657416.8784], [6433140.0648, 5657420.295], [6433140.167, 5657421.422], [6433140.3664, 5657423.628799999], [6433142.7294, 5657449.887499999], [6433142.8093, 5657450.7751], [6433145.2408, 5657477.786], [6433145.6745, 5657482.604499999], [6433147.5242, 5657503.1525], [6433148.0681, 5657509.1952], [6433148.916, 5657518.614], [6433149.19, 5657521.661], [6433149.2301, 5657522.0831], [6433149.2676, 5657522.4781], [6433149.3732, 5657523.5899], [6433149.4813, 5657524.727700001], [6433149.8833, 5657528.959899999], [6433150.1576, 5657531.847200001], [6433150.3478, 5657533.848999999], [6433152.124, 5657552.548], [6433152.4015, 5657555.5506], [6433152.7766, 5657559.610300001], [6433155.1961, 5657585.7925], [6433155.2381, 5657586.2469999995], [6433156.025, 5657594.763], [6433157.6693, 5657612.541999999], [6433157.9903, 5657616.023600001], [6433159.5762, 5657633.179500001], [6433159.623, 5657633.6861000005], [6433160.08, 5657638.630000001], [6433160.0812, 5657638.643200001], [6433160.57, 5657643.931], [6433161.114, 5657649.195], [6433161.65, 5657654.43], [6433161.6529, 5657654.4584], [6433161.8665, 5657656.515799999], [6433162.5034, 5657662.6526], [6433164.6429, 5657683.2652], [6433165.0394, 5657687.0759], [6433165.6883, 5657693.324899999], [6433166.529, 5657701.416200001], [6433167.3647, 5657709.459000001], [6433167.7714, 5657713.3891], [6433168.9768, 5657725.010600001], [6433169.739, 5657732.380000001], [6433170.6488, 5657741.1296999995], [6433170.8596, 5657743.1635], [6433172.7405, 5657761.290999999], [6433173.9588, 5657773.0331999995], [6433174.8289, 5657781.420499999], [6433175.024, 5657783.301999999], [6433175.3433, 5657786.350099999], [6433175.476, 5657787.617000001], [6433177.611, 5657806.993000001], [6433188.13, 5657902.385], [6433197.869, 5657990.726], [6433198.309, 5657994.721000001], [6433198.865, 5658003.546], [6433207.938, 5658088.903999999], [6433208.562, 5658094.778000001], [6433208.826, 5658097.264], [6433210.969, 5658117.369999999], [6433211.217, 5658119.698999999], [6433211.849, 5658125.67], [6433231.696, 5658311.927999999], [6433233.264, 5658326.6899999995], [6433238.319, 5658380.973999999], [6433244.132, 5658442.630000001], [6433250.253, 5658505.721999999], [6433252.654, 5658532.375], [6433256.924, 5658579.658], [6433262.342, 5658634.187999999], [6433266.503, 5658675.732000001], [6433267.704, 5658688.218], [6433272.297, 5658737.388], [6433277.028, 5658786.380999999], [6433280.282, 5658820.709000001], [6433283.319, 5658851.573999999], [6433283.649, 5658855.7809999995], [6433286.515, 5658902.960999999], [6433287.664, 5658937.630999999], [6433287.6645, 5658937.668099999], [6433287.665, 5658937.705700001], [6433287.6714, 5658938.207900001], [6433287.6812, 5658938.9549], [6433287.6824, 5658939.048900001], [6433287.6826, 5658939.091600001], [6433287.6858, 5658939.366800001], [6433287.6897, 5658939.554199999], [6433287.6901, 5658939.583699999], [6433287.6949, 5658939.942399999], [6433287.6974, 5658940.130100001], [6433287.7, 5658940.3193], [6433287.7003, 5658940.343599999], [6433287.705, 5658940.6976], [6433287.7289, 5658942.4822], [6433287.7334, 5658942.819599999], [6433287.7537, 5658944.337200001], [6433287.7594, 5658944.761600001], [6433287.7788, 5658946.209100001], [6433287.7853, 5658946.6931], [6433287.7918, 5658947.1799], [6433287.8232, 5658949.524], [6433287.8407, 5658950.8312], [6433287.8779, 5658953.6164], [6433287.8828, 5658953.978399999], [6433287.8857, 5658954.196699999], [6433287.9092, 5658955.950999999], [6433287.9168, 5658956.525], [6433287.9426, 5658958.445699999], [6433287.9472, 5658958.7938], [6433287.9801, 5658961.250499999], [6433287.9824, 5658961.4198], [6433288.0102, 5658963.4999], [6433288.0177, 5658964.059], [6433288.0395, 5658965.688200001], [6433288.0447, 5658966.0765], [6433288.0681, 5658967.8257], [6433288.074, 5658968.267999999], [6433288.0714, 5658968.3784], [6433288.0412, 5658969.658600001], [6433287.858, 5658977.427300001], [6433287.7777, 5658980.8342], [6433287.651, 5658986.205], [6433287.7148, 5658988.9187], [6433287.9936, 5659000.7838], [6433288.1537, 5659007.599199999], [6433288.1938, 5659009.303400001], [6433288.2535, 5659011.8434], [6433288.3492, 5659015.9201], [6433288.3496, 5659015.9333], [6433288.3653, 5659016.6033], [6433288.3748, 5659017.008099999], [6433288.452, 5659020.2928], [6433288.4853, 5659021.709799999], [6433288.5585, 5659024.8256], [6433288.5782, 5659025.6653], [6433288.5913, 5659026.220899999], [6433288.6194, 5659027.417199999], [6433288.6207, 5659027.473999999], [6433288.6318, 5659027.943399999], [6433288.6379, 5659028.2053], [6433288.6665, 5659029.4212], [6433288.6722, 5659029.6632], [6433288.7083, 5659031.2017], [6433288.7223, 5659031.795700001], [6433288.7376, 5659032.445], [6433288.7476, 5659032.8706], [6433288.7506, 5659033.0012], [6433288.7636, 5659033.5525], [6433288.7693, 5659033.7951], [6433288.7757, 5659034.0701], [6433288.7894, 5659034.650699999], [6433288.7955, 5659034.9114], [6433288.7996, 5659035.086300001], [6433288.8134, 5659035.6734], [6433288.824, 5659036.124], [6433289.674, 5659104.799000001], [6433289.723, 5659108.828], [6433289.957, 5659132.323000001], [6433290.745, 5659199.152000001], [6433290.824, 5659205.741], [6433290.926, 5659214.171], [6433290.976, 5659218.960999999], [6433293.702, 5659450.381999999], [6433295.201, 5659458.234999999], [6433297.901, 5659465.756999999], [6433301.74, 5659472.766000001], [6433306.624, 5659479.092], [6433313.218, 5659485.200999999], [6433319.898, 5659489.5879999995], [6433327.181, 5659492.880000001], [6433334.887, 5659494.9969999995], [6433556.597, 5659528.481000001], [6433677.408, 5659546.711999999], [6433701.674, 5659550.379000001], [6433719.799, 5659553.111], [6433719.1247, 5659556.2947], [6433718.4508, 5659559.477], [6433716.7987, 5659567.277899999], [6433715.3446, 5659574.1439], [6433713.9817, 5659580.5791], [6433713.714, 5659581.8433], [6433707.1992, 5659612.604699999], [6433706.8217, 5659614.3871], [6433702.0203, 5659637.0583], [6433701.795, 5659638.1219999995], [6433700.2377, 5659647.5659], [6433696.2089, 5659671.9987], [6433696.0887, 5659672.7278], [6433695.123, 5659678.584000001], [6433693.6736, 5659695.6393], [6433693.0372, 5659703.1285], [6433691.384, 5659722.582], [6433691.2475, 5659726.2984], [6433691.1218, 5659729.7192], [6433690.556, 5659745.123], [6433691.3165, 5659754.7323], [6433691.4643, 5659756.6009], [6433691.4916, 5659756.9449000005], [6433693.418, 5659781.2871], [6433693.6053, 5659783.6546], [6433694.084, 5659789.703], [6433695.4408, 5659805.2037], [6433695.7142, 5659808.327099999], [6433697.5581, 5659829.3924], [6433697.7523, 5659831.6105], [6433698.828, 5659843.9], [6433698.558, 5659850.543], [6433698.0201, 5659853.3281], [6433697.5389, 5659855.8199000005], [6433695.528, 5659866.232000001], [6433691.878, 5659877.7469999995], [6433691.1236, 5659880.301999999], [6433690.9893, 5659880.756899999], [6433686.613, 5659895.578], [6433685.6183, 5659898.947000001], [6433679.4158, 5659919.953199999], [6433678.9387, 5659921.569], [6433673.5604, 5659939.7842], [6433672.1615, 5659944.521600001], [6433669.6806, 5659952.923800001], [6433668.6492, 5659956.416999999], [6433668.0073, 5659958.5909], [6433667.564, 5659960.0923999995], [6433666.0093, 5659965.3576], [6433665.884, 5659965.782], [6433665.5122, 5659968.4517], [6433665.2319, 5659970.4640999995], [6433664.3462, 5659976.8237], [6433664.1487, 5659978.2411], [6433663.7349, 5659981.2128], [6433663.473, 5659983.093], [6433663.0697, 5659988.025800001], [6433662.724, 5659992.2530000005], [6433662.6682, 5659992.452199999], [6433661.6939, 5659995.930299999], [6433660.9263, 5659998.670600001], [6433660.919, 5659998.696799999], [6433644.1177, 5659998.3387], [6433609.5828, 5659997.1263999995], [6433571.6381, 5659995.5329], [6433538.5152, 5659994.4935], [6433505.4529, 5659994.0286], [6433454.2065, 5659993.308], [6433414.5318, 5659992.7501], [6433348.2777, 5659991.818399999], [6433318.3959, 5659991.786900001], [6433282.0029, 5659991.9298]]]}, "properties": {"OBJECTID": 9, "NROSIEDLA": 48, "NAZWAOSIEDLA": "Wojszyce", "SHAPE.AREA": 3270305.77368035, "SHAPE.LEN": 8956.6768523001, "DATA": 1453334400000}}, {"type": "Feature", "id": 10, "geometry": {"type": "Polygon", "coordinates": [[[6430369.8923, 5661915.895099999], [6430368.4595, 5661916.5854], [6430335.1093, 5661932.6533], [6430022.1466, 5662081.953600001], [6429657.8256, 5662136.9647], [6429669.4401, 5661998.239600001], [6429675.0485, 5661931.355900001], [6429681.1013, 5661859.1731], [6429685.2206, 5661813.4114], [6429690.7707, 5661758.9055], [6429711.4033, 5661657.0864], [6429734.7439, 5661557.069399999], [6429735.8425, 5661555.5089], [6429736.3393, 5661552.184900001], [6429739.9893, 5661527.764699999], [6429797.4954, 5661358.2885], [6429862.1176, 5661202.568600001], [6429883.7516, 5661158.515699999], [6429883.9678, 5661158.0755], [6429907.2797, 5661118.0912], [6429928.1518, 5661084.009199999], [6429951.5948, 5661045.7294], [6429970.4626, 5661014.920499999], [6429993.9056, 5660976.6406], [6430035.2089, 5660906.912699999], [6430058.2893, 5660867.540100001], [6430076.7957, 5660835.9701000005], [6430099.1687, 5660797.804099999], [6430117.6751, 5660766.234099999], [6430140.2656, 5660729.168500001], [6430168.6418, 5660683.030200001], [6430183.524, 5660658.8323], [6430194.0881, 5660641.6557], [6430234.1072, 5660576.5866], [6430250.0469, 5660551.0941], [6430306.9202, 5660461.640900001], [6430334.1784, 5660424.9366999995], [6430355.3595, 5660396.947699999], [6430379.953, 5660364.4494], [6430406.6527, 5660330.8824000005], [6430437.181, 5660294.2236], [6430460.9559, 5660272.0438], [6430501.372, 5660234.816400001], [6430534.5987, 5660207.308700001], [6430569.6878, 5660180.580600001], [6430603.2342, 5660161.215399999], [6430628.2791, 5660146.7578], [6430651.374, 5660133.425899999], [6430682.6936, 5660115.5403], [6430702.3053, 5660100.6425], [6430718.6276, 5660096.369200001], [6430737.5311, 5660086.2839], [6430768.5778, 5660075.055500001], [6430798.6208, 5660064.2787], [6430832.1147, 5660052.264], [6430860.0485, 5660043.4848], [6430885.0172, 5660037.5998], [6430921.3342, 5660029.039999999], [6430938.9672, 5660024.884], [6430965.743, 5660019.4833], [6430986.7917, 5660016.7074], [6430987.1229, 5660016.663699999], [6431017.5755, 5660012.647700001], [6431049.9886, 5660008.8695], [6431091.2524, 5660005.8935], [6431122.5378, 5660003.6371], [6431153.4051, 5660002.965], [6431193.0938, 5660003.0167], [6431217.8993, 5660003.0491], [6431254.3469, 5660003.0966], [6431308.9451, 5660003.080600001], [6431361.4312, 5660002.828299999], [6431365.1978, 5660002.8102], [6431405.1468, 5660002.6182], [6431410.976, 5660022.5600000005], [6431411.2283, 5660023.625700001], [6431411.545, 5660024.9629999995], [6431412.4837, 5660027.6609000005], [6431436.0259, 5660095.3279], [6431455.7021, 5660151.8827], [6431475.4295, 5660208.5846], [6431482.318, 5660228.384], [6431483.737, 5660232.447000001], [6431503.543, 5660223.807], [6431511.6074, 5660249.448000001], [6431523.243, 5660286.443399999], [6431548.9732, 5660368.2532], [6431551.0028, 5660374.7064], [6431574.8232, 5660450.443600001], [6431584.771, 5660482.073000001], [6431587.361, 5660490.312999999], [6431588.6059, 5660494.166099999], [6431588.909, 5660495.104], [6431559.349, 5660506.011], [6431559.99, 5660508.32], [6431565.539, 5660528.3379999995], [6431573.5409, 5660552.0088], [6431585.7838, 5660588.2256000005], [6431598.4187, 5660625.6018], [6431603.236, 5660639.852], [6431607.3891, 5660651.857999999], [6431630.1328, 5660717.607100001], [6431643.1943, 5660755.365900001], [6431644.8677, 5660760.203600001], [6431652.2359, 5660781.5041000005], [6431678.528, 5660857.511], [6431683.982, 5660873.536], [6431686.979, 5660882.341], [6431689.913, 5660890.966], [6431692.858, 5660899.620999999], [6431695.719, 5660908.017000001], [6431698.643, 5660916.602], [6431701.681, 5660925.526000001], [6431704.149, 5660932.7870000005], [6431705.776, 5660937.558], [6431727.239, 5661000.604], [6431728.988, 5661005.739], [6431733.905, 5661020.175000001], [6431744.4, 5661050.99], [6431745.2779, 5661053.5682], [6431756.5971, 5661086.8127], [6431771.438, 5661130.4], [6431771.429, 5661133.785], [6431771.42, 5661137.171], [6431766.619, 5661142.089], [6431761.303, 5661163.164999999], [6431765.4635, 5661175.863700001], [6431767.0899, 5661180.8277], [6431768.2711, 5661184.433], [6431776.649, 5661210.0030000005], [6431777.5969, 5661213.960999999], [6431778.948, 5661219.606000001], [6431789.6537, 5661264.323100001], [6431790.3308, 5661267.152000001], [6431793.6683, 5661281.092700001], [6431797.765, 5661298.205], [6431801.6823, 5661314.574899999], [6431802.5996, 5661318.4081], [6431802.613, 5661318.466], [6431788.602, 5661344.603], [6431788.143, 5661345.458000001], [6431784.683, 5661351.9120000005], [6431770.4973, 5661378.438100001], [6431766.766, 5661385.415999999], [6431762.57, 5661393.2469999995], [6431766.659, 5661406.854], [6431769.0549, 5661414.825999999], [6431769.7469, 5661417.1285999995], [6431743.656, 5661422.008300001], [6431698.0639, 5661433.992900001], [6431686.5896, 5661440.4015999995], [6431684.7768, 5661441.414000001], [6431662.7578, 5661447.217599999], [6431653.0303, 5661449.7905], [6431652.44, 5661449.9465], [6431650.7252, 5661450.399800001], [6431650.722, 5661450.401000001], [6431641.9905, 5661452.716600001], [6431622.2113, 5661457.962200001], [6431617.9133, 5661459.102], [6431597.548, 5661464.5030000005], [6431594.43, 5661465.327299999], [6431590.0433, 5661466.487], [6431580.4202, 5661469.0309999995], [6431568.3023, 5661472.2346], [6431563.5338, 5661473.495200001], [6431563.0525, 5661473.622400001], [6431554.5756, 5661475.863399999], [6431553.0574, 5661476.264799999], [6431510.549, 5661490.4465], [6431472.4788, 5661502.632999999], [6431442.2291, 5661512.058], [6431414.8697, 5661519.924699999], [6431392.422, 5661525.947799999], [6431364.56, 5661533.211999999], [6431325.1859, 5661543.728499999], [6431211.079, 5661572.692], [6431204.8545, 5661582.220000001], [6431204.2509, 5661583.143999999], [6431203.6435, 5661584.0737], [6431203.291, 5661584.613299999], [6431200.4703, 5661588.931], [6431199.0945, 5661591.0371], [6431198.3125, 5661592.234099999], [6431197.5334, 5661593.4266], [6431195.1919, 5661597.0109], [6431193.001, 5661600.364499999], [6431190.6291, 5661603.9953000005], [6431189.3042, 5661606.0233], [6431187.8981, 5661608.1756], [6431187.21, 5661609.229], [6431175.7714, 5661612.3507], [6431170.3893, 5661613.819499999], [6431167.8339, 5661614.516899999], [6431162.33, 5661616.018999999], [6431152.373, 5661617.16], [6431137.5523, 5661618.770199999], [6431131.249, 5661619.455], [6431118.8517, 5661609.3047], [6431111.906, 5661603.618000001], [6431034.3063, 5661623.3046], [6430955.5579, 5661659.5845], [6430770.0013, 5661728.828299999], [6430573.7172, 5661817.693700001], [6430369.8923, 5661915.895099999]]]}, "properties": {"OBJECTID": 10, "NROSIEDLA": 15, "NAZWAOSIEDLA": "Borek", "SHAPE.AREA": 2763975.37974887, "SHAPE.LEN": 6899.23990351555, "DATA": 1453334400000}}, {"type": "Feature", "id": 11, "geometry": {"type": "Polygon", "coordinates": [[[6431122.5378, 5660003.6371], [6431091.2524, 5660005.8935], [6431049.9886, 5660008.8695], [6431017.5755, 5660012.647700001], [6430987.1229, 5660016.663699999], [6430986.7917, 5660016.7074], [6430986.6988, 5660015.8429000005], [6430986.527, 5660014.2456], [6430986.4725, 5660013.7391], [6430986.2994, 5660012.128900001], [6430986.1131, 5660010.3971], [6430985.9551, 5660008.9274], [6430984.745, 5659997.6754], [6430984.4988, 5659995.385399999], [6430984.46, 5659995.025], [6430983.1969, 5659994.284700001], [6430979.6755, 5659992.220899999], [6430979.3544, 5659992.0327], [6430978.598, 5659991.589500001], [6430976.4592, 5659990.335999999], [6430975.466, 5659989.753900001], [6430974.811, 5659989.369999999], [6430975.8924, 5659988.580499999], [6430976.1794, 5659988.370999999], [6430979.1652, 5659986.1910999995], [6430985.1412, 5659981.8281], [6430985.507, 5659981.561000001], [6430991.516, 5659976.362], [6430994.234, 5659974.010500001], [6430995.225, 5659973.153000001], [6431004.913, 5659964.726], [6431008.064, 5659961.819800001], [6431012.8342, 5659957.4202], [6431014.219, 5659956.142999999], [6431021.1459, 5659949.804500001], [6431023.566, 5659947.59], [6431026.3247, 5659944.852499999], [6431032.686, 5659938.539999999], [6431035.2391, 5659935.8807], [6431040.0251, 5659930.8957], [6431041.584, 5659929.272], [6431043.7678, 5659926.884299999], [6431050.259, 5659919.7870000005], [6431053.1434, 5659916.4759], [6431058.702, 5659910.095000001], [6431061.732, 5659906.421700001], [6431067.109, 5659899.903000001], [6431075.215, 5659889.674000001], [6431079.9533, 5659883.3478999995], [6431082.577, 5659879.845000001], [6431083.5309, 5659878.508099999], [6431090.041, 5659869.384], [6431097.253, 5659858.7469999995], [6431101.0615, 5659852.820499999], [6431103.7672, 5659848.610099999], [6431104.203, 5659847.932], [6431105.4832, 5659845.832], [6431110.891, 5659836.960999999], [6431114.1493, 5659830.8791000005], [6431116.985, 5659825.585999999], [6431117.7506, 5659824.202199999], [6431123.19, 5659814.370999999], [6431128.001, 5659804.8215], [6431128.766, 5659803.302999999], [6431134.915, 5659791.538000001], [6431136.532, 5659787.978], [6431138.2818, 5659784.117799999], [6431140.224, 5659779.833000001], [6431141.896, 5659775.881999999], [6431143.7514, 5659771.510500001], [6431145.1103, 5659768.3089000005], [6431145.241, 5659768.001], [6431144.6634, 5659766.456800001], [6431142.813, 5659761.51], [6431137.0987, 5659759.543199999], [6431136.6107, 5659759.3752], [6431130.2806, 5659757.1964], [6431123.391, 5659754.824999999], [6431118.3063, 5659753.074899999], [6431119.5004, 5659749.702], [6431119.956, 5659748.414999999], [6431121.2525, 5659743.0667], [6431121.3774, 5659742.5517], [6431122.8686, 5659736.4001], [6431122.962, 5659736.015000001], [6431123.133, 5659733.5426], [6431123.8282, 5659723.488399999], [6431123.995, 5659721.077], [6431124.0173, 5659718.9112], [6431124.1743, 5659703.6975], [6431124.371, 5659684.6280000005], [6431124.3312, 5659680.868000001], [6431124.2266, 5659670.994999999], [6431124.1919, 5659667.7140999995], [6431123.994, 5659649.024], [6431124.0704, 5659630.357000001], [6431124.162, 5659607.971100001], [6431124.182, 5659603.09], [6431123.855, 5659578.841], [6431123.711, 5659568.147], [6431123.6986, 5659558.917199999], [6431123.698, 5659558.473999999], [6431123.6649, 5659533.8288], [6431123.6418, 5659516.6885], [6431123.6243, 5659503.6721], [6431123.614, 5659496.005999999], [6431123.52, 5659488.397], [6431123.3083, 5659471.4716], [6431122.5484, 5659410.725400001], [6431123.144, 5659400.313999999], [6431123.35, 5659392.701199999], [6431123.543, 5659385.569], [6431123.1293, 5659382.819], [6431122.694, 5659379.925000001], [6431121.0062, 5659368.697699999], [6431119.378, 5659357.867000001], [6431119.2754, 5659357.260199999], [6431113.893, 5659325.425000001], [6431111.0212, 5659308.4383000005], [6431109.7027, 5659300.6393], [6431109.4522, 5659299.1576000005], [6431105.362, 5659274.964], [6431103.781, 5659265.612], [6431101.88, 5659254.671], [6431100.197, 5659244.981000001], [6431099.507, 5659241.005999999], [6431099.2119, 5659239.308700001], [6431098.669, 5659236.186000001], [6431092.118, 5659198.491], [6431091.9671, 5659197.789999999], [6431091.2675, 5659194.541200001], [6431085.032, 5659165.582], [6431084.311, 5659162.234999999], [6431082.468, 5659154.801999999], [6431080.1462, 5659145.4473], [6431078.864, 5659140.2809999995], [6431077.86, 5659136.232999999], [6431077.0836, 5659133.2106], [6431076.621, 5659131.41], [6431075.5474, 5659127.231000001], [6431075.123, 5659125.579], [6431072.412, 5659115.267000001], [6431069.5308, 5659104.3094], [6431068.672, 5659101.043], [6431068.4349, 5659100.296399999], [6431060.168, 5659074.26], [6431055.4951, 5659061.945699999], [6431054.9878, 5659060.6088], [6431043.428, 5659030.1459], [6431039.1645, 5659018.9103999995], [6431030.443, 5658995.926999999], [6431028.661, 5658991.306], [6431027.228, 5658987.59], [6431026.2049, 5658984.9377999995], [6431025.2681, 5658982.509199999], [6431024.289, 5658979.971000001], [6431022.001, 5658973.755999999], [6431015.0743, 5658954.930299999], [6431011.902, 5658946.308599999], [6431004.278, 5658925.5879999995], [6431001.4883, 5658917.444599999], [6430998.9405, 5658910.0077], [6430988.443, 5658879.365], [6430988.3618, 5658879.1252999995], [6430985.3448, 5658870.214299999], [6430974.9174, 5658839.4164], [6430973.37, 5658834.846000001], [6430972.3964, 5658831.6908], [6430962.2142, 5658798.6929], [6430961.262, 5658795.607000001], [6430960.2852, 5658792.320800001], [6430949.8279, 5658757.1412], [6430948.6452, 5658753.1624], [6430938.762, 5658719.914000001], [6430938.2026, 5658717.9825], [6430936.4984, 5658712.0989], [6430925.4282, 5658673.8784], [6430925.2791, 5658673.3639], [6430924.2285, 5658669.736500001], [6430919.0678, 5658654.319], [6430917.8793, 5658650.7684], [6430912.2664, 5658634.0001], [6430911.9004, 5658632.9068], [6430911.3565, 5658631.2819], [6430911.2696, 5658631.0907000005], [6430910.9295, 5658630.342499999], [6430910.696, 5658629.8289], [6430909.9034, 5658628.085100001], [6430909.2398, 5658626.6252], [6430909.1891, 5658626.540200001], [6430909.1874, 5658626.5374], [6430907.9911, 5658624.5327], [6430906.9095, 5658622.7203], [6430906.1354, 5658621.4231], [6430905.7712, 5658620.812899999], [6430905.324, 5658620.0635], [6430905.1294, 5658619.7093], [6430904.6467, 5658618.8309], [6430902.7495, 5658615.3781], [6430902.4971, 5658614.9188], [6430901.7798, 5658613.613299999], [6430900.4159, 5658611.131200001], [6430900.1499, 5658610.6006000005], [6430899.7446, 5658609.792099999], [6430899.217, 5658608.739700001], [6430899.0853, 5658608.4769], [6430898.7498, 5658607.807700001], [6430898.5745, 5658607.458000001], [6430898.2535, 5658606.817600001], [6430897.5011, 5658605.3167], [6430896.9045, 5658604.126700001], [6430895.3359, 5658600.9976], [6430894.0186, 5658598.5605], [6430891.7661, 5658594.393300001], [6430891.4068, 5658593.728599999], [6430890.0261, 5658591.505999999], [6430883.2893, 5658580.6614], [6430880.985, 5658576.952], [6430878.8581, 5658573.528000001], [6430876.337, 5658569.4695], [6430865.766, 5658552.452], [6430856.644, 5658535.867000001], [6430856.072, 5658534.636], [6430849.921, 5658521.376], [6430845.695, 5658512.873], [6430842.9067, 5658507.262499999], [6430840.031, 5658501.476], [6430838.3139, 5658497.079399999], [6430829.759, 5658475.175000001], [6430823.8478, 5658457.2530000005], [6430819.621, 5658444.437999999], [6430818.318, 5658440.4055], [6430814.287, 5658427.93], [6430811.114, 5658418.108999999], [6430807.655, 5658407.989], [6430802.4051, 5658392.6284], [6430800.018, 5658385.643999999], [6430799.9689, 5658385.4779], [6430796.427, 5658373.494999999], [6430793.06, 5658362.102], [6430789.039, 5658350.424000001], [6430785.8562, 5658341.406300001], [6430780.2612, 5658324.0416], [6430772.75, 5658300.73], [6430772.0458, 5658298.6252], [6430766.0491, 5658280.7027], [6430756.385, 5658251.819], [6430754.6928, 5658246.4526], [6430749.5243, 5658230.0614], [6430739.589, 5658198.552999999], [6430736.6121, 5658189.1127], [6430735.2577, 5658184.817500001], [6430734.777, 5658183.293], [6430734.0445, 5658181.166300001], [6430729.451, 5658167.829], [6430726.9175, 5658160.4717999995], [6430726.8834, 5658160.3729], [6430725.7208, 5658156.9965], [6430725.1644, 5658155.380799999], [6430724.932, 5658154.706], [6430724.8429, 5658154.3375], [6430724.591, 5658153.296], [6430724.4059, 5658152.531099999], [6430723.348, 5658147.370999999], [6430721.808, 5658142.419], [6430673.193, 5658001.243000001], [6430638.182, 5657906.937000001], [6430604.347, 5657810.6850000005], [6430596.833, 5657686.348999999], [6430588.378, 5657552.994999999], [6430574.603, 5657408.288000001], [6430565.102, 5657319.551999999], [6430567.847, 5657307.558], [6430572.34, 5657292.0030000005], [6430724.247, 5657264.117000001], [6430822.229, 5657238.0940000005], [6430898.476, 5657221.024], [6430922.708, 5657224.4120000005], [6430967.17, 5657221.0370000005], [6430981.889, 5657215.919], [6431031.861, 5657191.468], [6431070.919, 5657176.868000001], [6431170.249, 5657152.5940000005], [6431245.674, 5657127.903999999], [6431307.945, 5657106.232000001], [6431327.301, 5657094.187999999], [6431501.483, 5657008.665999999], [6431659.382, 5656930.870999999], [6431754.751, 5656885.611], [6431792.803, 5656863.2469999995], [6431827.114, 5656847.448999999], [6431840.623, 5656846.515000001], [6431872.741, 5656852.807], [6431906.957, 5656853.112], [6431914.36, 5656857.461999999], [6431895.735, 5656908.524], [6431890.826, 5656927.765000001], [6431888.109, 5656944.58], [6431888.34, 5656977.83], [6431891.222, 5656995.457], [6431917.472, 5657084.888], [6431945.912, 5657180.929], [6431962.871, 5657236.995999999], [6431972.549, 5657278.141000001], [6431995.535, 5657379.427999999], [6432003.441, 5657413.221000001], [6432016.27, 5657468.016000001], [6432063.966, 5657657.918], [6432063.9699, 5657657.9202], [6432061.8052, 5657659.9015], [6432061.9676, 5657660.615700001], [6432062.7479, 5657664.0481], [6432062.8892, 5657664.669600001], [6432063.4268, 5657667.034399999], [6432064.522, 5657671.852], [6432065.757, 5657676.401000001], [6432070.281, 5657695.391000001], [6432070.476, 5657696.524], [6432071.1456, 5657700.4355999995], [6432072.4477, 5657708.0416], [6432076.656, 5657732.625], [6432080.5344, 5657753.0878], [6432081.7419, 5657759.458799999], [6432087.1872, 5657788.1885], [6432088.658, 5657795.8181], [6432089.4802, 5657800.0831], [6432090.738, 5657806.8434999995], [6432095.652, 5657833.2567], [6432097.94, 5657845.554199999], [6432100.9449, 5657861.705700001], [6432102.6633, 5657879.8234], [6432103.5042, 5657888.690099999], [6432103.808, 5657891.892999999], [6432107.489, 5657913.2530000005], [6432109.887, 5657927.364], [6432110.3034, 5657929.6975], [6432111.006, 5657933.634], [6432113.122, 5657945.491], [6432116.1554, 5657962.3736000005], [6432117.9055, 5657972.113600001], [6432118.954, 5657977.948999999], [6432120.022, 5657983.897], [6432120.762, 5657988.7870000005], [6432121.99, 5657996.914000001], [6432123.577, 5658005.909], [6432123.8875, 5658007.7497000005], [6432125.6036, 5658017.925100001], [6432130.6927, 5658048.0988], [6432132.0952, 5658056.414100001], [6432132.812, 5658060.664000001], [6432137.5469, 5658088.3155000005], [6432139.2841, 5658098.461100001], [6432145.2262, 5658133.1625], [6432145.247, 5658133.284], [6432146.4887, 5658141.9958999995], [6432147.266, 5658147.449999999], [6432149.231, 5658161.237], [6432149.6505, 5658164.912599999], [6432149.784, 5658166.082], [6432150.0408, 5658168.334000001], [6432150.3271, 5658170.845000001], [6432150.5519, 5658172.817], [6432150.633, 5658173.528000001], [6432150.9029, 5658175.6214000005], [6432151.576, 5658180.842], [6432151.765, 5658182.48], [6432151.9219, 5658183.843900001], [6432151.9393, 5658183.9957], [6432152.3289, 5658187.3826], [6432152.7807, 5658191.311000001], [6432157.1625, 5658235.092], [6432167.9852, 5658343.2269], [6432175.5414, 5658450.4847], [6432177.0272, 5658502.668299999], [6432177.0331, 5658502.8879], [6432177.0637, 5658503.962400001], [6432177.1139, 5658506.685699999], [6432160.3667, 5658509.386600001], [6432160.39, 5658509.5309999995], [6432122.936, 5658518.392999999], [6432102.721, 5658523.407], [6432091.5, 5658526.153100001], [6432090.083, 5658526.4999], [6432089.2711, 5658526.6986], [6432089.5, 5658527.4999], [6432085.9968, 5658527.4999], [6432082.1326, 5658528.445599999], [6432079.8043, 5658529.0154], [6432068.234, 5658531.846999999], [6432047.485, 5658537.627], [6432010.865, 5658548.225], [6431962.05, 5658562.17], [6431945.11, 5658567.59], [6431927.5002, 5658573.1313000005], [6431926.488, 5658574.205], [6431925.778, 5658574.795], [6431922.9573, 5658575.7984], [6431926.1699, 5658585.229800001], [6431924.3, 5658583.699899999], [6431923.5, 5658578.4999], [6431921.5908, 5658578.181700001], [6431922.258, 5658578.823999999], [6431923.127, 5658580.285], [6431924.2271, 5658583.6403], [6431926.5, 5658590.5724], [6431930.737, 5658603.494999999], [6431932.3835, 5658603.4714], [6431933.986, 5658608.1755], [6431937.2765, 5658617.835100001], [6431945.3672, 5658641.5858], [6431947.1461, 5658642.348200001], [6431947.5, 5658642.4999], [6431947.5, 5658643.479800001], [6431952.34, 5658658.955], [6431955.41, 5658668.1850000005], [6431957.49, 5658671.375], [6431963.191, 5658687.845000001], [6431964.551, 5658693.026000001], [6431963.131, 5658693.365], [6431962.762, 5658694.356000001], [6431964.411, 5658699.414999999], [6431969.392, 5658714.706], [6431972.863, 5658718.176000001], [6431976.4143, 5658729.8134], [6431979.754, 5658740.756999999], [6431978.764, 5658742.027000001], [6431979.344, 5658745.7870000005], [6431980.334, 5658748.047], [6431982.875, 5658756.4969999995], [6431982.9981, 5658756.874399999], [6431986.193, 5658766.669199999], [6431988.955, 5658775.137], [6431997.237, 5658800.377], [6432000.418, 5658810.797], [6432001.637, 5658814.558], [6432003.958, 5658820.697000001], [6432005.748, 5658827.357000001], [6432006.0542, 5658828.240900001], [6432010.0919, 5658839.8979], [6432010.438, 5658840.897], [6432013.68, 5658851.207], [6432016.17, 5658857.977], [6432020.5236, 5658871.476299999], [6432023.0352, 5658879.2642], [6432024.271, 5658883.096000001], [6432026.651, 5658889.755999999], [6432030.291, 5658901.476], [6432031.602, 5658905.236], [6432033.002, 5658911.736], [6432033.682, 5658916.005999999], [6432033.802, 5658922.255999999], [6432034.142, 5658928.165999999], [6432033.312, 5658931.426000001], [6432027.142, 5658950.446], [6432025.462, 5658955.205], [6432023.261, 5658961.445], [6432022.331, 5658963.765000001], [6432021.382, 5658967.324999999], [6432020.662, 5658971.605], [6432020.632, 5658973.286], [6432016.1175, 5658979.173800001], [6432015.328, 5658978.809], [6432009.5646, 5658976.147500001], [6432008.6385, 5658975.719900001], [6431984.9072, 5658964.7612], [6431975.6181, 5658960.4717], [6431950.4499, 5658948.849400001], [6431938.4549, 5658943.3103], [6431932.7461, 5658940.6741], [6431913.3337, 5658931.709799999], [6431805.3782, 5658879.3507], [6431767.5252, 5658877.239700001], [6431767.9498, 5658878.910499999], [6431770.1887, 5658887.720899999], [6431770.2005, 5658887.7673], [6431770.3108, 5658888.201300001], [6431771.2723, 5658891.9849], [6431771.5076, 5658892.9109000005], [6431772.2972, 5658896.018100001], [6431773.5751, 5658901.0469], [6431774.6436, 5658905.251599999], [6431775.6931, 5658909.381200001], [6431777.02, 5658914.603], [6431777.7713, 5658917.5594999995], [6431778.2312, 5658919.3693], [6431778.67, 5658921.096000001], [6431779.2344, 5658923.3169], [6431779.408, 5658924], [6431779.8304, 5658925.389900001], [6431780.585, 5658927.873], [6431785.6099, 5658945.269200001], [6431789.8803, 5658960.0535], [6431791.1931, 5658964.5985], [6431791.1961, 5658964.6087], [6431794.628, 5658976.49], [6431798.8498, 5658992.6942], [6431801.988, 5659004.7392], [6431801.9889, 5659004.7425], [6431805.1255, 5659013.817], [6431810.8137, 5659030.273700001], [6431812.8258, 5659036.094900001], [6431833.1101, 5659094.780300001], [6431840.5655, 5659113.716399999], [6431840.9851, 5659114.782199999], [6431846.2561, 5659128.1701], [6431902.9537, 5659265.104], [6431909.2356, 5659281.6252999995], [6431915.3235, 5659297.636299999], [6431916.9834, 5659302.001700001], [6431924.165, 5659320.889], [6431925.9697, 5659325.814300001], [6431936.147, 5659353.589], [6431940.743, 5659369.265000001], [6431942.1398, 5659373.7246], [6431945.878, 5659385.66], [6431946.188, 5659386.615599999], [6431946.2677, 5659386.861300001], [6431947.6823, 5659391.2224], [6431953.3712, 5659409.782400001], [6431954.5197, 5659415.349400001], [6431962.9083, 5659456.0129], [6431965.3596, 5659467.8958], [6431971.0807, 5659495.628900001], [6431974.9987, 5659514.621300001], [6431992.9345, 5659608.1076], [6431997.1634, 5659631.978], [6432001.5644, 5659656.833799999], [6432005.8826, 5659681.2587], [6432011.0749, 5659707.880899999], [6432018.6485, 5659754.071], [6432020.2879, 5659761.984999999], [6432022.6616, 5659773.4328000005], [6432024.6515, 5659783.0364], [6432027.3629, 5659796.114], [6432029.6434, 5659807.1105], [6432031.5847, 5659816.4779], [6432034.6646, 5659831.1251], [6432037.2205, 5659843.2827], [6432041.12, 5659861.8396000005], [6432043.876, 5659875.3390999995], [6432046.8235, 5659889.749299999], [6432049.9199, 5659904.5546], [6432052.5753, 5659917.252900001], [6432055.9302, 5659933.296800001], [6432059.099, 5659948.5219], [6432062.5215, 5659964.929], [6432063.9, 5659971.396500001], [6432063.996, 5659974.261], [6432063.7807, 5659998.4968], [6431874.6267, 5660000.3879], [6431828.3297, 5660001.3094999995], [6431783.6861, 5660002.198100001], [6431727.3755, 5660002.51], [6431649.6508, 5660002.487400001], [6431588.4632, 5660002.4695999995], [6431563.6575, 5660002.462400001], [6431520.6608, 5660002.449899999], [6431484.279, 5660002.439300001], [6431429.6953, 5660002.5002], [6431405.1468, 5660002.6182], [6431365.1978, 5660002.8102], [6431361.4312, 5660002.828299999], [6431308.9451, 5660003.080600001], [6431254.3469, 5660003.0966], [6431217.8993, 5660003.0491], [6431193.0938, 5660003.0167], [6431153.4051, 5660002.965], [6431122.5378, 5660003.6371]]]}, "properties": {"OBJECTID": 11, "NROSIEDLA": 20, "NAZWAOSIEDLA": "Ołtaszyn", "SHAPE.AREA": 3367748.83695466, "SHAPE.LEN": 9246.714404488112, "DATA": 1453334400000}}, {"type": "Feature", "id": 12, "geometry": {"type": "Polygon", "coordinates": [[[6428923.7217, 5659759.573999999], [6428930.4686, 5659804.950099999], [6428937.0832, 5659852.972100001], [6428941.978, 5659883.7961], [6428943.076, 5659907.6483], [6428943.2744, 5659910.6910999995], [6428942.0838, 5659923.589500001], [6428939.9671, 5659937.4802], [6428935.2046, 5659956.7948], [6428928.1932, 5659977.1678], [6428907.8932, 5660019.8847], [6428877.163, 5660093.697899999], [6428854.9563, 5660143.308800001], [6428842.9707, 5660170.772600001], [6428826.0638, 5660208.661], [6428802.6481, 5660263.4299], [6428783.3335, 5660307.3508], [6428765.7387, 5660347.4352], [6428750.5251, 5660383.154100001], [6428733.724, 5660420.725], [6428713.4834, 5660467.556299999], [6428692.3166, 5660516.7689], [6428684.7569, 5660541.5414], [6428682.527, 5660575.638800001], [6428682.3948, 5660582.121099999], [6428684.5104, 5660594.9471], [6428686.8927, 5660623.793099999], [6428684.2865, 5660672.4574], [6428682.7803, 5660684.6691], [6428678.1758, 5660684.101199999], [6428663.9937, 5660682.3521], [6428615.3115, 5660676.3496], [6428606.0226, 5660655.2959], [6428606.0849, 5660654.856000001], [6428607.4379, 5660641.9363], [6428611.0375, 5660616.4925], [6428618.6373, 5660562.767899999], [6428622.1729, 5660525.1839000005], [6428623.6581, 5660480.9344999995], [6428621.5255, 5660439.328299999], [6428613.3687, 5660399.905099999], [6428602.2265, 5660364.157500001], [6428581.5119, 5660317.514900001], [6428555.9981, 5660271.770300001], [6428521.1122, 5660219.9054000005], [6428501.6217, 5660192.8325], [6428501.185, 5660192.225400001], [6428500.5251, 5660191.3092], [6428500.3413, 5660191.054099999], [6428500.0663, 5660190.6722], [6428500.0019, 5660190.582800001], [6428499.783, 5660190.278899999], [6428499.6547, 5660190.1008], [6428499.4849, 5660189.865], [6428499.393, 5660189.737400001], [6428499.0989, 5660189.3292], [6428499.008, 5660189.203], [6428499.0006, 5660189.193], [6428498.8956, 5660189.0516], [6428498.8625, 5660189.007099999], [6428498.6822, 5660188.7644], [6428498.4468, 5660188.4474], [6428498.286, 5660188.231000001], [6428498.0337, 5660187.8913], [6428497.8293, 5660187.6161], [6428497.6154, 5660187.3281], [6428497.3379, 5660186.954600001], [6428497.2234, 5660186.8004], [6428496.8514, 5660186.2996], [6428496.822, 5660186.26], [6428496.6808, 5660186.069], [6428496.3762, 5660185.6570999995], [6428496.2194, 5660185.445], [6428495.9912, 5660185.136399999], [6428495.7436, 5660184.8016], [6428495.6171, 5660184.6305], [6428495.4056, 5660184.3444], [6428495.165, 5660184.018999999], [6428495.1172, 5660183.9549], [6428495.0831, 5660183.9087000005], [6428494.9292, 5660183.7009], [6428494.9027, 5660183.664999999], [6428494.504, 5660183.126700001], [6428494.3919, 5660182.975400001], [6428494.0266, 5660182.482100001], [6428493.8589, 5660182.2556], [6428493.4807, 5660181.7455], [6428493.4773, 5660181.740800001], [6428493.4568, 5660181.712099999], [6428493.3212, 5660181.5296], [6428492.9227, 5660180.991900001], [6428492.8344, 5660180.8728], [6428492.4396, 5660180.34], [6428492.24, 5660180.070599999], [6428491.8468, 5660179.539899999], [6428491.739, 5660179.3945], [6428491.2711, 5660178.7631], [6428491.159, 5660178.6118], [6428490.6623, 5660177.941400001], [6428490.568, 5660177.814200001], [6428490.0917, 5660177.171399999], [6428489.9536, 5660176.984999999], [6428489.4549, 5660176.312000001], [6428489.3516, 5660176.172599999], [6428488.8824, 5660175.5394], [6428488.7664, 5660175.3828], [6428488.2833, 5660174.730799999], [6428488.149, 5660174.5496], [6428487.7281, 5660173.9815], [6428487.5979, 5660173.8059], [6428487.1932, 5660173.2597], [6428487.129, 5660173.173], [6428486.6804, 5660172.567600001], [6428486.5428, 5660172.381999999], [6428486.1241, 5660171.8169], [6428485.9899, 5660171.6358], [6428485.5417, 5660171.0309], [6428485.4381, 5660170.891100001], [6428484.8647, 5660170.1173], [6428484.8325, 5660170.073799999], [6428484.4563, 5660169.566199999], [6428484.2905, 5660169.3423999995], [6428483.9387, 5660168.867699999], [6428483.84, 5660168.734999999], [6428483.7213, 5660168.5744], [6428483.3208, 5660168.0337000005], [6428483.175, 5660167.8368999995], [6428482.7452, 5660167.256899999], [6428482.6177, 5660167.084799999], [6428482.168, 5660166.4779], [6428482.0086, 5660166.262800001], [6428481.5955, 5660165.7053], [6428481.4735, 5660165.5408], [6428481.0042, 5660164.907400001], [6428480.9015, 5660164.7688], [6428480.4505, 5660164.1602], [6428480.248, 5660163.8869], [6428479.8702, 5660163.377], [6428479.7473, 5660163.211200001], [6428479.235, 5660162.5198], [6428479.1347, 5660162.384500001], [6428478.8711, 5660162.0287], [6428478.5557, 5660161.603], [6428478.4355, 5660161.4409], [6428478.3535, 5660161.3302], [6428478.1702, 5660161.082800001], [6428477.6257, 5660160.347999999], [6428477.3056, 5660159.915999999], [6428476.7162, 5660159.1206], [6428476.4725, 5660158.7918], [6428475.7471, 5660157.812899999], [6428475.5584, 5660157.5581], [6428475.029, 5660156.843800001], [6428474.7615, 5660156.4827], [6428474.1885, 5660155.7094], [6428473.9055, 5660155.327500001], [6428473.24, 5660154.429400001], [6428473.0955, 5660154.234300001], [6428472.7425, 5660153.758099999], [6428472.6571, 5660153.6428], [6428472.5468, 5660153.494000001], [6428472.515, 5660153.450999999], [6428472.2494, 5660153.093599999], [6428472.1448, 5660152.9529], [6428471.8164, 5660152.5109], [6428471.7151, 5660152.3747000005], [6428471.3645, 5660151.902899999], [6428471.2833, 5660151.7937], [6428470.9079, 5660151.2886], [6428470.826, 5660151.178300001], [6428470.4584, 5660150.683700001], [6428470.3805, 5660150.5789], [6428470.0513, 5660150.136], [6428469.9702, 5660150.026900001], [6428469.922, 5660149.961999999], [6428469.5822, 5660149.502599999], [6428469.4926, 5660149.3815], [6428469.1253, 5660148.8851], [6428469.0524, 5660148.786499999], [6428468.8002, 5660148.445599999], [6428468.7178, 5660148.3342], [6428468.6215, 5660148.2041], [6428468.58, 5660148.148], [6428468.2267, 5660147.734099999], [6428468.1756, 5660147.6743], [6428467.9558, 5660147.4169], [6428467.7943, 5660147.227700001], [6428467.6958, 5660147.112299999], [6428467.6696, 5660147.081700001], [6428466.9421, 5660146.229599999], [6428466.8247, 5660146.0921], [6428465.9538, 5660145.072000001], [6428465.7553, 5660144.8396000005], [6428465.03, 5660143.99], [6428464.9431, 5660143.888], [6428464.7536, 5660143.6657], [6428464.0128, 5660142.796599999], [6428463.818, 5660142.568], [6428463.2066, 5660141.8507], [6428462.9354, 5660141.532500001], [6428462.3171, 5660140.8050999995], [6428462.0319, 5660140.471000001], [6428461.8292, 5660140.2335], [6428461.333, 5660139.6514], [6428461.1398, 5660139.424799999], [6428460.5097, 5660138.6855999995], [6428460.1958, 5660138.317500001], [6428459.5228, 5660137.528100001], [6428459.3279, 5660137.2995], [6428458.5585, 5660136.397], [6428458.3686, 5660136.1742], [6428457.9298, 5660135.659499999], [6428457.5154, 5660135.1734], [6428457.209, 5660134.813999999], [6428457.0472, 5660134.624299999], [6428456.7585, 5660134.285599999], [6428456.035, 5660133.437000001], [6428455.8482, 5660133.2179000005], [6428455.1101, 5660132.3522], [6428454.9008, 5660132.106699999], [6428454.2134, 5660131.3004], [6428453.9816, 5660131.0286], [6428453.3252, 5660130.2586], [6428453.0596, 5660129.9472], [6428452.4426, 5660129.2235], [6428452.1557, 5660128.8869], [6428451.6108, 5660128.2478], [6428451.3181, 5660127.9045], [6428450.7395, 5660127.2259], [6428450.4603, 5660126.898399999], [6428449.8569, 5660126.1907], [6428449.6628, 5660125.9629999995], [6428449.0364, 5660125.2282], [6428448.7647, 5660124.909600001], [6428448.1143, 5660124.1468], [6428447.8907, 5660123.884500001], [6428447.0513, 5660122.899900001], [6428446.9275, 5660122.7546999995], [6428446.4303, 5660122.171599999], [6428446.2222, 5660121.9276], [6428445.9504, 5660121.6087], [6428444.7746, 5660120.229599999], [6428444.5427, 5660119.957599999], [6428443.1685, 5660118.345799999], [6428442.9079, 5660118.040200001], [6428441.7834, 5660116.7212000005], [6428441.4073, 5660116.280099999], [6428440.281, 5660114.959100001], [6428439.9173, 5660114.532500001], [6428438.6839, 5660113.0858], [6428438.4564, 5660112.819], [6428437.2673, 5660111.4242], [6428437.123, 5660111.255000001], [6428436.957, 5660111.0940000005], [6428435.5291, 5660109.7097], [6428435.0762, 5660109.2707], [6428433.7334, 5660107.968800001], [6428433.2168, 5660107.468], [6428431.752, 5660106.047900001], [6428431.3599, 5660105.6677], [6428431.1407, 5660105.4552], [6428430.7071, 5660105.0349], [6428430.0601, 5660104.407500001], [6428429.5811, 5660103.9431], [6428429.4106, 5660103.777799999], [6428425.4755, 5660099.9625], [6428424.4268, 5660098.945699999], [6428424.3003, 5660098.823100001], [6428416.667, 5660091.422], [6428411.5633, 5660086.473999999], [6428406.1464, 5660081.222100001], [6428402.626, 5660077.809], [6428393.2524, 5660069.381899999], [6428388.4422, 5660065.057399999], [6428375.0647, 5660053.0306], [6428374.6628, 5660052.669299999], [6428370.7401, 5660049.1428], [6428354.8161, 5660034.827199999], [6428351.5785, 5660031.9166], [6428350.9974, 5660031.394200001], [6428348.64, 5660029.274900001], [6428346.5822, 5660027.424900001], [6428345.0367, 5660026.035599999], [6428344.372, 5660025.437999999], [6428342.045, 5660023.346000001], [6428341.4811, 5660022.8401999995], [6428338.9033, 5660020.525599999], [6428334.2197, 5660016.320900001], [6428332.2826, 5660014.581900001], [6428326.688, 5660009.5594], [6428325.826, 5660008.785599999], [6428325.177, 5660008.203], [6428319.27, 5660002.9], [6428317.4794, 5660001.2925], [6428316.1204, 5660000.0725], [6428312.806, 5659997.096999999], [6428310.0784, 5659994.646199999], [6428308.2578, 5659993.010399999], [6428306.3681, 5659991.3124], [6428304.354, 5659989.502699999], [6428303.145, 5659988.416099999], [6428302.481, 5659987.819399999], [6428302.1582, 5659987.530300001], [6428301.5019, 5659986.9407], [6428299.5829, 5659985.2159], [6428299.2082, 5659984.879899999], [6428296.7803, 5659982.698899999], [6428294.5286, 5659980.676200001], [6428292.2982, 5659978.672700001], [6428290.4919, 5659977.050100001], [6428288.2018, 5659974.992900001], [6428287.3541, 5659974.2315], [6428283.257, 5659970.550000001], [6428283.21, 5659970.51], [6428282.8988, 5659970.2304], [6428281.5145, 5659968.9866], [6428276.1847, 5659964.197899999], [6428275.7943, 5659963.847100001], [6428271.8382, 5659960.2926], [6428269.371, 5659958.0759], [6428268.178, 5659957.004000001], [6428266.5029, 5659955.498400001], [6428264.2527, 5659953.4759], [6428262.8468, 5659952.212200001], [6428261.22, 5659950.75], [6428260.0997, 5659949.7414], [6428259.4405, 5659949.1483], [6428257.817, 5659947.6877999995], [6428257.7968, 5659947.6697], [6428257.148, 5659947.085999999], [6428254.8968, 5659945.0649], [6428254.221, 5659944.4582], [6428253.2873, 5659943.619899999], [6428252.7435, 5659943.1317], [6428252.0821, 5659942.537900001], [6428251.423, 5659941.946], [6428250.5812, 5659941.190099999], [6428250.06, 5659940.721999999], [6428246.6129, 5659937.6230999995], [6428245.6483, 5659936.756200001], [6428241.5088, 5659933.0352], [6428239.386, 5659931.1272], [6428236.9476, 5659928.9354], [6428234.7621, 5659926.970899999], [6428234.197, 5659926.4629999995], [6428231.3517, 5659923.907], [6428229.1451, 5659921.924799999], [6428226.0148, 5659919.1128], [6428224.1303, 5659917.4199], [6428221.9502, 5659915.4615], [6428219.2111, 5659913.0009], [6428217.6206, 5659911.5721], [6428215.3845, 5659909.5638999995], [6428214.622, 5659908.879000001], [6428212.4428, 5659906.9208], [6428210.7314, 5659905.3836], [6428206.6112, 5659901.682], [6428205.1241, 5659900.346100001], [6428201.8045, 5659897.364], [6428199.8865, 5659895.641000001], [6428196.7505, 5659892.8237], [6428195.2419, 5659891.4684999995], [6428192.0322, 5659888.585100001], [6428189.7031, 5659886.492799999], [6428186.9075, 5659883.9813], [6428185.926, 5659883.0996], [6428181.8888, 5659879.4728], [6428179.9966, 5659877.773], [6428177.991, 5659875.971999999], [6428176.4283, 5659874.567399999], [6428174.0368, 5659872.4191], [6428170.5792, 5659869.3127999995], [6428169.1951, 5659868.069399999], [6428165.5783, 5659864.8202], [6428163.9366, 5659863.3454], [6428160.9308, 5659860.645], [6428158.7312, 5659858.6689], [6428156.1243, 5659856.327], [6428153.8733, 5659854.3049], [6428150.5049, 5659851.2787999995], [6428149.3081, 5659850.203600001], [6428145.2389, 5659846.548], [6428143.2129, 5659844.7279], [6428141.855, 5659843.507999999], [6428140.3445, 5659842.150599999], [6428138.0859, 5659840.120999999], [6428135.9666, 5659838.216499999], [6428133.9706, 5659836.422900001], [6428129.9392, 5659832.8002], [6428129.0071, 5659831.9627], [6428125.9113, 5659829.1807], [6428123.2832, 5659826.8191], [6428120.5408, 5659824.354699999], [6428118.5935, 5659822.604900001], [6428115.5766, 5659819.8938], [6428113.3881, 5659817.927200001], [6428111.219, 5659815.978], [6428110.1087, 5659815.0043], [6428108.5417, 5659813.6303], [6428105.6552, 5659811.099099999], [6428103.6524, 5659809.342700001], [6428100.0251, 5659806.161900001], [6428099.1728, 5659805.4145], [6428094.9019, 5659801.669299999], [6428093.5797, 5659800.5099], [6428090.218, 5659797.562000001], [6428089.9777, 5659797.351299999], [6428087.5637, 5659795.2344], [6428084.341, 5659792.408299999], [6428082.4536, 5659790.7533], [6428078.1744, 5659787.0008000005], [6428076.7835, 5659785.781099999], [6428071.7477, 5659781.3651], [6428071.1286, 5659780.8222], [6428066.6969, 5659776.936000001], [6428064.6285, 5659775.122199999], [6428061.1392, 5659772.0624], [6428059.7566, 5659770.85], [6428054.9659, 5659766.649], [6428053.7809, 5659765.6098], [6428048.1048, 5659760.632300001], [6428047.2428, 5659759.8763999995], [6428041.66, 5659754.980799999], [6428040.4742, 5659753.941], [6428035.7402, 5659749.7897], [6428034.483, 5659748.6872000005], [6428030.2549, 5659744.979599999], [6428028.8855, 5659743.7787], [6428027.7928, 5659742.820599999], [6428026.0143, 5659741.261], [6428025.0821, 5659740.443499999], [6428024.622, 5659740.039999999], [6428021.3391, 5659726.4322999995], [6428021.189, 5659725.8100000005], [6428017.992, 5659716.158], [6428012.414, 5659699.3440000005], [6428010.2146, 5659692.7161], [6428008.3627, 5659687.1357], [6428006.477, 5659689.392200001], [6427996.4268, 5659700.198100001], [6427992.4011, 5659704.5264], [6427986.1781, 5659710.1932], [6427976.6991, 5659718.8248], [6427966.5023, 5659728.109999999], [6427963.444, 5659730.895], [6427945.6054, 5659745.675000001], [6427945.5658, 5659745.707699999], [6427941.221, 5659739.649], [6427940.784, 5659739.034], [6427935.372, 5659731.4690000005], [6427931.2156, 5659725.6609000005], [6427923.3199, 5659714.6274999995], [6427910.1609, 5659696.2391], [6427902.5356, 5659685.5836], [6427890.2422, 5659668.4048999995], [6427879.7474, 5659653.739499999], [6427865.7793, 5659634.2206999995], [6427860.257, 5659626.503799999], [6427846.5423, 5659607.339], [6427841.8562, 5659600.7906], [6427837.8799, 5659595.234200001], [6427835.242, 5659591.548], [6427831.3944, 5659587.2048], [6427829.7882, 5659585.3917], [6427826.4721, 5659581.648399999], [6427823.107, 5659577.8498], [6427822.425, 5659577.08], [6427822.3188, 5659576.461999999], [6427821.4933, 5659571.6598000005], [6427821.3079, 5659570.581499999], [6427820.7047, 5659567.0723], [6427818.715, 5659555.4969999995], [6427817.6528, 5659549.3157], [6427816.8641, 5659544.726], [6427816.8604, 5659544.7051], [6427815.005, 5659533.914000001], [6427812.03, 5659516.607000001], [6427811.6758, 5659514.628799999], [6427811.4485, 5659513.359099999], [6427811.2869, 5659512.4582], [6427810.8659, 5659510.109999999], [6427810.284, 5659506.862], [6427809.702, 5659503.614], [6427807.3512, 5659491.213099999], [6427806.2312, 5659485.3048], [6427805.2548, 5659480.1535], [6427802.52, 5659465.727], [6427801.1613, 5659458.5602], [6427799.4364, 5659449.4618], [6427796.997, 5659436.5940000005], [6427795.3374, 5659427.8419], [6427794.3202, 5659422.474199999], [6427792.921, 5659415.0923], [6427791.5965, 5659408.1052], [6427790.6698, 5659403.2173999995], [6427789.7738, 5659398.489700001], [6427789.0215, 5659394.5209], [6427788.7136, 5659392.8968], [6427787.9476, 5659388.856699999], [6427786.6823, 5659382.1807], [6427786.0564, 5659378.878699999], [6427785.9029, 5659378.0691], [6427785.8585, 5659377.8365], [6427785.8496, 5659377.7907], [6427785.8481, 5659377.7820999995], [6427715.0254, 5659339.4428], [6427651.7721, 5659347.438100001], [6427651.5557, 5659347.465299999], [6427651.477, 5659347.475299999], [6427645.9247, 5659348.177100001], [6427643.5831, 5659348.473099999], [6427642.0671, 5659348.6647], [6427626.7424, 5659350.6019], [6427616.159, 5659351.9396], [6427609.6197, 5659352.7662], [6427597.0819, 5659354.3511], [6427596.7528, 5659354.3927], [6427592.9173, 5659354.8774999995], [6427591.2585, 5659355.087200001], [6427590.8338, 5659355.140900001], [6427590.5636, 5659355.175000001], [6427590.42, 5659355.1932], [6427590.3883, 5659355.1972], [6427590.3134, 5659355.206700001], [6427590.2972, 5659355.208699999], [6427590.2123, 5659355.2194], [6427590.201, 5659355.220899999], [6427590.192, 5659355.221999999], [6427590.1798, 5659355.2235], [6427589.3566, 5659355.335200001], [6427588.7579, 5659355.410700001], [6427588.0885, 5659355.495200001], [6427586.6121, 5659355.681500001], [6427583.2611, 5659356.1043], [6427580.5531, 5659356.446], [6427578.3306, 5659356.726500001], [6427573.0763, 5659357.3892], [6427569.4141, 5659357.851600001], [6427565.6327, 5659358.3281], [6427561.8206, 5659358.8089000005], [6427560.8, 5659358.9373], [6427558.366, 5659359.244899999], [6427553.0629, 5659359.9147], [6427552.3595, 5659360.0035999995], [6427546.0529, 5659360.799900001], [6427544.3581, 5659361.013900001], [6427543.1939, 5659361.1609000005], [6427542.639, 5659361.231000001], [6427539.0096, 5659361.647600001], [6427537.1799, 5659361.8576], [6427536.8015, 5659361.901000001], [6427533.3827, 5659362.293400001], [6427532.0205, 5659362.4497], [6427527.6108, 5659362.955800001], [6427526.496, 5659363.083799999], [6427525.7234, 5659363.1724], [6427525.1447, 5659363.2388], [6427523.2337, 5659363.4582], [6427522.0211, 5659363.5973000005], [6427520.5746, 5659363.7634], [6427518.132, 5659364.043199999], [6427517.9664, 5659364.062100001], [6427484.8249, 5659367.8663], [6427483.0578, 5659368.0692], [6427441.1881, 5659372.8747000005], [6427438.4193, 5659373.192500001], [6427427.012, 5659374.501700001], [6427413.5391, 5659376.0481], [6427390.5619, 5659378.6855], [6427377.6882, 5659380.163000001], [6427376.7571, 5659380.2699], [6427370.4913, 5659380.9891], [6427365.7817, 5659381.5296], [6427354.1, 5659382.869999999], [6427354.097, 5659382.8707], [6427341.4042, 5659384.6588], [6427336.1218, 5659385.403000001], [6427302.3024, 5659390.168], [6427297.8895, 5659390.789799999], [6427295.7199, 5659391.0954], [6427283.7692, 5659392.779200001], [6427276.4053, 5659393.8168], [6427260.7346, 5659396.024700001], [6427251.225, 5659397.364499999], [6427242.4327, 5659398.6033], [6427233.5154, 5659399.8597], [6427225.8168, 5659400.944399999], [6427219.6791, 5659401.8092], [6427205.6555, 5659403.785], [6427202.1752, 5659404.2754], [6427191.4738, 5659405.7831999995], [6427165.489, 5659409.4443], [6427158.4538, 5659410.4355], [6427139.6992, 5659413.0779], [6427122.9995, 5659415.4308], [6427108.8768, 5659417.420700001], [6427097.3878, 5659419.0394], [6427069.1722, 5659423.014799999], [6427051.2444, 5659425.5407], [6427026.7548, 5659428.9912], [6427019.24, 5659430.050000001], [6427019.2039, 5659430.2974], [6427012.5714, 5659431.2369], [6427009.4401, 5659431.680500001], [6427005.9, 5659432.182], [6426991.873, 5659434.168], [6426977.1524, 5659436.2532], [6426976.907, 5659436.288000001], [6426975.8248, 5659435.597200001], [6426971.4589, 5659432.8124], [6426970.946, 5659432.485200001], [6426970.5786, 5659432.2508000005], [6426970.353, 5659432.105599999], [6426970.3501, 5659432.1051], [6426916.1331, 5659447.863500001], [6426911.319, 5659420.7129999995], [6426850.354, 5659214.221999999], [6426836.12, 5659171.722999999], [6426813.016, 5659102.761], [6426807.009, 5659084.802999999], [6426797.287, 5659055.76], [6426792.246, 5659040.75], [6426785.451, 5659017.221000001], [6426779, 5658994.858999999], [6426769.595, 5658962.251], [6426767.685, 5658955.624], [6426761.818, 5658935.294], [6426760.784, 5658931.707], [6426756.585, 5658879.824999999], [6426760.479, 5658874.3379999995], [6426760.14, 5658871.390000001], [6426753.537, 5658813.138], [6426752.649, 5658705.17], [6426762.311, 5658689.482999999], [6426815.947, 5658640.715], [6426864.122, 5658602.619999999], [6426898.762, 5658566.666999999], [6426923.09, 5658529.077], [6426980.368, 5658421.448000001], [6427001.142, 5658364.186000001], [6427002.928, 5658346.392999999], [6426999.634, 5658228.319], [6427004.284, 5658202.598999999], [6427015.341, 5658169.013], [6427125.417, 5658000.8719999995], [6427198.47, 5657891.879000001], [6427218.792, 5657868.513], [6427216.922, 5657862.654999999], [6427236.111, 5657834.001], [6427258.575, 5657814.107999999], [6427284.155, 5657791.448000001], [6427319.144, 5657749.873], [6427357.081, 5657706.623], [6427380.568, 5657679.8379999995], [6427395.117, 5657663.252], [6427421.82, 5657654.399], [6427501.432, 5657627.978], [6427527.548, 5657619.3719999995], [6427560.526, 5657691.268999999], [6427560.834, 5657691.946], [6427578.529, 5657730.535], [6427591.108, 5657766.165999999], [6427601.462, 5657790.593], [6427603.632, 5657794.717], [6427616.937, 5657820.058], [6427632.278, 5657849.255999999], [6427646.247, 5657875.839], [6427672.24, 5657926], [6427684.822, 5657950.279999999], [6427722.129, 5658014.085999999], [6427723.456, 5658016.32], [6427765.977, 5658087.973999999], [6427798.077, 5658142.061000001], [6427816.99, 5658173.946], [6427819.722, 5658178.284], [6427829.428, 5658193.728], [6427850.459, 5658227.168], [6427906.91, 5658316.926000001], [6427949.909, 5658291.136], [6428007.19, 5658251.221000001], [6428008.713, 5658249.802999999], [6428039.631, 5658221.118000001], [6428072.308, 5658190.7809999995], [6428073.802, 5658189.403000001], [6428140.245, 5658150.959000001], [6428192.034, 5658175.397], [6428237.629, 5658153.845000001], [6428245.136, 5658150.294], [6428301.941, 5658123.442], [6428307.361, 5658120.876], [6428301.605, 5658105.483999999], [6428315.14, 5658099.919], [6428326.117, 5658097.046], [6428334.372, 5658094.875], [6428351.301, 5658090.438999999], [6428385.271, 5658072.607000001], [6428400.094, 5658074.348999999], [6428447.327, 5658065.809], [6428483.423, 5658059.283], [6428578.917, 5658051.9], [6428590.692, 5658081.231000001], [6428653.392, 5658088.015000001], [6428717.559, 5658141.035], [6428805.743, 5658142.93], [6428829.888, 5658134.817], [6428881.05, 5658117.006999999], [6428971.188, 5658105.267000001], [6428977.652, 5658207.538000001], [6428983.27, 5658274.356000001], [6428990.124, 5658276.323000001], [6429021.587, 5658285.363], [6429084.859, 5658292.638], [6429123.853, 5658300.157], [6429170.029, 5658331.040999999], [6429212.427, 5658378.762], [6429239.563, 5658416.377], [6429251.077, 5658440.68], [6429252.395, 5658462.085999999], [6429255.153, 5658506.676000001], [6429254.438, 5658530.346999999], [6429254.289, 5658535.409], [6429247.134, 5658550.7469999995], [6429256.3, 5658556.995999999], [6429259.5116, 5658559.2048], [6429257.5843, 5658564.429300001], [6429256.3252, 5658566.937899999], [6429255.3025, 5658570.1526999995], [6429249.7117, 5658596.865], [6429243.154, 5658627.2962], [6429237.808, 5658654.1973], [6429235.192, 5658671.1525], [6429230.3053, 5658694.2480999995], [6429227.2699, 5658708.644099999], [6429224.2093, 5658718.1721], [6429219.2867, 5658729.6296], [6429200.7293, 5658765.095899999], [6429190.9745, 5658780.6489], [6429185.7715, 5658788.869999999], [6429181.1677, 5658797.442600001], [6429175.7702, 5658808.978399999], [6429168.5594, 5658837.5693], [6429168.3478, 5658852.703500001], [6429169.0886, 5658861.1702], [6429171.3111, 5658871.4361000005], [6429180.2011, 5658901.492799999], [6429182.4236, 5658909.1128], [6429182.0003, 5658916.627], [6429178.6136, 5658935.253699999], [6429174.1686, 5658955.8912], [6429170.1469, 5658974.2004], [6429165.2786, 5658991.028000001], [6429157.8703, 5659015.6872000005], [6429156.1769, 5659019.708900001], [6429145.2761, 5659041.8281], [6429134.5869, 5659055.692299999], [6429118.8177, 5659072.414000001], [6429095.4285, 5659097.7082], [6429079.4476, 5659114.324100001], [6429056.4817, 5659140.147399999], [6429052.5801, 5659143.880999999], [6429047.5324, 5659149.4735], [6429038.0353, 5659160.163899999], [6429029.2382, 5659169.6655], [6429021.6972, 5659177.524], [6429008.9467, 5659192.4399999995], [6428997.3489, 5659205.2116], [6428986.0069, 5659217.470000001], [6428973.4696, 5659232.6405], [6428969.6989, 5659238.263699999], [6428964.8692, 5659247.296700001], [6428964.6744, 5659247.6], [6428963.3191, 5659250.0243999995], [6428955.0521, 5659269.6841], [6428950.66, 5659284.1076], [6428946.6416, 5659305.9968], [6428942.1136, 5659341.5778], [6428934.6663, 5659376.241599999], [6428926.1442, 5659415.805], [6428911.7567, 5659490.0448], [6428902.2649, 5659532.5315000005], [6428899.6831, 5659550.449100001], [6428899.3678, 5659579.8871], [6428901.6048, 5659608.675899999], [6428911.1135, 5659674.764799999], [6428923.7217, 5659759.573999999]]]}, "properties": {"OBJECTID": 12, "NROSIEDLA": 22, "NAZWAOSIEDLA": "Klecina", "SHAPE.AREA": 3765007.12726504, "SHAPE.LEN": 9780.100841443651, "DATA": 1453334400000}}, {"type": "Feature", "id": 13, "geometry": {"type": "Polygon", "coordinates": [[[6428881.6003, 5664913.038000001], [6428879.0346, 5664913.817500001], [6427853.0271, 5665204.260500001], [6427825.5104, 5665132.2937], [6427802.227, 5665069.8519], [6427787.5858, 5664999.4826], [6427776.8696, 5664935.0173], [6427772.9189, 5664895.675000001], [6427771.998, 5664885.954500001], [6427771.2854, 5664878.4321], [6427760.2632, 5664878.3672], [6427729.1815, 5664878.1844], [6427715.0613, 5664878.101299999], [6427670.7435, 5664878.762800001], [6427638.332, 5664874.794], [6427625.6238, 5664871.339], [6427617.7398, 5664869.195599999], [6427607.1276, 5664866.3104], [6427544.4839, 5664843.899800001], [6427499.5724, 5664814.146600001], [6427435.7149, 5664765.019300001], [6427382.7099, 5664729.126599999], [6427321.7942, 5664702.2399], [6427262.7248, 5664680.677100001], [6427210.7613, 5664657.2464000005], [6427138.9506, 5664617.529100001], [6427083.1627, 5664587.8781], [6427047.339, 5664569.499299999], [6427033.1767, 5664561.376], [6427016.8051, 5664550.201300001], [6427005.0576, 5664541.205499999], [6426990.4525, 5664529.5638], [6426923.5657, 5664475.5887], [6426884.0143, 5664447.7983], [6426874.8689, 5664441.18], [6426868.916, 5664436.8719999995], [6426864.8366, 5664434.0473], [6426849.122, 5664423.166099999], [6426847.2936, 5664421.9001], [6426836.0919, 5664414.1438], [6426833.5646, 5664412.308800001], [6426764.3724, 5664364.1369], [6426698.5045, 5664317.8025], [6426688.3136, 5664309.094799999], [6426686.0114, 5664307.1252999995], [6426644.8013, 5664271.939099999], [6426612.2335, 5664243.5549], [6426615.3923, 5664239.7837000005], [6426617.8199, 5664236.885399999], [6426622.9886, 5664230.714500001], [6426634.2396, 5664215.5919], [6426639.1079, 5664204.373500001], [6426642.0713, 5664195.2719], [6426642.6946, 5664191.151000001], [6426645.8813, 5664170.0835], [6426649.903, 5664145.953400001], [6426653.713, 5664120.9767], [6426656.0413, 5664107.8533], [6426657.523, 5664099.8100000005], [6426659.8513, 5664092.1899999995], [6426662.603, 5664085.4166], [6426666.3921, 5664078.680299999], [6426678.9014, 5664061.709899999], [6426689.143, 5664052.704399999], [6426691.1781, 5664050.914899999], [6426700.4914, 5664044.3532], [6426712.5564, 5664038.4265], [6426723.9865, 5664034.1932], [6426735.5964, 5664031.9372000005], [6426768.6482, 5664025.514799999], [6426815.6383, 5664015.989800001], [6426851.4652, 5664008.1927000005], [6426863.0517, 5664005.6711], [6426885.5912, 5664001.705800001], [6426897.3418, 5663999.638499999], [6426919.2493, 5663992.8123], [6426938.4581, 5663982.176000001], [6426951.7932, 5663970.4285], [6426960.0482, 5663960.1097], [6426969.2801, 5663943.103599999], [6426972.1132, 5663937.8847], [6426977.0345, 5663924.5496], [6426979.0982, 5663913.437100001], [6426979.5364, 5663906.180299999], [6426981.6382, 5663871.3683], [6426982.5907, 5663841.8407000005], [6426985.2895, 5663798.660599999], [6426986.8781, 5663770.0657], [6426987.0552, 5663766.8772], [6426987.8295, 5663752.9406], [6426991.0045, 5663683.4079], [6426993.3857, 5663637.3703000005], [6426993.5665, 5663632.3498], [6426994.5766, 5663604.291300001], [6426994.8145, 5663597.682700001], [6426995.767, 5663586.887700001], [6426997.3545, 5663574.5052000005], [6426998.942, 5663566.091399999], [6427003.387, 5663552.4388999995], [6427009.737, 5663537.198899999], [6427016.087, 5663526.5626], [6427024.8243, 5663514.0809], [6427031.6446, 5663504.3376], [6427043.5508, 5663488.621300001], [6427058.3146, 5663468.9362], [6427062.6757, 5663463.2435], [6427079.1109, 5663441.789899999], [6427095.9384, 5663419.7236], [6427101.6535, 5663411.1511], [6427108.1622, 5663397.8160999995], [6427111.9722, 5663385.5923], [6427112.89, 5663381.9212], [6427115.4647, 5663371.622300001], [6427120.2272, 5663342.094699999], [6427121.1138, 5663335.7412], [6427123.0847, 5663321.615900001], [6427126.101, 5663309.2334], [6427129.276, 5663300.978399999], [6427137.3723, 5663285.2621], [6427154.0819, 5663254.921], [6427161.5023, 5663241.447000001], [6427172.2973, 5663222.873199999], [6427177.0772, 5663217.256899999], [6427178.6474, 5663215.4120000005], [6427191.3474, 5663202.8707], [6427200.3962, 5663196.203199999], [6427209.2862, 5663191.9169], [6427222.6212, 5663187.7894], [6427230.7175, 5663186.678200001], [6427285.4863, 5663182.5507], [6427290.0129, 5663182.2248], [6427311.1283, 5663180.705], [6427347.2402, 5663178.105699999], [6427372.9577, 5663177.311899999], [6427391.6903, 5663173.5019000005], [6427406.1366, 5663169.374399999], [6427437.4104, 5663156.198100001], [6427472.9727, 5663139.0254999995], [6427479.1617, 5663136.036800001], [6427500.3441, 5663126.6708], [6427540.9156, 5663108.731799999], [6427562.9819, 5663096.6667], [6427574.0944, 5663088.7292], [6427589.4932, 5663073.965399999], [6427616.0045, 5663042.3741], [6427630.2606, 5663025.129899999], [6427652.3583, 5662998.4003], [6427653.0675, 5662997.5276999995], [6427688.8709, 5662953.473999999], [6427708.8734, 5662929.6614], [6427732.686, 5662901.086300001], [6427746.8147, 5662883.306299999], [6427759.0385, 5662868.5425], [6427759.5268, 5662867.9671], [6427775.2096, 5662849.4838], [6427776.8186, 5662847.5875], [6427785.3911, 5662835.363700001], [6427792.0948, 5662825.624399999], [6427793.8048, 5662823.139900001], [6427798.8849, 5662813.932399999], [6427804.4651, 5662800.887700001], [6427811.1086, 5662785.3574], [6427819.1097, 5662766.442399999], [6427819.8154, 5662764.615], [6427845.4736, 5662775.208699999], [6427871.1518, 5662785.810699999], [6427882.3817, 5662790.4473], [6427911.1697, 5662801.9531], [6427967.752, 5662824.567600001], [6428016.034, 5662844.403899999], [6428112.816, 5662884.3554], [6428149.1886, 5662899.182], [6428174.7944, 5662909.8605], [6428312.8952, 5662966.3638], [6428339.3991, 5662977.3904], [6428348.7885, 5662981.355599999], [6428362.6315, 5662986.828400001], [6428645.6823, 5663101.6274], [6429213.3564, 5663335.57], [6429298.3731, 5663370.7103], [6429425.9421, 5663425.2477], [6429519.8253, 5663465.5966], [6429543.6498, 5663475.7389], [6429572.6804, 5663487.806700001], [6429602.4402, 5663500.079299999], [6429664.4357, 5663525.6481], [6429677.2512, 5663530.933700001], [6429694.7227, 5663538.139599999], [6429744.2388, 5663558.562000001], [6429795.5784, 5663579.736400001], [6429911.3707, 5663627.492699999], [6430064.6164, 5663690.695], [6430120.5086, 5663713.7469999995], [6430153.8148, 5663727.939200001], [6430175.3351, 5663736.359999999], [6430180.1255, 5663738.3357], [6430165.1352, 5663758.4881], [6430146.5258, 5663783.2227], [6430131.7668, 5663802.4673], [6430113.13, 5663826.768300001], [6430095.4345, 5663849.8419], [6430076.7977, 5663874.1428], [6430060.7957, 5663895.008199999], [6430039.2224, 5663923.1381], [6430019.0047, 5663949.500399999], [6429995.6615, 5663979.938200001], [6429970.9735, 5664012.2183], [6429943.621, 5664050.353499999], [6429921.8167, 5664080.4461], [6429893.7485, 5664123.3517], [6429828.4187, 5664188.9636], [6429770.078, 5664264.766899999], [6429657.3653, 5664413.9922], [6429563.3057, 5664521.148700001], [6429504.1712, 5664593.776900001], [6429428.7648, 5664663.2302], [6429372.8053, 5664710.4584], [6429301.7646, 5664754.511600001], [6429237.8676, 5664789.8336], [6429173.9705, 5664817.6149], [6429130.3142, 5664835.871200001], [6429115.4064, 5664841.3039], [6429101.1464, 5664845.829600001], [6429063.6026, 5664857.744999999], [6428881.912, 5664912.943299999], [6428881.6003, 5664913.038000001]]]}, "properties": {"OBJECTID": 13, "NROSIEDLA": 25, "NAZWAOSIEDLA": "Muchobór Mały", "SHAPE.AREA": 4972007.61930065, "SHAPE.LEN": 9244.81046976647, "DATA": 1453334400000}}, {"type": "Feature", "id": 14, "geometry": {"type": "Polygon", "coordinates": [[[6433412.6229, 5662607.238500001], [6433389.203, 5662622.918199999], [6433365.4371, 5662638.829500001], [6433343.1802, 5662653.7305], [6433319.9779, 5662669.2245000005], [6433302.0009, 5662680.7641], [6433285.2285, 5662691.5304000005], [6433266.0468, 5662703.8433], [6433251.4984, 5662713.1821], [6433234.0774, 5662724.364800001], [6433201.6358, 5662745.1894000005], [6433177.8297, 5662760.4706999995], [6433148.2696, 5662779.445599999], [6433133.2579, 5662789.081800001], [6433131.0846, 5662790.4769], [6433097.617, 5662738.339], [6433094.663, 5662733.903999999], [6433090.526, 5662727.583000001], [6433088.505, 5662724.524499999], [6433088.356, 5662724.299000001], [6433087.5019, 5662722.9991999995], [6433086.635, 5662721.68], [6433085.19, 5662719.5], [6433073.076, 5662701.161], [6433076.765, 5662698.536], [6433082.096, 5662695.282], [6433075.88, 5662684.9059999995], [6433073.457, 5662681.304], [6433084.08, 5662674.885], [6433086.4618, 5662669.595799999], [6433089.301, 5662663.290999999], [6433106.6525, 5662651.022], [6433125.981, 5662637.355], [6433123.842, 5662634.130999999], [6433120.106, 5662632.776000001], [6433119.8099, 5662632.3159], [6433117.8361, 5662629.249299999], [6433108.711, 5662615.072000001], [6433110.3355, 5662613.9802], [6433110.4536, 5662613.900900001], [6433112.303, 5662612.658], [6433107.506, 5662605.535], [6433103.86, 5662600.018999999], [6433096.1036, 5662605.066500001], [6433082.4063, 5662613.9802], [6433080.4091, 5662615.2798999995], [6433080.263, 5662615.375], [6433079.3757, 5662613.9802], [6433073.362, 5662604.527000001], [6433070.0919, 5662600.0023], [6433067.372, 5662596.239], [6433062.8583, 5662589.9825], [6433062.358, 5662589.289000001], [6433060.7033, 5662586.9998], [6433061.251, 5662586.806], [6433065.19, 5662584.119999999], [6433068.3214, 5662581.939300001], [6433072.7074, 5662578.8849], [6433078.869, 5662574.5940000005], [6433080.0892, 5662573.763499999], [6433085.2203, 5662570.271], [6433087.2028, 5662568.921599999], [6433090.0794, 5662566.9637], [6433102.1166, 5662558.7706], [6433104.546, 5662557.117000001], [6433104.6615, 5662557.0418], [6433113.2362, 5662551.459100001], [6433114.8211, 5662550.427200001], [6433125.2825, 5662543.6161], [6433127.5206, 5662542.159], [6433132.05, 5662539.210000001], [6433142.7837, 5662531.9328000005], [6433152.1332, 5662525.5940000005], [6433153.179, 5662524.885], [6433153.51, 5662524.646], [6433159.338, 5662520.444], [6433164.208, 5662515.859999999], [6433164.7315, 5662515.3365], [6433160.975, 5662511.58], [6433163.9504, 5662503.923900001], [6433165.4763, 5662499.9975000005], [6433166.204, 5662498.125], [6433167.0211, 5662495.499600001], [6433168.544, 5662490.606000001], [6433168.7288, 5662489.911699999], [6433170.4101, 5662483.5933], [6433170.573, 5662482.981000001], [6433170.5927, 5662482.8895], [6433171.796, 5662477.316], [6433172.1085, 5662475.4574], [6433173.299, 5662468.377], [6433164.7924, 5662465.970000001], [6433163.163, 5662465.509], [6433163.6386, 5662462.6229], [6433164.0948, 5662459.852499999], [6433164.4417, 5662457.747400001], [6433167.0456, 5662441.935900001], [6433167.1569, 5662441.260600001], [6433167.2631, 5662440.615599999], [6433169.0497, 5662429.7667], [6433169.4336, 5662427.4361000005], [6433171.2973, 5662416.1194], [6433171.5305, 5662414.703], [6433172.793, 5662407.0370000005], [6433173.1187, 5662405.061899999], [6433173.287, 5662404.040999999], [6433173.4779, 5662402.8628], [6433173.771, 5662401.054], [6433174.274, 5662397.998], [6433174.788, 5662394.971000001], [6433174.973, 5662393.8313], [6433175.253, 5662392.106000001], [6433175.4261, 5662391.0558], [6433175.747, 5662389.108999999], [6433176.213, 5662386.283], [6433176.717, 5662383.256999999], [6433176.8563, 5662382.4178], [6433176.9984, 5662381.5622000005], [6433177.221, 5662380.221000001], [6433177.2781, 5662379.8771], [6433177.715, 5662377.244000001], [6433178.293, 5662373.727], [6433178.6959, 5662371.173699999], [6433179.1805, 5662368.1031], [6433180.17, 5662361.833000001], [6433180.4253, 5662360.3177000005], [6433183.4717, 5662342.233899999], [6433184.098, 5662338.516000001], [6433184.5259, 5662335.976], [6433186.9073, 5662321.8401], [6433187.6527, 5662317.4155], [6433190.9049, 5662298.110400001], [6433191.208, 5662296.311000001], [6433191.221, 5662296.233999999], [6433191.4903, 5662294.6613], [6433191.856, 5662292.526000001], [6433194.1533, 5662278.9871], [6433194.8482, 5662274.8978], [6433195.3563, 5662271.907], [6433196.712, 5662263.934], [6433198.3345, 5662254.3663], [6433198.9386, 5662250.806500001], [6433201.6977, 5662234.5319], [6433202.5052, 5662229.7721], [6433204.3326, 5662218.997099999], [6433205.2039, 5662213.8632], [6433206.3316, 5662207.2162999995], [6433206.6912, 5662205.0934999995], [6433208.7874, 5662192.7391], [6433209.8211, 5662186.6449], [6433211.762, 5662175.203], [6433212.8758, 5662168.6362], [6433213.8042, 5662163.1631000005], [6433216.4177, 5662147.754899999], [6433217.9779, 5662138.5568], [6433218.745, 5662134.034], [6433220.313, 5662127.255000001], [6433221.7841, 5662121.1897], [6433222.371, 5662118.77], [6433222.5449, 5662118.0515], [6433224.866, 5662108.459000001], [6433226.5227, 5662109.069499999], [6433229.1449, 5662110.0359000005], [6433229.345, 5662109.358999999], [6433231.743, 5662101.2467], [6433232.28, 5662099.43], [6433234.4413, 5662092.3869], [6433236.107, 5662086.959000001], [6433236.259, 5662086.4690000005], [6433238.7078, 5662078.095799999], [6433239.123, 5662076.676000001], [6433242.428, 5662066.785], [6433245.0563, 5662058.923699999], [6433247.7371, 5662050.905200001], [6433250.2576, 5662043.3661], [6433255.539, 5662027.569], [6433257.733, 5662021.005999999], [6433259.769, 5662014.351], [6433264.6225, 5661998.4835], [6433266.39, 5661992.705], [6433267.2986, 5661989.8673], [6433278.569, 5661954.666999999], [6433281.9147, 5661944.378799999], [6433283.9518, 5661938.114700001], [6433284.447, 5661936.592], [6433288.237, 5661924.933], [6433295.503, 5661902.59], [6433298.0182, 5661894.856000001], [6433303.3104, 5661878.5833], [6433310.942, 5661855.117000001], [6433313.078, 5661848.548], [6433315.012, 5661842.952], [6433316.845, 5661837.646500001], [6433321.2947, 5661824.766899999], [6433327.811, 5661805.9059999995], [6433329.8135, 5661800.1095], [6433335.093, 5661784.827], [6433336.4669, 5661781.428099999], [6433342.5218, 5661766.449100001], [6433352.0605, 5661742.8518], [6433354.4418, 5661736.9608], [6433355.276, 5661734.897], [6433357.273, 5661730.168], [6433361.3191, 5661720.5909], [6433371.4985, 5661696.4967], [6433374.3932, 5661689.6449], [6433377.19, 5661683.025], [6433377.383, 5661682.5681], [6433379.8476, 5661676.7323], [6433380.1808, 5661675.943299999], [6433380.311, 5661675.635], [6433382.3567, 5661676.3993], [6433391.25, 5661679.721999999], [6433392.7724, 5661680.2904], [6433395.578, 5661681.3379999995], [6433402.458, 5661684.385], [6433402.245, 5661680.066], [6433402.0972, 5661677.077199999], [6433401.9038, 5661673.1644], [6433401.4686, 5661664.363], [6433401.3818, 5661662.606899999], [6433401.3345, 5661661.651000001], [6433401.1089, 5661657.0868999995], [6433400.4272, 5661643.3002], [6433400.0231, 5661635.126499999], [6433399.832, 5661631.261], [6433399.4094, 5661624.350099999], [6433398.9803, 5661617.3332], [6433398.464, 5661608.889], [6433398.016, 5661601.568], [6433397.8601, 5661599.0121], [6433397.7171, 5661596.6689], [6433397.455, 5661592.3719999995], [6433397.3958, 5661591.403999999], [6433396.6514, 5661579.2228], [6433396.5105, 5661576.918], [6433396.354, 5661574.356799999], [6433396.2033, 5661571.890900001], [6433395.7306, 5661564.1579], [6433395.4234, 5661559.1303], [6433394.9541, 5661551.4518], [6433394.859, 5661549.896], [6433394.7981, 5661545.261399999], [6433394.6086, 5661530.841600001], [6433394.5685, 5661527.7874], [6433393.0659, 5661527.9464], [6433388.7248, 5661528.4059], [6433377.6074, 5661529.5824], [6433376.4383, 5661529.7061], [6433367.765, 5661530.624], [6433365.479, 5661526.861], [6433362.5388, 5661526.2522], [6433358.4851, 5661525.412799999], [6433349.417, 5661523.535], [6433349.886, 5661522.088500001], [6433351.702, 5661516.487], [6433355.3301, 5661504.2864], [6433355.988, 5661502.073999999], [6433356.6715, 5661498.8686999995], [6433359.0524, 5661487.702400001], [6433359.488, 5661485.659700001], [6433362.354, 5661472.218900001], [6433362.622, 5661470.961999999], [6433369.1182, 5661442.9253], [6433373.2186, 5661425.228800001], [6433376.727, 5661410.086999999], [6433381.692, 5661387.366], [6433382.9526, 5661381.5879999995], [6433385.842, 5661368.345000001], [6433389.4618, 5661352.203600001], [6433391.826, 5661341.6613], [6433394.192, 5661331.111], [6433394.5292, 5661329.5600000005], [6433395.3183, 5661325.931], [6433396.3452, 5661321.2082], [6433397.3664, 5661316.511299999], [6433398.6762, 5661310.487299999], [6433399.7295, 5661305.643100001], [6433400.6014, 5661301.6328], [6433400.776, 5661300.83], [6433400.8007, 5661300.7314], [6433402.2535, 5661294.9212], [6433402.4841, 5661293.999], [6433403.6627, 5661289.285599999], [6433403.8414, 5661288.5712], [6433404.22, 5661287.057], [6433404.3655, 5661286.414799999], [6433406.6098, 5661276.506200001], [6433406.7303, 5661275.974300001], [6433409.735, 5661262.709000001], [6433410.6804, 5661258.7261], [6433411.1419, 5661256.781400001], [6433413.551, 5661246.631999999], [6433415.613, 5661237.779999999], [6433418.3609, 5661225.983899999], [6433421.013, 5661214.598999999], [6433425.095, 5661198.169], [6433428.696, 5661182.5940000005], [6433430.8396, 5661171.8101], [6433431.948, 5661166.233999999], [6433432.1499, 5661165.3412999995], [6433435.574, 5661150.198999999], [6433439.329, 5661134.1219999995], [6433443.465, 5661115.571], [6433444.499, 5661110.948000001], [6433444.503, 5661110.488], [6433445.1001, 5661107.7499], [6433446.3194, 5661102.158600001], [6433450.0321, 5661085.134], [6433456.2232, 5661056.7444], [6433457.059, 5661052.9120000005], [6433458.5815, 5661045.6435], [6433460.766, 5661035.215], [6433465.4387, 5661012.8116999995], [6433468.5524, 5660997.8828], [6433468.821, 5660996.595000001], [6433470.0187, 5660991.033399999], [6433471.274, 5660985.204], [6433472.181, 5660980.873], [6433473.8, 5660973.167300001], [6433480.5862, 5660940.8683], [6433481.5128, 5660936.458000001], [6433481.724, 5660935.453], [6433482.546, 5660931.482999999], [6433486.6554, 5660911.5977], [6433487.3646, 5660908.1658], [6433489.868, 5660896.051999999], [6433497.5104, 5660863.3718], [6433499.1006, 5660856.571900001], [6433499.406, 5660855.266000001], [6433514.6118, 5660796.578299999], [6433515.1913, 5660794.3418000005], [6433522.718, 5660765.291999999], [6433524.729, 5660759.538000001], [6433530.9727, 5660736.951400001], [6433531.3406, 5660735.6204], [6433532.8079, 5660730.3125], [6433533.1882, 5660728.9366], [6433544.162, 5660689.239], [6433544.7237, 5660687.0514], [6433546.4217, 5660680.4384], [6433555.014, 5660646.975], [6433556.7325, 5660640.582599999], [6433559.0702, 5660631.8873], [6433564.231, 5660612.691], [6433566.486, 5660605.0263], [6433567.036, 5660603.157], [6433569.2787, 5660594.5932], [6433570.4265, 5660590.210100001], [6433571.5338, 5660585.982000001], [6433575.793, 5660569.718], [6433574.808, 5660569.32], [6433577.9397, 5660556.7455], [6433578.223, 5660555.607999999], [6433585.474, 5660523.317], [6433586.7456, 5660516.683499999], [6433587.4092, 5660513.2214], [6433595.3932, 5660471.5703], [6433596.8882, 5660463.7707], [6433597.243, 5660461.92], [6433597.2743, 5660461.7599], [6433598.533, 5660455.312999999], [6433603.2941, 5660430.9487], [6433604.2634, 5660425.9881], [6433606.2906, 5660415.6142], [6433609.93, 5660396.99], [6433611.6087, 5660388.9845], [6433612.1326, 5660386.4858], [6433612.3268, 5660385.559699999], [6433618.394, 5660356.625499999], [6433618.8735, 5660354.3388], [6433619.906, 5660349.414999999], [6433624.4181, 5660326.683800001], [6433624.9, 5660324.2556], [6433630.12, 5660297.957900001], [6433631.1332, 5660292.8539], [6433631.5017, 5660290.997400001], [6433636.9133, 5660263.734300001], [6433637.4416, 5660261.073000001], [6433638.468, 5660255.902000001], [6433641.5413, 5660234.4562], [6433641.678, 5660233.502], [6433641.6822, 5660233.2917], [6433642.2871, 5660203.0261], [6433642.3628, 5660199.239800001], [6433642.6495, 5660184.8928], [6433642.682, 5660183.267000001], [6433642.7129, 5660175.8345], [6433642.7377, 5660169.8708999995], [6433642.8085, 5660152.8134], [6433642.81, 5660152.464], [6433642.7754, 5660148.5984000005], [6433642.639, 5660133.345000001], [6433642.677, 5660125.7447], [6433642.7119, 5660118.7533], [6433642.817, 5660097.718], [6433642.8238, 5660096.364], [6433642.8547, 5660090.178300001], [6433642.9459, 5660071.9222], [6433642.984, 5660064.301999999], [6433643.0137, 5660058.360300001], [6433643.04, 5660053.096000001], [6433643.5685, 5660050.769300001], [6433646.3905, 5660038.3463], [6433648.908, 5660027.264], [6433650.2135, 5660025.9597], [6433651.7718, 5660024.4026999995], [6433653.7459, 5660022.430400001], [6433654.451, 5660021.726], [6433656.3333, 5660015.0425], [6433657.625, 5660010.456], [6433658.671, 5660006.721899999], [6433659.6828, 5660003.1097], [6433659.7632, 5660002.822699999], [6433660.919, 5659998.696799999], [6433661.2775, 5659998.704399999], [6433661.4459, 5659998.708000001], [6433661.6178, 5659998.737199999], [6433665.9684, 5659999.1559999995], [6433674.612, 5659999.9881], [6433685.8193, 5660001.067], [6433686.588, 5660001.141000001], [6433707.5339, 5660003.5097], [6433738.2256, 5660006.9805], [6433755.969, 5660008.987], [6433805.9767, 5660015.0616999995], [6433816.8566, 5660016.383300001], [6433942.01, 5660031.586300001], [6433980.2372, 5660036.229900001], [6434015.447, 5660040.506999999], [6434040.358, 5660043.387], [6434095.9767, 5660050.132300001], [6434126.7505, 5660053.864399999], [6434168.75, 5660058.958000001], [6434205.38, 5660063.509], [6434212.0983, 5660064.4322], [6434217.751, 5660065.209000001], [6434227.691, 5660066.710000001], [6434238.91, 5660068.759], [6434254.272, 5660071.778999999], [6434273.2638, 5660076.2191], [6434274.551, 5660076.52], [6434291.812, 5660081.35], [6434307.332, 5660086.191], [6434320.692, 5660090.761], [6434330.642, 5660094.482000001], [6434337.194, 5660097.112], [6434344.0099, 5660100.001599999], [6434349.344, 5660102.263], [6434349.8107, 5660102.4712000005], [6434358.714, 5660106.444], [6434368.864, 5660111.284], [6434371.3715, 5660112.5177], [6434375.876, 5660114.733999999], [6434383.3968, 5660118.6259], [6434388.226, 5660121.125], [6434411.0315, 5660133.774499999], [6434426.759, 5660142.498], [6434438.2659, 5660148.9901], [6434452.16, 5660156.829], [6434465.775, 5660164.869899999], [6434468.332, 5660166.380000001], [6434484.022, 5660175.16], [6434502.0753, 5660185.275599999], [6434506.884, 5660187.970000001], [6434510.923, 5660194.682], [6434515.093, 5660201.620999999], [6434519.013, 5660208.1219999995], [6434522.755, 5660214.862], [6434527.1128, 5660222.3968], [6434535.115, 5660236.232999999], [6434542.644, 5660248.764], [6434545.3711, 5660253.150800001], [6434549.065, 5660259.093], [6434559.0337, 5660274.024800001], [6434560.134, 5660275.673], [6434567.484, 5660285.884], [6434571.184, 5660290.573999999], [6434579.984, 5660301.392999999], [6434584.154, 5660306.184], [6434585.3512, 5660307.480699999], [6434592.454, 5660315.174000001], [6434598.4646, 5660321.218900001], [6434601.224, 5660323.994000001], [6434606.715, 5660329.164000001], [6434610.5714, 5660332.619100001], [6434617.295, 5660338.642999999], [6434622.794, 5660343.194], [6434633.554, 5660351.682], [6434637.994, 5660355.072000001], [6434643.0408, 5660358.6917], [6434645.774, 5660360.652000001], [6434658.244, 5660369.1620000005], [6434666.644, 5660374.692], [6434674.474, 5660379.452], [6434690.494, 5660388.351], [6434699.064, 5660392.881999999], [6434711.7525, 5660399.142200001], [6434717.484, 5660401.970000001], [6434731.2337, 5660408.422], [6434739.7587, 5660412.4223], [6434758.5317, 5660421.2316], [6434783.2903, 5660432.8495000005], [6434807.9051, 5660444.399900001], [6434811.396, 5660446.038000001], [6434819.816, 5660450.318399999], [6434828.567, 5660454.767000001], [6434829.7172, 5660455.4001], [6434841.157, 5660461.697000001], [6434852.6852, 5660467.2256000005], [6434867.4362, 5660477.6862], [6434885.0021, 5660490.3759], [6434897.6804, 5660502.234999999], [6434914.3572, 5660517.8342], [6434933.2037, 5660535.4629], [6434956.6322, 5660565.3082], [6434971.3804, 5660584.4859], [6434987.9211, 5660606.718699999], [6435004.0429, 5660633.955], [6435013.5735, 5660650.0561], [6435026.0582, 5660671.1479], [6435033.9105, 5660693.6241999995], [6435042.9726, 5660720.590500001], [6435048.9227, 5660741.252], [6435051.6078, 5660768.8599], [6435054.8281, 5660801.9706999995], [6435060.0747, 5660858.885], [6435062.7422, 5660890.3169], [6435066.9812, 5660940.267000001], [6435061.0957, 5661015.2216], [6435052.2095, 5661043.3751], [6435022.3748, 5661120.659499999], [6435014.093, 5661142.2774], [6435013.7252, 5661143.237400001], [6434990.1099, 5661177.5129], [6434963.7016, 5661215.842], [6434932.654, 5661260.8958], [6434896.9994, 5661312.6349], [6434892.1831, 5661319.6239], [6434879.154, 5661338.5306], [6434864.9555, 5661358.555400001], [6434841.964, 5661388.799000001], [6434823.3841, 5661413.239399999], [6434810.7544, 5661429.8529], [6434798.4018, 5661446.1018], [6434784.0412, 5661463.363299999], [6434765.7923, 5661484.942], [6434748.8712, 5661504.9487], [6434734.6306, 5661520.6612], [6434731.2775, 5661524.3609], [6434726.0082, 5661530.174900001], [6434706.4415, 5661551.7642], [6434683.2548, 5661577.3475], [6434661.4556, 5661601.4], [6434634.7779, 5661630.692399999], [6434601.6077, 5661667.045], [6434576.179, 5661692.0348000005], [6434560.5969, 5661709.7601], [6434540.2161, 5661729.054199999], [6434531.5616, 5661737.247199999], [6434514.6735, 5661753.2349], [6434504.8267, 5661762.556600001], [6434482.5242, 5661783.6698], [6434462.7395, 5661802.399599999], [6434443.2438, 5661820.855699999], [6434422.0661, 5661839.5843], [6434400.0224, 5661857.238700001], [6434376.9803, 5661875.6927000005], [6434358.9899, 5661890.1008], [6434311.6278, 5661928.032199999], [6434301.6043, 5661936.059800001], [6434278.6421, 5661954.4498], [6434264.2059, 5661966.011499999], [6434245.2171, 5661981.2192], [6434222.175, 5661999.6732], [6434197.7153, 5662019.262499999], [6434161.3292, 5662047.693700001], [6434140.1788, 5662064.2084], [6434116.5782, 5662082.6362], [6434088.7586, 5662104.358200001], [6434064.6921, 5662123.149900001], [6434044.3785, 5662139.0111], [6434020.8081, 5662157.4154], [6433994.8824, 5662177.658600001], [6433975.095, 5662193.108999999], [6433941.8488, 5662219.068299999], [6433906.1222, 5662246.964400001], [6433880.9082, 5662266.652000001], [6433853.0886, 5662288.374], [6433827.6891, 5662308.2064], [6433788.3949, 5662338.8881], [6433764.0178, 5662357.9223], [6433740.4473, 5662376.3266], [6433716.5059, 5662395.020500001], [6433691.7578, 5662414.3444], [6433670.9783, 5662430.569399999], [6433649.2133, 5662446.3496], [6433621.4657, 5662465.4904], [6433606.7717, 5662475.626499999], [6433584.2245, 5662491.1799], [6433551.9744, 5662513.4265], [6433532.0449, 5662527.1741], [6433501.6818, 5662547.613500001], [6433471.5344, 5662567.7972], [6433453.0813, 5662580.1515], [6433430.573, 5662595.220899999], [6433412.6229, 5662607.238500001]]]}, "properties": {"OBJECTID": 14, "NROSIEDLA": 11, "NAZWAOSIEDLA": "Tarnogaj", "SHAPE.AREA": 2946771.93601931, "SHAPE.LEN": 7732.0905589628, "DATA": 1453334400000}}, {"type": "Feature", "id": 15, "geometry": {"type": "Polygon", "coordinates": [[[6433033.221, 5671390.593], [6433012.047, 5671397.789000001], [6432982.54, 5671403.176000001], [6432955.778, 5671404.779999999], [6432909.333, 5671403.68], [6432854.19, 5671395.306], [6432811.955, 5671390.164999999], [6432775.744, 5671392.732999999], [6432738.7007, 5671403.521500001], [6432738.3566, 5671399.901000001], [6432738.04, 5671396.57], [6432737.9807, 5671395.945], [6432737.828, 5671394.336999999], [6432737.7735, 5671393.763499999], [6432737.5662, 5671391.58], [6432737.1957, 5671387.678099999], [6432737.0589, 5671386.237600001], [6432736.1753, 5671376.9321], [6432734.7436, 5671361.854699999], [6432733.8856, 5671352.818499999], [6432733.5578, 5671349.3664], [6432732.152, 5671334.561000001], [6432731.5948, 5671322.1414], [6432731.2399, 5671314.229599999], [6432730.0305, 5671287.2689], [6432729.6922, 5671279.7279], [6432728.1936, 5671246.3225], [6432728.0162, 5671242.3686999995], [6432726.6526, 5671211.971899999], [6432726.5492, 5671209.666099999], [6432726.4447, 5671207.3378], [6432725.909, 5671195.396], [6432725.8769, 5671190.6161], [6432725.8147, 5671181.3619], [6432722.6007, 5671181.3835], [6432722.4196, 5671165.312100001], [6432722.2293, 5671148.4483], [6432721.9311, 5671122.0529], [6432721.5284, 5671100.8147], [6432721.2303, 5671086.500499999], [6432720.9589, 5671073.237500001], [6432721.0513, 5671061.655300001], [6432721.6111, 5671051.851399999], [6432723.8748, 5671044.671399999], [6432728.0369, 5671037.4856], [6432736.5145, 5671030.368899999], [6432750.8668, 5671019.9728999995], [6432761.9648, 5671011.924699999], [6432771.8994, 5671004.7228], [6432783.9107, 5670995.543400001], [6432798.0656, 5670984.3762], [6432807.6433, 5670976.5429], [6432816.6399, 5670969.1866], [6432827.3594, 5670960.420700001], [6432839.2065, 5670950.7315], [6432847.0298, 5670943.210999999], [6432851.4379, 5670937.362500001], [6432855.8898, 5670930.5011], [6432858.6028, 5670924.1448], [6432858.8941, 5670918.1614], [6432859.2522, 5670910.3518], [6432859.84, 5670897.626599999], [6432860.2926, 5670887.7404], [6432860.1412, 5670880.1974], [6432858.7351, 5670871.425100001], [6432855.1006, 5670860.874299999], [6432853.5942, 5670854.9746], [6432853.6131, 5670850.586100001], [6432853.8592, 5670846.664999999], [6432855.9009, 5670842.7097], [6432860.0153, 5670836.7884], [6432864.3894, 5670830.5068], [6432870.7711, 5670821.6088], [6432878.2929, 5670811.4768], [6432882.1705, 5670805.0152], [6432884.3824, 5670798.0156], [6432885.3985, 5670789.888499999], [6432887.225, 5670777.8649], [6432888.8111, 5670765.5459], [6432889.473, 5670759.617000001], [6432890.3059, 5670739.1745], [6432907.7845, 5670720.556399999], [6432911.968, 5670716.100199999], [6432909.7008, 5670713.9717], [6432909.703, 5670713.964299999], [6432904.8231, 5670714.1061], [6432741.5284, 5670719.7607], [6432736.4696, 5670719.935900001], [6432693.7897, 5670721.413799999], [6432677.9147, 5670721.963500001], [6432565.0736, 5670725.870999999], [6432534.4302, 5670726.9321], [6432521.5456, 5670727.3783], [6432476.9786, 5670728.921499999], [6432399.0945, 5670731.6185], [6432369.9382, 5670732.6281], [6432363.4745, 5670722.497300001], [6432342.3103, 5670689.3259], [6432343.0212, 5670673.4244], [6432343.0582, 5670672.5953], [6432341.4647, 5670669.049799999], [6432341.1066, 5670668.2530000005], [6432339.5664, 5670664.8259], [6432336.8866, 5670658.863299999], [6432335.3268, 5670655.3928], [6432332.7396, 5670649.636], [6432330.9834, 5670645.728499999], [6432328.5628, 5670640.342499999], [6432327.2466, 5670637.414000001], [6432324.2819, 5670630.817500001], [6432322.9287, 5670627.806500001], [6432319.1241, 5670619.3411], [6432318.0834, 5670617.0254999995], [6432314.219, 5670608.426999999], [6432313.0483, 5670605.8222], [6432309.1504, 5670597.1492], [6432308.3383, 5670595.3423999995], [6432303.3385, 5670584.217599999], [6432302.5024, 5670582.357100001], [6432298.0767, 5670572.5098], [6432297.3986, 5670571.001], [6432295.1616, 5670566.023600001], [6432294.212, 5670563.910800001], [6432292.5093, 5670560.122400001], [6432292.4848, 5670560.0677000005], [6432291.7097, 5670558.3443], [6432291.5953, 5670558.0886], [6432290.8608, 5670556.4564], [6432290.5101, 5670555.676899999], [6432288.3535, 5670550.878799999], [6432286.0125, 5670545.6698], [6432284.3997, 5670542.0814], [6432280.2316, 5670532.8071], [6432280.2114, 5670532.760600001], [6432279.0057, 5670530.078400001], [6432273.6826, 5670518.2358], [6432268.0557, 5670505.716], [6432264.5025, 5670497.809900001], [6432251.4804, 5670468.8356], [6432248.7108, 5670462.6732], [6432248.228, 5670461.598999999], [6432245.721, 5670456.018999999], [6432234.3073, 5670430.637800001], [6432231.5324, 5670424.4673], [6432229.555, 5670420.07], [6432220.184, 5670399.236400001], [6432216.014, 5670389.965600001], [6432202.2415, 5670359.3464], [6432201.9664, 5670358.7349], [6432201.4948, 5670357.6863], [6432200.6855, 5670355.8872], [6432193.015, 5670338.833900001], [6432192.7, 5670338.1336], [6432192.2834, 5670337.2075], [6432190.4782, 5670333.1941], [6432188.9869, 5670329.8785999995], [6432186.2604, 5670323.8171], [6432185.1905, 5670321.4383000005], [6432182.8887, 5670316.3211], [6432182.1152, 5670314.601500001], [6432181.5488, 5670313.3421], [6432180.7336, 5670311.5298999995], [6432180.7307, 5670311.523700001], [6432179.8558, 5670309.578500001], [6432177.9142, 5670305.261700001], [6432177.8376, 5670305.091399999], [6432175.0818, 5670298.9646000005], [6432174.0349, 5670296.6372], [6432172.7016, 5670293.672900001], [6432171.1306, 5670290.180400001], [6432165.969, 5670278.705], [6432162.4102, 5670270.793], [6432160.6627, 5670271.4474], [6432157.5908, 5670272.5978], [6432157.0557, 5670272.7982], [6432152.3335, 5670274.5666000005], [6432147.996, 5670276.191], [6432144.2452, 5670278.104900001], [6432141.8957, 5670279.3038], [6432137.0802, 5670281.7609], [6432123.007, 5670288.942], [6432122.4899, 5670289.0254999995], [6432116.0194, 5670290.070499999], [6432102.734, 5670292.216], [6432102.3234, 5670292.1022], [6432094.2176, 5670289.854900001], [6432078.4253, 5670285.4767], [6432078.0719, 5670285.378699999], [6432077.1255, 5670285.1163], [6432075.538, 5670284.676200001], [6432065.4855, 5670281.8892], [6432064.049, 5670281.491], [6432062.8115, 5670281.1481], [6432053.2442, 5670278.497199999], [6432051.1698, 5670277.922499999], [6432039.4349, 5670274.6709], [6432038.2317, 5670274.3376], [6432035.198, 5670273.4969999995], [6432028.1751, 5670268.0721], [6432024.8967, 5670265.538699999], [6432018.7544, 5670260.793500001], [6432014.6044, 5670257.587400001], [6432014.0516, 5670257.1603999995], [6432011.971, 5670255.552999999], [6432010.6864, 5670254.560699999], [6432009.5199, 5670253.659700001], [6432008.2596, 5670252.6862], [6432008.26, 5670252.6899999995], [6432004.7816, 5670250.000499999], [6432004.5502, 5670249.821599999], [6432004.0298, 5670249.419399999], [6432003.0748, 5670248.6811999995], [6432002.72, 5670248.407], [6432002.6631, 5670248.089], [6432002.4189, 5670246.7237], [6432002.2365, 5670245.7039], [6432001.9431, 5670244.0634], [6432001.6384, 5670242.3599], [6432001.551, 5670241.870999999], [6431996.6744, 5670242.3683], [6431992.5537, 5670242.7885], [6431991.0592, 5670242.9409], [6431985.6469, 5670243.492799999], [6431982.2515, 5670201.9691], [6431975.8545, 5670202.0655000005], [6431971.571, 5670202.130000001], [6431956.132, 5670202.357000001], [6431908.9783, 5670202.754799999], [6431854.9503, 5670208.1788], [6431825.9453, 5670212.1872000005], [6431808.8399, 5670215.137399999], [6431787.9246, 5670218.9871], [6431769.7873, 5670222.281099999], [6431751.1342, 5670225.0593], [6431725.4563, 5670231.3696], [6431717.241, 5670232.679300001], [6431695.2144, 5670233.989], [6431684.8162, 5670233.869899999], [6431675.2912, 5670233.115800001], [6431670.9256, 5670232.5999], [6431667.1553, 5670231.8061], [6431646.8352, 5670227.3214], [6431635.0083, 5670224.2126], [6431627.9704, 5670220.296700001], [6431616.9108, 5670213.364600001], [6431604.7135, 5670206.5119], [6431585.6634, 5670196.431299999], [6431576.694, 5670194.248500001], [6431558.4774, 5670190.7162999995], [6431555.1834, 5670190.398800001], [6431536.9271, 5670189.4066], [6431517.4802, 5670188.3747000005], [6431511.8842, 5670188.136600001], [6431504.7008, 5670188.731899999], [6431492.8342, 5670194.7247], [6431479.2213, 5670201.789100001], [6431466.9909, 5670208.710000001], [6431465.636, 5670206.168], [6431465.233, 5670205.133400001], [6431464.2588, 5670202.631899999], [6431464.0575, 5670202.1152], [6431461.3988, 5670195.289000001], [6431460.7923, 5670193.731699999], [6431459.3121, 5670189.9311999995], [6431456.6695, 5670183.146299999], [6431455.5405, 5670180.247400001], [6431451.8991, 5670170.898], [6431450.8723, 5670168.261700001], [6431447.2142, 5670158.8694], [6431447.1767, 5670158.7733], [6431446.705, 5670157.562000001], [6431446.2041, 5670156.2761], [6431445.8573, 5670155.385500001], [6431445.667, 5670154.897], [6431441.4954, 5670155.8747000005], [6431441.3951, 5670155.8982], [6431434.279, 5670157.566], [6431429.86, 5670158.523399999], [6431410.8761, 5670162.636399999], [6431398.5636, 5670165.304], [6431385.476, 5670168.1395], [6431382.483, 5670168.788000001], [6431367.208, 5670172.097999999], [6431347.3759, 5670176.3956], [6431323.5567, 5670181.5572], [6431318.5231, 5670182.648], [6431315.7692, 5670183.2447], [6431312.4257, 5670183.9692], [6431312.293, 5670183.998], [6431312.2201, 5670183.858100001], [6431311.6545, 5670182.772700001], [6431310.9411, 5670181.4036], [6431306.7251, 5670173.3126], [6431305.8628, 5670171.6577], [6431303.3542, 5670166.843599999], [6431299.2273, 5670158.923599999], [6431297.5844, 5670155.7707], [6431291.8884, 5670144.839500001], [6431290.9874, 5670143.110400001], [6431284.657, 5670130.9616], [6431283.646, 5670129.021299999], [6431277.4145, 5670117.0626], [6431276.2011, 5670114.7338], [6431272.4261, 5670107.4892], [6431270.3072, 5670103.422800001], [6431270.0392, 5670102.908500001], [6431269.682, 5670102.222999999], [6431265.1954, 5670107.6359], [6431262.3631, 5670111.0529], [6431256.1809, 5670118.511600001], [6431252.4614, 5670122.9989], [6431248.7193, 5670127.513599999], [6431248.5471, 5670127.7213], [6431247.1871, 5670129.362199999], [6431245.8698, 5670130.951400001], [6431244.0071, 5670133.1986], [6431243.8865, 5670133.3441], [6431243.2876, 5670134.0667], [6431241.3425, 5670136.4133], [6431240.9086, 5670136.936899999], [6431239.0035, 5670139.2357], [6431235.2824, 5670143.7311], [6431231.263, 5670148.588300001], [6431224.6537, 5670156.5759], [6431223.069, 5670158.491], [6431223.0436, 5670158.4997000005], [6431221.0982, 5670159.1686], [6431219.5222, 5670159.7105], [6431217.4886, 5670160.409600001], [6431217.313, 5670160.470000001], [6431216.7964, 5670159.1735], [6431216.6808, 5670158.883400001], [6431216.035, 5670157.262399999], [6431215.7773, 5670156.615700001], [6431215.5992, 5670156.1688], [6431215.4345, 5670155.7553], [6431215.3097, 5670155.442], [6431215.179, 5670155.1142], [6431215.1497, 5670155.0405], [6431215.1355, 5670155.004899999], [6431214.9475, 5670154.533], [6431214.904, 5670154.424000001], [6431214.7277, 5670153.9814], [6431214.7148, 5670153.949100001], [6431214.7113, 5670153.940300001], [6431214.5013, 5670153.4133], [6431214.3071, 5670152.9257], [6431214.2874, 5670152.8762], [6431214.1098, 5670152.430500001], [6431214.0876, 5670152.3748], [6431213.9288, 5670151.976299999], [6431213.8868, 5670151.8708], [6431213.8607, 5670151.805299999], [6431213.641, 5670151.254000001], [6431213.1252, 5670150.3081], [6431213.0611, 5670150.1906], [6431212.7155, 5670149.5568], [6431212.6701, 5670149.4736], [6431211.7756, 5670147.8332], [6431211.5562, 5670147.4308], [6431211.5451, 5670147.4103999995], [6431211.4663, 5670147.265900001], [6431210.7036, 5670145.8672], [6431210.4697, 5670145.4384], [6431210.2968, 5670145.121200001], [6431210.0681, 5670144.7018], [6431209.5634, 5670143.7764], [6431209.2543, 5670143.2095], [6431209.1504, 5670143.019099999], [6431207.945, 5670140.808499999], [6431207.358, 5670139.732100001], [6431206.8708, 5670138.8386], [6431205.99, 5670137.2234000005], [6431205.92, 5670137.095000001], [6431205.0561, 5670135.756999999], [6431204.9276, 5670135.5581], [6431203.9466, 5670134.0386], [6431203.1927, 5670132.870999999], [6431202.8141, 5670132.284499999], [6431202.6631, 5670132.0507], [6431202.1148, 5670131.2015], [6431200, 5670127.926000001], [6431199.4641, 5670127.096000001], [6431198.4018, 5670125.4507], [6431197.8478, 5670124.592599999], [6431196.408, 5670122.362600001], [6431195.463, 5670120.899], [6431194.3019, 5670119.1796], [6431193.8489, 5670118.5088], [6431190.0434, 5670112.8736000005], [6431189.9565, 5670112.744899999], [6431189.1778, 5670111.5919], [6431188.8162, 5670111.056399999], [6431186.6369, 5670107.829399999], [6431185.0393, 5670105.4636], [6431184.0861, 5670104.052200001], [6431180.0363, 5670098.055199999], [6431179.1909, 5670096.803300001], [6431176.5059, 5670092.827299999], [6431175.2621, 5670090.9856], [6431174.8224, 5670090.3345], [6431173.8437, 5670088.885199999], [6431172.6463, 5670087.1121], [6431171.3348, 5670085.17], [6431170.9541, 5670084.6064], [6431170.8257, 5670084.416300001], [6431170.1984, 5670083.487299999], [6431169.8249, 5670082.9343], [6431169.5221, 5670082.4859], [6431169.2588, 5670082.096000001], [6431168.9172, 5670081.5901999995], [6431168.5728, 5670081.0801], [6431168.4252, 5670080.8616], [6431167.8952, 5670080.0768], [6431167.5278, 5670079.5327], [6431166.7445, 5670078.3728], [6431166.7124, 5670078.325200001], [6431166.5875, 5670078.1402], [6431165.9369, 5670077.176899999], [6431165.6511, 5670076.753699999], [6431165.5849, 5670076.6556], [6431165.0287, 5670075.832], [6431164.1859, 5670074.584000001], [6431163.4001, 5670073.420399999], [6431163.3572, 5670073.356899999], [6431161.2485, 5670070.234200001], [6431160.7633, 5670069.515900001], [6431160.1928, 5670068.671], [6431160.1862, 5670068.6613], [6431159.1687, 5670067.1545], [6431158.6106, 5670066.3281], [6431153.6959, 5670059.0505], [6431152.7265, 5670057.6149], [6431151.5142, 5670055.819800001], [6431150.577, 5670054.432], [6431150.0707, 5670053.5897], [6431146.0095, 5670046.8331], [6431144.1864, 5670043.800000001], [6431142.9874, 5670041.805299999], [6431141.6522, 5670039.583900001], [6431140.9421, 5670038.4026], [6431137.8825, 5670033.3124], [6431137.5111, 5670032.694499999], [6431132.6651, 5670024.632200001], [6431131.5014, 5670022.6961], [6431129.983, 5670020.1699], [6431129.6189, 5670019.564200001], [6431122.6171, 5670007.9154], [6431120.6312, 5670004.6116], [6431120.4769, 5670004.354900001], [6431119.918, 5670003.425000001], [6431118.9068, 5670002.0195], [6431117.454, 5670000], [6431117.1767, 5669999.614600001], [6431108.424, 5669987.450999999], [6431104.122, 5669981.472999999], [6431102.4162, 5669979.0572], [6431101.6746, 5669978.006899999], [6431100.439, 5669976.256999999], [6431095.371, 5669967.274], [6431094.5196, 5669965.765000001], [6431090.5692, 5669958.7632], [6431089.7908, 5669957.3835], [6431086.6818, 5669951.8729], [6431085.8021, 5669950.3138], [6431082.79, 5669944.975], [6431082.6142, 5669944.5188], [6431081.8948, 5669942.6515], [6431079.9001, 5669937.474099999], [6431079.5217, 5669936.492000001], [6431078.9402, 5669934.982799999], [6431077.0127, 5669929.979800001], [6431076.7571, 5669929.316400001], [6431074.9267, 5669924.5655000005], [6431074.7309, 5669924.0572], [6431073.877, 5669921.841], [6431073.699, 5669921.378900001], [6431073.5731, 5669921.052200001], [6431072.2474, 5669917.611300001], [6431071.5593, 5669915.825300001], [6431069.0607, 5669909.3399], [6431068.5776, 5669908.086200001], [6431066.405, 5669902.447000001], [6431064.3709, 5669898.2334], [6431063.1721, 5669895.75], [6431058.893, 5669886.8857], [6431057.8077, 5669884.637499999], [6431055.3328, 5669879.510600001], [6431053.1842, 5669875.059900001], [6431052.7441, 5669874.1481], [6431052.3954, 5669873.4257], [6431050.7276, 5669869.970899999], [6431050.0848, 5669868.6394], [6431047.9876, 5669864.2949], [6431047.395, 5669863.067299999], [6431046.097, 5669860.3785999995], [6431045.6934, 5669859.5427], [6431045.6557, 5669859.464500001], [6431045.4025, 5669858.9398], [6431044.7357, 5669857.558700001], [6431044.2244, 5669856.499500001], [6431043.9426, 5669855.9156], [6431042.7813, 5669853.5099], [6431042.5018, 5669852.9311], [6431041.2889, 5669850.418500001], [6431041.1296, 5669850.088400001], [6431041.0266, 5669849.8751], [6431040.1792, 5669848.1197], [6431040.0981, 5669847.9516], [6431039.6127, 5669846.9462], [6431039.2128, 5669846.117799999], [6431039.0482, 5669845.776699999], [6431038.4005, 5669844.4351], [6431038.1285, 5669843.8717], [6431037.48, 5669842.5283], [6431037.2549, 5669842.062000001], [6431036.7857, 5669841.0901999995], [6431036.4554, 5669840.4057], [6431035.7457, 5669838.9366], [6431035.7349, 5669838.9134], [6431035.732, 5669838.9070999995], [6431035.7146, 5669838.869899999], [6431035.4361, 5669838.294299999], [6431035.359, 5669838.1336], [6431035.0197, 5669837.4318], [6431034.836, 5669837.051100001], [6431034.0899, 5669835.5056], [6431032.7764, 5669832.784], [6431032.7473, 5669832.7238], [6431032.0366, 5669831.251700001], [6431031.7909, 5669830.743100001], [6431030.1432, 5669827.3299], [6431028.8047, 5669824.5571], [6431025.7452, 5669818.2194], [6431025.5063, 5669817.7245000005], [6431024.7042, 5669816.062899999], [6431024.2765, 5669815.176999999], [6431023.9355, 5669814.4705], [6431022.3054, 5669811.093800001], [6431022.2763, 5669811.033399999], [6431020.7411, 5669807.8533], [6431020.5205, 5669807.396299999], [6431020.195, 5669806.721999999], [6431016.9858, 5669799.444800001], [6431013.09, 5669790.6109], [6431012.911, 5669790.205], [6431011.5484, 5669787.1152], [6431007.1266, 5669777.088300001], [6431006.5328, 5669775.741599999], [6431006.3053, 5669775.2259], [6431004.7916, 5669771.793400001], [6431004.5271, 5669771.193600001], [6431003.1475, 5669768.065199999], [6431002.931, 5669767.574200001], [6431002.8733, 5669767.443399999], [6431002.7723, 5669767.214299999], [6431002.2657, 5669766.0655000005], [6431002.1645, 5669765.836100001], [6431001.5631, 5669764.4723000005], [6431001.4837, 5669764.292199999], [6431000.8743, 5669762.910499999], [6431000.8396, 5669762.831700001], [6431000.2475, 5669761.4891], [6431000.1203, 5669761.2006], [6430999.59, 5669759.998299999], [6430999.5752, 5669759.9647], [6430999.5164, 5669759.8313], [6430999.4557, 5669759.693600001], [6430999.4471, 5669759.6742], [6430999.3254, 5669759.3982], [6430999.3029, 5669759.347200001], [6430999.1952, 5669759.103], [6430999.1734, 5669759.0535], [6430999.0611, 5669758.798800001], [6430999.0565, 5669758.7884], [6430999.0516, 5669758.7772], [6430998.9975, 5669758.6546], [6430998.9935, 5669758.645500001], [6430998.9307, 5669758.5032], [6430998.9256, 5669758.4915], [6430998.8636, 5669758.3509], [6430998.8592, 5669758.3411], [6430998.8006, 5669758.2081], [6430998.7931, 5669758.1910999995], [6430998.753, 5669758.1], [6430998.7393, 5669758.0692], [6430998.7022, 5669757.983999999], [6430998.686, 5669757.945800001], [6430998.6843, 5669757.9421999995], [6430998.6671, 5669757.9034], [6430998.6501, 5669757.8664], [6430998.644, 5669757.853], [6431005.135, 5669756.319], [6431003.162, 5669751.911], [6431001.9456, 5669750.234099999], [6431000.3824, 5669748.0791], [6431000.334, 5669748.0123], [6431000.1975, 5669747.8243], [6430999.7334, 5669747.1843], [6430999.192, 5669746.437999999], [6430998.801, 5669745.899], [6430999.6865, 5669744.3915], [6431001.5473, 5669741.223300001], [6431003.5592, 5669737.798], [6431008.885, 5669728.7305], [6431012.2618, 5669722.9813], [6431017.5327, 5669714.0075], [6431020.5294, 5669708.9055], [6431021.954, 5669706.48], [6431026.6401, 5669698.5064], [6431029.4541, 5669693.7184], [6431032.4028, 5669688.701099999], [6431036.285, 5669682.0952], [6431039.4031, 5669676.7896], [6431040.8675, 5669674.297900001], [6431042.4797, 5669671.5548], [6431043.1982, 5669671.5671], [6431045.8756, 5669671.6129], [6431046.3747, 5669671.6214000005], [6431095.0581, 5669670.0339], [6431112.3859, 5669668.101399999], [6431136.7615, 5669665.382999999], [6431166.2312, 5669662.0964], [6431166.2365, 5669662.0956], [6431176.959, 5669660.4922], [6431180.7559, 5669659.9245], [6431188.2832, 5669658.798900001], [6431191.3462, 5669658.3408], [6431194.5417, 5669657.863], [6431197.8611, 5669657.283399999], [6431201.3838, 5669656.668400001], [6431208.1597, 5669655.485300001], [6431205.8357, 5669649.069499999], [6431202.8262, 5669640.761600001], [6431197.947, 5669627.291999999], [6431196.798, 5669624.126], [6431193.3684, 5669614.4178], [6431183.0277, 5669585.1461], [6431175.7839, 5669564.640799999], [6431174.146, 5669560.0044], [6431168.9139, 5669545.1939], [6431163.8433, 5669530.8401999995], [6431163.681, 5669530.380999999], [6431159.175, 5669517.625600001], [6431158.978, 5669517.068], [6431157.291, 5669512.278000001], [6431155.934, 5669508.425000001], [6431155.2834, 5669506.5777], [6431160.9878, 5669503.808599999], [6431161.778, 5669503.425000001], [6431172.258, 5669497.8149999995], [6431186.9848, 5669489.2992], [6431187.248, 5669489.147], [6431188.7775, 5669488.170399999], [6431201.857, 5669479.819], [6431221.746, 5669465.66], [6431230.685, 5669458.710999999], [6431239.455, 5669451.261], [6431248.215, 5669443.562000001], [6431249.5187, 5669442.355], [6431250.6665, 5669441.292300001], [6431263.345, 5669429.554], [6431275.3181, 5669417.4136], [6431297.1381, 5669395.288799999], [6431299.636, 5669392.755999999], [6431310.049, 5669382.321599999], [6431318.9127, 5669373.4397], [6431331.6436, 5669360.6828000005], [6431340.126, 5669352.183], [6431341.0885, 5669351.214], [6431368.5245, 5669323.5921], [6431386.968, 5669305.023600001], [6431403.154, 5669288.728], [6431405.2482, 5669286.6033], [6431427.9341, 5669263.5875], [6431440.216, 5669251.127], [6431442.9833, 5669248.3445], [6431443.7798, 5669247.5436], [6431470.3069, 5669220.8707], [6431491.7534, 5669199.3061999995], [6431494.4003, 5669196.6448], [6431503.3569, 5669187.638900001], [6431511.662, 5669179.2881000005], [6431518.2377, 5669172.6763], [6431528.9859, 5669161.868899999], [6431535.8933, 5669154.923599999], [6431548.1854, 5669142.5638999995], [6431552.9907, 5669137.7322], [6431555.153, 5669135.558], [6431570.3669, 5669120.124299999], [6431572.4895, 5669117.971000001], [6431582.9081, 5669107.401799999], [6431591.5423, 5669098.642899999], [6431591.6597, 5669098.523800001], [6431598.4278, 5669091.6579], [6431599.795, 5669090.271], [6431606.319, 5669083.696699999], [6431620.9989, 5669068.9037], [6431633.5751, 5669056.230699999], [6431659.4787, 5669030.1274999995], [6431671.1584, 5669018.357799999], [6431682.476, 5669006.953], [6431696.192, 5668994.079399999], [6431707.3444, 5668983.6119], [6431722.4588, 5668969.425799999], [6431729.858, 5668962.480900001], [6431731.243, 5668961.181], [6431743.965, 5668950.710999999], [6431750.8829, 5668945.3465], [6431752.7705, 5668943.8828], [6431755.027, 5668942.132999999], [6431755.1105, 5668942.071799999], [6431765.787, 5668934.254000001], [6431771.4506, 5668930.384500001], [6431781.839, 5668923.2870000005], [6431784.6041, 5668921.492900001], [6431791.499, 5668917.018999999], [6431802.05, 5668910.459000001], [6431811.0323, 5668905.3421], [6431814.05, 5668903.623], [6431826.3578, 5668896.9035], [6431834.852, 5668892.266000001], [6431844.952, 5668887.327], [6431860.591, 5668880.151000001], [6431867.23, 5668877.3518], [6431873.4487, 5668874.729800001], [6431878.583, 5668872.5649999995], [6431887.943, 5668868.857000001], [6431903.793, 5668862.949999999], [6431908.505, 5668861.4079], [6431918.9726, 5668857.9822], [6431920.773, 5668857.392999999], [6431929.482, 5668854.835999999], [6431951.512, 5668848.859999999], [6431955.2835, 5668848.0448], [6431967.552, 5668845.392999999], [6431970.5306, 5668844.8049], [6431989.052, 5668841.148], [6431994.6535, 5668840.3072999995], [6432003.4642, 5668838.985099999], [6432006.4951, 5668838.530200001], [6432008.482, 5668838.232000001], [6432018.36, 5668836.9146], [6432019.332, 5668836.785], [6432035.4127, 5668835.166200001], [6432037.272, 5668834.979], [6432041.5176, 5668834.6764], [6432047.752, 5668834.232000001], [6432060.2174, 5668833.616599999], [6432073.7623, 5668832.947799999], [6432080.7172, 5668832.604499999], [6432085.041, 5668832.391000001], [6432094.018, 5668832.0353], [6432098.7653, 5668831.847100001], [6432110.262, 5668831.3916], [6432130.0014, 5668830.609300001], [6432135.2859, 5668830.399900001], [6432152.8879, 5668829.702400001], [6432162.5555, 5668829.3193], [6432175.48, 5668828.8071], [6432179.4654, 5668828.6492], [6432187.1648, 5668828.3441], [6432194.8107, 5668828.041099999], [6432214.2317, 5668827.271500001], [6432221.6257, 5668826.978499999], [6432256.1418, 5668825.6108], [6432261.0667, 5668825.4156], [6432298.29, 5668823.9405000005], [6432302.5644, 5668823.771199999], [6432334.1676, 5668822.5188], [6432343.0286, 5668822.1677], [6432357.9667, 5668821.5757], [6432371.5533, 5668821.0373], [6432376.6333, 5668820.835999999], [6432377.8989, 5668820.7859000005], [6432381.4752, 5668820.644099999], [6432400.6839, 5668819.882999999], [6432419.8571, 5668819.123199999], [6432436.971, 5668818.445], [6432446.7281, 5668818.0491], [6432465.9303, 5668817.2699], [6432475.9878, 5668816.8618], [6432476.3946, 5668816.8453], [6432482.3976, 5668816.6017], [6432495.4116, 5668816.0736], [6432504.5133, 5668815.704299999], [6432505.848, 5668815.6501], [6432518.3887, 5668815.1413], [6432618.6292, 5668809.610400001], [6432637.2059, 5668808.668099999], [6432657.7458, 5668807.4955], [6432678.9081, 5668806.2874], [6432698.8342, 5668805.9146], [6432721.2989, 5668805.643200001], [6432748.7557, 5668805.3114], [6432771.7526, 5668806.115], [6432792.8388, 5668807.6503], [6432805.6715, 5668810.8159], [6432826.4278, 5668816.5195], [6432843.7963, 5668821.544299999], [6432861.7939, 5668827.450200001], [6432890.7065, 5668840.0331999995], [6432937.3483, 5668866.8235], [6432948.3792, 5668874.258300001], [6432957.027, 5668880.086999999], [6432958.5085, 5668881.3358], [6432968.2303, 5668889.5306], [6432969.3258, 5668890.4541], [6432969.6906, 5668890.761600001], [6432974.3073, 5668894.6532000005], [6432974.5215, 5668894.833799999], [6432979.1463, 5668898.7322], [6432980.54, 5668899.907], [6432985.7087, 5668904.1393], [6432995.0414, 5668911.781199999], [6432997.48, 5668913.778000001], [6433001.7145, 5668916.8827], [6433011.31, 5668923.918], [6433018.1264, 5668928.5879999995], [6433023.092, 5668931.99], [6433028.5542, 5668935.4088], [6433033.461, 5668938.48], [6433041.831, 5668943.49], [6433046.503, 5668945.9866], [6433055.9655, 5668951.043299999], [6433061.143, 5668953.8100000005], [6433070.643, 5668958.511], [6433072.1676, 5668959.2205], [6433077.6477, 5668961.7706], [6433080.743, 5668963.210999999], [6433081.2847, 5668963.426100001], [6433091.2679, 5668967.3902], [6433097.4921, 5668969.8617], [6433102.3217, 5668971.7794], [6433106.053, 5668973.261], [6433110.1756, 5668974.6349], [6433120.903, 5668978.210000001], [6433121.1015, 5668978.2721], [6433129.943, 5668981.039000001], [6433139.5882, 5668983.8223], [6433140.443, 5668984.069], [6433141.9516, 5668984.4365], [6433152.671, 5668987.048], [6433154.5457, 5668987.4372000005], [6433166.299, 5668989.877], [6433172.511, 5668990.9893], [6433176.408, 5668991.687000001], [6433180.9302, 5668992.325099999], [6433188.577, 5668993.403999999], [6433197.5142, 5668994.4705], [6433200.896, 5668994.874], [6433208.4129, 5668995.4539], [6433216.1096, 5668996.047599999], [6433219.783, 5668996.331], [6433224.9648, 5668996.554099999], [6433229.282, 5668996.74], [6433236.3091, 5668996.885], [6433241.2367, 5668996.9867], [6433241.301, 5668996.988], [6433253.369, 5668996.786], [6433258.9049, 5668996.466600001], [6433261.8673, 5668996.295700001], [6433269.177, 5668995.874], [6433279.763, 5668994.968699999], [6433279.8814, 5668994.9585], [6433282.2472, 5668994.756200001], [6433282.764, 5668994.711999999], [6433293.9307, 5668993.4943], [6433297.4608, 5668993.109300001], [6433298.573, 5668992.988], [6433312.6118, 5668991.1324000005], [6433325.1098, 5668989.4805], [6433336.8669, 5668987.9265], [6433354.8093, 5668985.5549], [6433360.188, 5668984.8440000005], [6433361.6257, 5668984.6599], [6433381.0031, 5668982.178400001], [6433394.3746, 5668980.466], [6433408.071, 5668978.711999999], [6433409.512, 5668978.510600001], [6433419.0967, 5668977.1712], [6433432.9939, 5668975.2291], [6433444.6174, 5668973.604699999], [6433448.222, 5668973.101], [6433461.3705, 5668970.521500001], [6433462.163, 5668970.366], [6433469.2697, 5668968.687100001], [6433472.424, 5668967.942], [6433484.5877, 5668964.615800001], [6433485.194, 5668964.449999999], [6433491.258, 5668962.6938000005], [6433498.284, 5668960.659], [6433509.5909, 5668957.0495], [6433514.5665, 5668955.461100001], [6433517.574, 5668954.501], [6433532.6758, 5668948.987500001], [6433535.704, 5668947.881999999], [6433540.0046, 5668946.178400001], [6433555.7608, 5668939.937000001], [6433564.932, 5668936.304], [6433568.4115, 5668934.887], [6433579.904, 5668930.206599999], [6433590.5268, 5668925.8805], [6433603.915, 5668920.428099999], [6433612.7305, 5668916.8379999995], [6433622.1052, 5668913.020099999], [6433634.1462, 5668908.1164], [6433643.6026, 5668904.2653], [6433644.3302, 5668903.9690000005], [6433652.8498, 5668900.499299999], [6433656.2657, 5668899.108200001], [6433657.4933, 5668898.6083], [6433658.8165, 5668898.069399999], [6433661.3165, 5668897.0513], [6433666.5817, 5668894.907], [6433667.292, 5668894.617799999], [6433675.8977, 5668891.1131], [6433676.0388, 5668891.055600001], [6433678.7711, 5668889.9429], [6433679.7724, 5668889.5351], [6433680.2332, 5668889.3474], [6433681.319, 5668888.905200001], [6433682.666, 5668888.356699999], [6433685.0259, 5668887.3956], [6433685.7921, 5668887.0836], [6433687.931, 5668886.2125], [6433689.4726, 5668885.5846], [6433690.6172, 5668885.1185], [6433691.0901, 5668884.925899999], [6433691.5738, 5668884.729], [6433691.6827, 5668884.684599999], [6433695.2871, 5668883.216700001], [6433696.5869, 5668882.6873], [6433700.6052, 5668881.050899999], [6433701.7711, 5668880.576099999], [6433703.9707, 5668879.680299999], [6433705.2884, 5668879.1437], [6433707.283, 5668878.3313], [6433713.1994, 5668875.9219], [6433715.1441, 5668875.129899999], [6433716.7342, 5668874.4823], [6433724.0606, 5668871.4987], [6433724.8802, 5668871.164899999], [6433725.7513, 5668870.8101], [6433728.5017, 5668869.6899999995], [6433729.258, 5668869.381999999], [6433740.039, 5668864.762], [6433740.7624, 5668864.432], [6433742.769, 5668863.516799999], [6433746.2592, 5668861.924799999], [6433749.8577, 5668860.283399999], [6433753.0965, 5668858.806], [6433754.64, 5668858.102], [6433762.41, 5668854.322000001], [6433775.601, 5668847.403000001], [6433778.236, 5668845.891799999], [6433787.353, 5668840.663000001], [6433794.081, 5668836.534], [6433796.9716, 5668834.634299999], [6433800.9392, 5668832.026799999], [6433810.373, 5668825.827], [6433833.153, 5668809.210999999], [6433833.3293, 5668809.0722], [6433835.0496, 5668807.717700001], [6433841.0566, 5668802.9878], [6433847.1141, 5668798.2181], [6433855.766, 5668791.4057], [6433879.4561, 5668772.7524], [6433881.6408, 5668771.032199999], [6433883.7999, 5668773.7743], [6433964.6899, 5668890.786499999], [6434007.0536, 5668944.707599999], [6434032.2524, 5668976.765000001], [6434109.2198, 5669074.690400001], [6434203.8289, 5669195.024], [6434222.7709, 5669219.432499999], [6434282.4629, 5669295.1394], [6434389.7061, 5669431.4811], [6434422.6123, 5669472.3958], [6434433.4125, 5669482.2958], [6434435.9239, 5669487.7303], [6434435.8389, 5669487.8113], [6434434.972, 5669488.637], [6434430.189, 5669493.192], [6434429.718, 5669493.585000001], [6434428.8439, 5669494.3135], [6434419.0769, 5669502.453], [6434398.391, 5669519.692], [6434390.649, 5669526.159], [6434376.1094, 5669538.304], [6434372.251, 5669541.527000001], [6434357.8506, 5669553.4111], [6434348.5568, 5669561.081], [6434330.09, 5669576.321], [6434327.0659, 5669578.8112], [6434314.2711, 5669589.346999999], [6434298.712, 5669602.159], [6434297.5043, 5669603.152899999], [6434284.5481, 5669613.815400001], [6434261.08, 5669633.129000001], [6434259.2825, 5669634.6384], [6434255.4816, 5669637.83], [6434240.044, 5669650.793], [6434223.4212, 5669664.6686], [6434219.096, 5669668.278999999], [6434214.8178, 5669671.6800999995], [6434213.7358, 5669672.5403], [6434207.019, 5669677.880000001], [6434203.0243, 5669680.549699999], [6434195.059, 5669685.873], [6434194.7649, 5669686.0222], [6434195.7942, 5669689.380799999], [6434197.635, 5669695.387], [6434197.9836, 5669696.524499999], [6434199.3572, 5669701.0068], [6434199.9037, 5669702.789899999], [6434200.5736, 5669704.9758], [6434200.7113, 5669705.4252], [6434201.125, 5669706.775], [6434202.635, 5669711.0252], [6434203.1776, 5669712.5524], [6434203.3301, 5669712.9815], [6434204.3515, 5669715.8566], [6434209.439, 5669730.176000001], [6434230.8064, 5669754.2831], [6434241.6494, 5669766.5163], [6434256.219, 5669782.954], [6434276.8802, 5669806.829399999], [6434279.0712, 5669809.361199999], [6434294.151, 5669826.7870000005], [6434303.6807, 5669844.929500001], [6434305.708, 5669848.789000001], [6434309.6022, 5669853.0593], [6434310.2955, 5669853.819499999], [6434313.0852, 5669856.878699999], [6434315.296, 5669859.302999999], [6434320.69, 5669866.91], [6434321.2072, 5669867.6405], [6434326.1081, 5669874.562899999], [6434328.7962, 5669878.3597], [6434330.4986, 5669880.7641], [6434340.4139, 5669894.769099999], [6434349.949, 5669908.237], [6434354.1, 5669917.387], [6434358.66, 5669925.8100000005], [6434358.9251, 5669926.0721], [6434368.6446, 5669935.6818], [6434369.0322, 5669936.0649], [6434375.819, 5669942.775], [6434382.8001, 5669950.0999], [6434390.0893, 5669957.7480999995], [6434397.019, 5669965.018999999], [6434409.4743, 5669976.7204], [6434425.667, 5669991.933], [6434426.9447, 5669995.821699999], [6434431.3349, 5670009.1832], [6434437.5195, 5670028.005799999], [6434438.5, 5670030.99], [6434442.9495, 5670039.8749], [6434444.036, 5670042.044500001], [6434445.439, 5670044.846000001], [6434446.4781, 5670045.7486000005], [6434457.122, 5670054.994999999], [6434460.6743, 5670057.496200001], [6434462.6471, 5670058.885199999], [6434476.8807, 5670068.907], [6434485.425, 5670074.923], [6434489.0988, 5670077.510299999], [6434493.2845, 5670080.4581], [6434493.365, 5670082.193], [6434493.828, 5670086.359999999], [6434494.3037, 5670089.9519], [6434494.4322, 5670090.9219], [6434495.371, 5670098.01], [6434496.3834, 5670105.726500001], [6434496.606, 5670107.423], [6434498.227, 5670116.681], [6434500.443, 5670125.5449], [6434501.082, 5670128.101], [6434503.937, 5670138.7469999995], [6434512.041, 5670162.971999999], [6434518.398, 5670183.294], [6434522.7584, 5670195.7633], [6434523.214, 5670197.066], [6434527.356, 5670207.083000001], [6434530.438, 5670213.342], [6434536.6491, 5670223.0112], [6434538.048, 5670225.188999999], [6434551.631, 5670244.454], [6434560.494, 5670259.191], [6434570.688, 5670273.949999999], [6434584.362, 5670293.093], [6434587.7327, 5670298.950999999], [6434588.956, 5670301.077], [6434592.238, 5670307.421], [6434595.192, 5670314.312999999], [6434599.5933, 5670326.860300001], [6434603.1356, 5670336.9585], [6434603.288, 5670337.392999999], [6434614.228, 5670371.302999999], [6434617.7061, 5670382.837300001], [6434618.8233, 5670386.542300001], [6434620.1713, 5670391.0129], [6434622.7127, 5670399.4409], [6434625.208, 5670407.716], [6434625.26, 5670407.888], [6434625.768, 5670409.5537], [6434626.41, 5670409.18], [6434631.03, 5670409.140000001], [6434631.2396, 5670410.3529], [6434631.4991, 5670411.856000001], [6434631.593, 5670412.1576000005], [6434631.629, 5670412.3763999995], [6434631.6722, 5670412.4120000005], [6434634.413, 5670421.211999999], [6434619.132, 5670426.166999999], [6434604.995, 5670433.068], [6434596.057, 5670439.047], [6434586.737, 5670448.15], [6434580.859, 5670454.9120000005], [6434551.425, 5670502.561000001], [6434535.425, 5670522.376], [6434528.357, 5670529.182], [6434499.398, 5670550.975], [6434470.506, 5670565.835999999], [6434356.588, 5670602.176999999], [6434319.588, 5670607.254000001], [6434262.321, 5670608.555], [6434247.429, 5670611.744000001], [6434226.68, 5670619.305], [6434206.102, 5670628.694], [6434197.577, 5670634.0879999995], [6434181.788, 5670646.67], [6434164.322, 5670665.381999999], [6434152.591, 5670682.734999999], [6434135.757, 5670717.2809999995], [6434130.372, 5670726.827], [6434121.895, 5670739.52], [6434105.838, 5670758.085999999], [6434084.292, 5670774.238], [6434047.493, 5670798.534], [6434023.013, 5670812.771], [6434013.656, 5670817.184], [6433999.271, 5670823.409], [6433972.247, 5670833.1559999995], [6433958.236, 5670836.465], [6433921.429, 5670847.601], [6433896.554, 5670859.631999999], [6433891.029, 5670862.608999999], [6433872.243, 5670877.877], [6433827.375, 5670913.8719999995], [6433802.802, 5670931.891000001], [6433762.494, 5670965.380999999], [6433754.878, 5670969.923], [6433715.581, 5670986.0600000005], [6433564.254, 5671040.964], [6433414.003, 5671095.847999999], [6433397.545, 5671101.957], [6433389.489, 5671103.244000001], [6433373.146, 5671112.373], [6433356.32, 5671121.238], [6433345.066, 5671133.525], [6433303.444, 5671186.395], [6433297.405, 5671193.319], [6433263.336, 5671225.697000001], [6433161.504, 5671317.771], [6433141.256, 5671333.390000001], [6433122.687, 5671345.458000001], [6433091.615, 5671362.579], [6433081.3707, 5671367.594699999], [6433079.444, 5671368.538000001], [6433071.946, 5671372.140000001], [6433033.221, 5671390.593]]]}, "properties": {"OBJECTID": 15, "NROSIEDLA": 43, "NAZWAOSIEDLA": "Polanowice - Poświętne - Ligota", "SHAPE.AREA": 5647640.43397515, "SHAPE.LEN": 11255.3780214372, "DATA": 1453334400000}}, {"type": "Feature", "id": 16, "geometry": {"type": "Polygon", "coordinates": [[[6434766.0178, 5664849.8355], [6434754.1115, 5664850.272], [6434742.2846, 5664851.7008], [6434723.8696, 5664855.5108], [6434703.6157, 5664860.696599999], [6434685.7563, 5664867.3112], [6434677.2896, 5664870.4201], [6434664.1927, 5664874.388900001], [6434642.6953, 5664879.415999999], [6434623.6452, 5664884.112299999], [6434607.5718, 5664886.8904], [6434590.1092, 5664889.403999999], [6434575.0412, 5664891.944], [6434565.0796, 5664894.2062], [6434551.8636, 5664897.1828000005], [6434534.8773, 5664901.230900001], [6434520.8279, 5664904.525], [6434495.1962, 5664911.202500001], [6434489.3383, 5664912.494200001], [6434486.169, 5664913.193], [6434484.4155, 5664913.546599999], [6434483.734, 5664913.684], [6434475.7476, 5664915.2948], [6434470.1279, 5664916.428200001], [6434467.893, 5664916.879000001], [6434459.2767, 5664918.224199999], [6434457.3512, 5664918.524800001], [6434456.3034, 5664918.6883000005], [6434450.967, 5664919.521400001], [6434447.6145, 5664920.0448], [6434446.281, 5664920.2530000005], [6434441.4726, 5664921.003799999], [6434440.005, 5664921.232899999], [6434438.5551, 5664921.4593], [6434437.5041, 5664921.623400001], [6434436.3326, 5664921.806299999], [6434435.976, 5664921.862], [6434432.8829, 5664922.350500001], [6434431.6971, 5664922.537799999], [6434428.1982, 5664923.090299999], [6434426.7335, 5664923.321699999], [6434424.92, 5664923.608100001], [6434424.0118, 5664923.751499999], [6434422.479, 5664923.9936], [6434418.1134, 5664924.683], [6434417.6492, 5664924.7564], [6434409.3987, 5664926.0594], [6434406.9215, 5664926.4506], [6434399.6719, 5664927.5955], [6434385.476, 5664929.8375], [6434376.9177, 5664931.189099999], [6434356.3428, 5664934.4384], [6434353.11, 5664934.948999999], [6434348.0119, 5664935.752699999], [6434318.9882, 5664940.328299999], [6434318.7092, 5664940.372300001], [6434289.171, 5664945.028999999], [6434283.1227, 5664945.9826], [6434264.9647, 5664948.8452], [6434263.3348, 5664949.1021], [6434258.5989, 5664949.8488], [6434252.2325, 5664950.852399999], [6434246.6847, 5664951.727], [6434244.966, 5664951.998], [6434243.6947, 5664952.192], [6434233.0727, 5664953.8125], [6434227.0515, 5664954.7311], [6434226.3695, 5664954.835100001], [6434208.679, 5664957.534], [6434202.172, 5664958.567], [6434201.1496, 5664958.7294], [6434193.3626, 5664959.9659], [6434173.8066, 5664963.0714], [6434169.502, 5664963.755000001], [6434165.3167, 5664964.4067], [6434154.4925, 5664966.0922], [6434139.6521, 5664968.403000001], [6434127.604, 5664970.278999999], [6434126.1261, 5664970.510299999], [6434116.964, 5664971.9441], [6434093.9292, 5664975.548800001], [6434087.1983, 5664976.6021], [6434080.566, 5664977.640000001], [6434070.967, 5664979.1689], [6434063.947, 5664980.2870000005], [6434060.6077, 5664980.8188000005], [6434049.02, 5664982.664000001], [6434043.9573, 5664983.456599999], [6434035.6706, 5664984.753900001], [6434018.8073, 5664987.3939], [6434014.8347, 5664988.015799999], [6433986.5554, 5664992.443], [6433982.2908, 5664993.1106], [6433958.3259, 5664996.862299999], [6433952.459, 5664997.7808], [6433926.7609, 5665001.8039], [6433921.2381, 5665002.668500001], [6433902.4254, 5665005.613600001], [6433895.7058, 5665006.6656], [6433870.2046, 5665010.6579], [6433863.625, 5665011.687899999], [6433863.337, 5665011.732999999], [6433849.915, 5665013.789000001], [6433849.026, 5665013.916999999], [6433840.9407, 5665015.074999999], [6433832.7348, 5665016.2502], [6433809.7254, 5665019.545600001], [6433802.8368, 5665020.532199999], [6433800.82, 5665020.821], [6433783.8842, 5665023.1896], [6433779.4873, 5665023.804500001], [6433779.119, 5665023.856000001], [6433772.7404, 5665024.748], [6433770.6832, 5665025.035599999], [6433769.5125, 5665025.1994], [6433768.092, 5665025.398], [6433761.761, 5665026.373], [6433756.6782, 5665026.9486], [6433750.4478, 5665027.911900001], [6433743.3054, 5665029.2239], [6433733.5084, 5665031.2665], [6433712.5269, 5665035.922800001], [6433702.3161, 5665038.5293000005], [6433692.5141, 5665040.8444], [6433684.4305, 5665042.442399999], [6433677.0235, 5665043.8511], [6433628.4459, 5665052.630799999], [6433607.2427, 5665056.444599999], [6433603.7403, 5665057.044199999], [6433588.3354, 5665060.017100001], [6433580.828, 5665061.3542], [6433575.4512, 5665062.4353], [6433575.2131, 5665061.0864], [6433573.368, 5665050.6318], [6433570.9561, 5665036.9662999995], [6433568.9768, 5665025.3467999995], [6433568.0475, 5665018.840500001], [6433566.5761, 5665008.1829], [6433562.5273, 5664978.770300001], [6433558.8889, 5664950.890900001], [6433557.3306, 5664940.0611000005], [6433556.1093, 5664931.7678], [6433555.3328, 5664927.406400001], [6433554.6333, 5664923.397700001], [6433553.7488, 5664919.564099999], [6433552.2278, 5664912.4811], [6433549.7484, 5664902.306399999], [6433546.8074, 5664891.249600001], [6433546.0671, 5664888.0688000005], [6433545.9514, 5664887.5713], [6433540.0517, 5664864.3082], [6433529.947, 5664825.0274], [6433528.9149, 5664821.1642], [6433527.8602, 5664817.3036], [6433526.7837, 5664813.452500001], [6433525.6818, 5664809.6062], [6433524.5483, 5664805.772299999], [6433523.3822, 5664801.945800001], [6433522.1747, 5664798.0526], [6433520.9445, 5664794.1687], [6433520.145, 5664791.7015], [6433518.5423, 5664786.755999999], [6433518.2771, 5664785.8189], [6433518.09, 5664785.4373], [6433516.4923, 5664780.575300001], [6433514.5231, 5664774.4387], [6433510.5347, 5664762.4355999995], [6433501.7912, 5664735.830700001], [6433500.2215, 5664730.703400001], [6433499.4824, 5664728.113500001], [6433498.5778, 5664724.7469999995], [6433497.2457, 5664719.273499999], [6433492.9301, 5664702.437000001], [6433490.1064, 5664691.200099999], [6433477.3065, 5664641.566199999], [6433473.8604, 5664629.031199999], [6433472.7239, 5664625.1809], [6433471.478, 5664621.395099999], [6433470.335, 5664617.5262], [6433468.9968, 5664613.763900001], [6433467.7508, 5664609.9779], [6433465.0706, 5664602.4432], [6433462.7689, 5664596.421399999], [6433461.9999, 5664593.9845], [6433461.0861, 5664592.0933], [6433460.7511, 5664591.2393], [6433456.1335, 5664580.2333], [6433454.4925, 5664576.66], [6433452.9496, 5664573.080499999], [6433441.6733, 5664548.466700001], [6433440.6099, 5664546.473200001], [6433436.6305, 5664537.8925], [6433420.4055, 5664502.6875], [6433418.5682, 5664498.7256000005], [6433417.6484, 5664496.7422], [6433418.9983, 5664496.0877], [6433423.6885, 5664493.8136], [6433426.0604, 5664492.6636], [6433427.1284, 5664493.2870000005], [6433430.1016, 5664491.398], [6433558.4271, 5664411.994000001], [6433641.3609, 5664300.627599999], [6433660.5714, 5664258.427100001], [6433717.5973, 5664133.156300001], [6433784.4078, 5664015.9648], [6433828.0628, 5663975.305], [6433935.6784, 5663913.806500001], [6434031.6436, 5663884.5548], [6434245.7891, 5663837.823100001], [6434403.6116, 5663779.731699999], [6434465.2815, 5663752.4537], [6434660.1565, 5663664.4277], [6434671.4164, 5663695.728499999], [6434697.3446, 5663767.8050999995], [6434756.3837, 5663877.707], [6434840.366, 5664061.852399999], [6434850.5416, 5664099.9442], [6434850.8361, 5664101.046700001], [6434878.1437, 5664203.271600001], [6434904.5677, 5664400.135299999], [6434932.6701, 5664536.862], [6434989.3631, 5664651.601500001], [6435019.6376, 5664769.0646], [6435028.9951, 5664808.8958], [6435031.1338, 5664817.9991999995], [6435030.6132, 5664820.5286], [6435029.6031, 5664820.455499999], [6435024.6476, 5664820.064099999], [6435019.4909, 5664819.676000001], [6434988.9627, 5664817.3412], [6434985.4277, 5664817.060699999], [6434983.6133, 5664816.8837], [6434972.1948, 5664815.8232], [6434969.226, 5664815.452], [6434949.0966, 5664818.4823], [6434934.4916, 5664823.2051], [6434931.5416, 5664824.255000001], [6434911.5082, 5664831.020199999], [6434901.5869, 5664834.491800001], [6434883.512, 5664840.6522], [6434873.8402, 5664843.2059], [6434858.4502, 5664846.6208], [6434842.8133, 5664849.121099999], [6434833.9629, 5664850.113299999], [6434813.762, 5664850.748299999], [6434799.2363, 5664850.351399999], [6434781.9325, 5664849.6767], [6434766.0178, 5664849.8355]]]}, "properties": {"OBJECTID": 16, "NROSIEDLA": 7, "NAZWAOSIEDLA": "Plac Grunwaldzki", "SHAPE.AREA": 1445148.80163895, "SHAPE.LEN": 4869.29834068741, "DATA": 1453334400000}}, {"type": "Feature", "id": 17, "geometry": {"type": "Polygon", "coordinates": [[[6433097.4075, 5666081.728399999], [6433027.425, 5666118.544], [6433022.2182, 5666129.752699999], [6433000.1479, 5666177.2634], [6432947.6477, 5666156.088099999], [6432925.1802, 5666147.048599999], [6432891.9992, 5666134.7356], [6432859.7826, 5666123.753699999], [6432832.2392, 5666114.808599999], [6432792.7792, 5666103.7084], [6432772.4997, 5666098.003699999], [6432757.1653, 5666094.376700001], [6432556.648, 5666046.949100001], [6432458.2709, 5666051.298599999], [6432453.8557, 5666052.2480999995], [6432394.2515, 5666067.3445], [6432298.7394, 5666091.535499999], [6432203.9675, 5666112.8379], [6432141.5266, 5666124.021400001], [6432136.6845, 5666124.987299999], [6431958.6201, 5666150.3202], [6431955.7145, 5666150.738299999], [6431934.8704, 5666153.737], [6431920.4388, 5666155.813200001], [6431905.5919, 5666157.583000001], [6431889.185, 5666158.9081], [6431868.6457, 5666160.0923999995], [6431856.2452, 5666160.425899999], [6431845.7543, 5666160.445], [6431827.7462, 5666160.0747], [6431821.7185, 5666159.711100001], [6431806.726, 5666158.302200001], [6431805.6923, 5666158.1775], [6431801.6307, 5666157.586999999], [6431797.3793, 5666157.0743], [6431785.0287, 5666155.584799999], [6431775.8312, 5666154.175100001], [6431765.4886, 5666152.322699999], [6431744.3655, 5666147.6744], [6431724.2025, 5666142.4597], [6431723.5054, 5666142.265799999], [6431721.4468, 5666141.528000001], [6431693.6611, 5666133.7874], [6431642.9046, 5666119.374399999], [6431606.6828, 5666108.752699999], [6431605.6458, 5666108.425000001], [6431599.1874, 5666106.122099999], [6431597.0666, 5666105.452], [6431593.8432, 5666104.380999999], [6431590.2962, 5666103.260199999], [6431583.0643, 5666100.8057], [6431579.4381, 5666099.3638], [6431576.1298, 5666098.241], [6431562.2587, 5666093.0537], [6431555.4839, 5666090.039799999], [6431547.5485, 5666086.9132], [6431542.6566, 5666084.831499999], [6431538.3871, 5666082.634299999], [6431534.0687, 5666080.796499999], [6431517.3185, 5666073.0373], [6431513.5281, 5666070.694], [6431501.1199, 5666064.5844], [6431484.5974, 5666055.7391], [6431445.7946, 5666035.8127999995], [6431419.7148, 5666021.7038], [6431415.6691, 5666019.5491], [6431415.8851, 5666018.989600001], [6431417.0134, 5666016.067399999], [6431418.273, 5666012.805], [6431419.9205, 5666007.123199999], [6431420.3665, 5666005.585100001], [6431422.9931, 5665996.5265999995], [6431423.9138, 5665993.351600001], [6431424.0735, 5665992.8007], [6431425.0572, 5665989.4081], [6431427.876, 5665979.687000001], [6431428.5794, 5665970.994200001], [6431428.6744, 5665969.819399999], [6431430.5865, 5665946.1895], [6431430.7333, 5665944.3752999995], [6431431.359, 5665936.642000001], [6431434.8845, 5665922.84], [6431435.1938, 5665921.6291000005], [6431439.8012, 5665903.591499999], [6431440.8657, 5665899.4243], [6431441.4517, 5665897.130100001], [6431441.865, 5665895.512], [6431442.2429, 5665894.290200001], [6431448.5978, 5665873.7464000005], [6431452.4337, 5665861.346000001], [6431460.6126, 5665834.9055], [6431461.117, 5665833.275], [6431463.1989, 5665826.5449], [6431473.3804, 5665793.6304], [6431474.7871, 5665789.083000001], [6431478.0428, 5665778.558], [6431479.5124, 5665773.8072], [6431479.8925, 5665772.578400001], [6431480.369, 5665771.038000001], [6431480.3264, 5665769.9911], [6431480.2768, 5665768.7684], [6431480.1985, 5665766.8421], [6431479.6154, 5665752.4965], [6431479.2556, 5665743.6435], [6431479.1205, 5665740.3204], [6431478.947, 5665736.051999999], [6431478.1927, 5665733.9333], [6431477.2739, 5665731.352700001], [6431476.8362, 5665730.123299999], [6431475.1217, 5665725.3078000005], [6431473.916, 5665721.921499999], [6431469.9123, 5665710.6764], [6431469.3707, 5665709.154999999], [6431466.2137, 5665700.288000001], [6431466.2048, 5665700.2629], [6431461.2458, 5665686.3346], [6431458.9115, 5665679.7783], [6431455.1698, 5665669.268999999], [6431453.066, 5665663.359999999], [6431449.6332, 5665656.6973], [6431444.4892, 5665646.713199999], [6431441.1767, 5665640.2839], [6431435.0831, 5665628.456900001], [6431430.4325, 5665619.430500001], [6431423.53, 5665606.033399999], [6431420.3951, 5665599.948899999], [6431414.9419, 5665589.364700001], [6431411.5611, 5665582.802999999], [6431409.7335, 5665579.2557], [6431408.9643, 5665577.762599999], [6431406.8418, 5665573.643100001], [6431406.3385, 5665572.666300001], [6431405.868, 5665571.7532], [6431405.2383, 5665570.5309999995], [6431405.0256, 5665570.118000001], [6431404.8211, 5665569.7213], [6431404.5445, 5665569.1842], [6431404.097, 5665568.3157], [6431369.7957, 5665530.8983], [6431293.6187, 5665433.8125], [6431239.633, 5665352.4596], [6431239.6314, 5665352.454], [6431239.277, 5665351.92], [6431239.1129, 5665351.353499999], [6431238.2646, 5665348.424900001], [6431235.8955, 5665340.2464000005], [6431234.9268, 5665336.9022], [6431230.137, 5665320.3672], [6431228.3355, 5665314.148], [6431225.709, 5665305.081], [6431225.7464, 5665303.3193], [6431225.8789, 5665297.0824], [6431226.0619, 5665288.4702], [6431226.0754, 5665287.835200001], [6431226.6994, 5665258.4604], [6431226.984, 5665245.062000001], [6431227.5038, 5665242.9088], [6431237.3265, 5665202.217800001], [6431238.5405, 5665197.1887], [6431239.1808, 5665194.5363], [6431241.269, 5665185.886], [6431244.3939, 5665173.025699999], [6431250.2176, 5665149.058499999], [6431251.749, 5665142.755999999], [6431256.5924, 5665132.2599], [6431273.7226, 5665095.136399999], [6431280.6929, 5665080.0309999995], [6431280.985, 5665079.398], [6431308.8873, 5665039.206599999], [6431320.111, 5665023.0396], [6431332.096, 5665005.776000001], [6431371.2321, 5664974.704500001], [6431375.3366, 5664971.445800001], [6431442.0475, 5664918.4816], [6431459.3171, 5664904.7707], [6431463.841, 5664901.179], [6431523.982, 5664868.660800001], [6431533.8338, 5664863.334000001], [6431562.21, 5664847.991], [6431588.2698, 5664838.1581], [6431614.5386, 5664828.246300001], [6431615.4315, 5664827.909399999], [6431616.967, 5664827.33], [6431624.9517, 5664826.143200001], [6431655.781, 5664821.561000001], [6431660.894, 5664820.801000001], [6431662.0099, 5664820.263800001], [6431666.2415, 5664818.2267], [6431668.7392, 5664817.0243999995], [6431671.1847, 5664815.847100001], [6431671.6038, 5664815.645400001], [6431672.0428, 5664815.434], [6431672.812, 5664815.0638], [6431673.2917, 5664814.832800001], [6431675.0487, 5664813.987], [6431675.809, 5664813.620999999], [6431676.5605, 5664813.524599999], [6431679.7922, 5664813.109999999], [6431688.1296, 5664812.0404], [6431692.4647, 5664811.484200001], [6431708.6043, 5664809.4136], [6431718.0184, 5664808.205800001], [6431746.6514, 5664804.532400001], [6431787.647, 5664799.273], [6431790.6791, 5664798.4639], [6431800.2361, 5664795.913799999], [6431814.5966, 5664792.081900001], [6431849.6338, 5664782.732799999], [6431850.45, 5664782.515000001], [6431911.3284, 5664776.838500001], [6431929.081, 5664775.1833], [6431961.333, 5664772.176000001], [6431990.4919, 5664769.9527], [6432028.1774, 5664767.079399999], [6432039.265, 5664766.233999999], [6432066.4804, 5664761.281400001], [6432082.947, 5664758.2848000005], [6432098.14, 5664755.52], [6432101.6164, 5664754.6239], [6432146.992, 5664742.927999999], [6432153.0522, 5664747.571799999], [6432160.7379, 5664753.461200001], [6432161.124, 5664753.756999999], [6432168.9906, 5664756.706599999], [6432170.1913, 5664757.1568], [6432171.1379, 5664757.511700001], [6432178.8388, 5664760.3992], [6432179.209, 5664760.538000001], [6432188.716, 5664765.588199999], [6432240.8941, 5664793.305600001], [6432262.471, 5664804.7674], [6432308.055, 5664828.982000001], [6432346.5883, 5664850.1073], [6432366.417, 5664858.278000001], [6432427.7436, 5664880.1689], [6432385.8044, 5664997.66], [6432494.9348, 5665085.4717999995], [6432606.9223, 5665162.429500001], [6432688.3675, 5665186.5294], [6432704.072, 5665180.3248], [6432747.6365, 5665142.2204], [6432808.8675, 5665073.0156], [6432865.2707, 5665020.173], [6432883.8873, 5664988.226199999], [6432912.8981, 5665051.8838], [6432931.9244, 5665093.6326], [6432932.0518, 5665099.7412], [6432932.097, 5665101.910599999], [6432932.1728, 5665105.543199999], [6432932.1805, 5665105.911800001], [6432932.2543, 5665109.4493], [6432932.2873, 5665111.035599999], [6432932.321, 5665112.649499999], [6432932.3546, 5665114.2634], [6432932.4856, 5665120.544600001], [6432932.4914, 5665120.8222], [6432932.571, 5665124.637599999], [6432932.71, 5665131.3037], [6432932.778, 5665134.5678], [6432932.9103, 5665140.909600001], [6432932.9143, 5665141.1028], [6432932.996, 5665145.019200001], [6432932.9991, 5665147.741900001], [6432933.0024, 5665150.7084], [6432933.0053, 5665153.247199999], [6432933.0236, 5665169.4397], [6432933.0363, 5665180.6865], [6432933.0523, 5665194.8411], [6432933.0622, 5665203.5583], [6432933.0469, 5665203.888599999], [6432932.7967, 5665209.2861], [6432931.4421, 5665238.5056], [6432930.8341, 5665251.6195], [6432930.53, 5665258.1811999995], [6432930.284, 5665263.4866], [6432929.6997, 5665274.5879], [6432929.1874, 5665284.3221], [6432929.0948, 5665286.0821], [6432928.4181, 5665298.940199999], [6432927.9028, 5665308.7304], [6432928.2976, 5665319.353], [6432928.5556, 5665322.6548999995], [6432929.2438, 5665329.0857], [6432930.1792, 5665335.5107], [6432931.3582, 5665341.895500001], [6432931.6684, 5665343.379799999], [6432933.1638, 5665349.774499999], [6432934.1801, 5665353.587200001], [6432934.4942, 5665354.6986], [6432936.9636, 5665362.596100001], [6432939.8127, 5665370.364700001], [6432940.403, 5665371.841], [6432943.146, 5665378.256999999], [6432944.4761, 5665381.2939], [6432948.6279, 5665390.772700001], [6432952.5017, 5665399.6171], [6432955.402, 5665406.2389], [6432958.5858, 5665413.5078], [6432965.001, 5665428.1544], [6432967.3353, 5665433.483899999], [6432975.0134, 5665451.013800001], [6432977.4176, 5665456.502599999], [6432985.6109, 5665475.208799999], [6432987.8475, 5665480.315199999], [6432994.925, 5665496.473999999], [6432995.4441, 5665497.6931], [6432996.3037, 5665499.7118999995], [6432996.742, 5665500.7411], [6432997.6771, 5665502.937100001], [6433000.6357, 5665509.885199999], [6433006.2818, 5665523.1448], [6433008.4196, 5665528.165200001], [6433011.2166, 5665534.7338], [6433012.2896, 5665537.2535999995], [6433016.8414, 5665547.943299999], [6433018.0692, 5665550.8268], [6433021.9631, 5665559.9714], [6433023.6292, 5665563.884], [6433025.1488, 5665567.4528], [6433025.992, 5665569.433], [6433026.167, 5665569.842], [6433026.3134, 5665570.195599999], [6433028.7284, 5665576.0284], [6433029.438, 5665577.7422], [6433031.265, 5665582.154999999], [6433032.3214, 5665584.532500001], [6433034.0624, 5665588.4506], [6433034.691, 5665589.8654], [6433035.149, 5665590.896], [6433036.2123, 5665593.2892], [6433038.212, 5665597.789999999], [6433040.0554, 5665602.1428], [6433042.8523, 5665608.7469], [6433044.465, 5665612.555], [6433046.3894, 5665617.9332], [6433052.566, 5665635.195], [6433054.9635, 5665641.9574], [6433058.181, 5665651.033], [6433067.746, 5665678.740800001], [6433068.5659, 5665681.115800001], [6433081.2331, 5665717.8102], [6433083.2528, 5665723.6609000005], [6433092.5812, 5665750.6833999995], [6433093.257, 5665752.641000001], [6433096.498, 5665762.066], [6433101.012, 5665775.182], [6433104.2404, 5665784.562899999], [6433107.526, 5665794.109999999], [6433108.367, 5665797.2151999995], [6433113.2138, 5665815.112199999], [6433114.7908, 5665820.9352], [6433115.7044, 5665824.308599999], [6433116.6035, 5665827.628699999], [6433119.2605, 5665837.4397], [6433120.6485, 5665842.5649], [6433121.3723, 5665845.237299999], [6433122.4485, 5665849.2114], [6433122.9137, 5665850.9289], [6433124.1944, 5665855.6581999995], [6433125.3077, 5665859.7689], [6433127.3259, 5665864.5254], [6433131.6985, 5665874.830399999], [6433132.515, 5665876.7546999995], [6433135.6337, 5665884.104599999], [6433141.9915, 5665899.088300001], [6433144.0943, 5665904.0441], [6433144.9588, 5665905.866599999], [6433152.0973, 5665920.9153], [6433155.2818, 5665927.6285999995], [6433163.401, 5665944.7447999995], [6433163.6735, 5665945.3192], [6433167.2783, 5665952.5656], [6433168.6402, 5665955.303300001], [6433172.9244, 5665963.9153], [6433176.6381, 5665971.3807], [6433178.0606, 5665973.666200001], [6433181.6402, 5665979.358899999], [6433182.2338, 5665980.2949], [6433210.3711, 5666022.273399999], [6433205.6242, 5666024.7991], [6433097.4075, 5666081.728399999]]]}, "properties": {"OBJECTID": 17, "NROSIEDLA": 4, "NAZWAOSIEDLA": "Nadodrze", "SHAPE.AREA": 1986012.6625548, "SHAPE.LEN": 6095.668869924531, "DATA": 1453334400000}}, {"type": "Feature", "id": 18, "geometry": {"type": "Polygon", "coordinates": [[[6434805.2472, 5658815.7798], [6434806.3326, 5658834.237], [6434807.5299, 5658854.5978999995], [6434808.4048, 5658881.969799999], [6434805.0186, 5658904.2489], [6434801.7277, 5658925.9004999995], [6434799.3465, 5658941.5669], [6434795.9912, 5658960.847200001], [6434785.6879, 5659006.176899999], [6434774.9426, 5659044.883300001], [6434765.7614, 5659067.394099999], [6434754.8236, 5659093.3882], [6434739.1032, 5659119.9999], [6434727.5985, 5659139.475199999], [6434716.0612, 5659157.5659], [6434689.4037, 5659194.852299999], [6434662.2305, 5659232.860099999], [6434642.8431, 5659260.3991], [6434617.1114, 5659297.4725], [6434590.7815, 5659335.4078], [6434576.4871, 5659356.002599999], [6434555.5444, 5659386.157199999], [6434533.6692, 5659416.641799999], [6434517.4941, 5659439.183], [6434492.4831, 5659474.037599999], [6434470.7652, 5659504.303099999], [6434445.9593, 5659539.3467], [6434427.6492, 5659565.440099999], [6434418.0333, 5659589.1280000005], [6434409.9618, 5659614.3474], [6434402.3795, 5659638.0382], [6434396.0455, 5659660.5678], [6434387.5652, 5659693.5233], [6434379.1058, 5659733.9669], [6434377.4412, 5659765.7393], [6434376.3848, 5659805.3487], [6434376.8748, 5659845.9454], [6434379.6359, 5659867.766799999], [6434384.7498, 5659889.324899999], [6434389.7995, 5659910.6127], [6434398.6919, 5659948.0997], [6434412.1874, 5659989.6767], [6434431.6307, 5660040.5505], [6434506.884, 5660187.970000001], [6434502.0753, 5660185.275599999], [6434484.022, 5660175.16], [6434468.332, 5660166.380000001], [6434465.775, 5660164.869899999], [6434452.16, 5660156.829], [6434438.2659, 5660148.9901], [6434426.759, 5660142.498], [6434411.0315, 5660133.774499999], [6434388.226, 5660121.125], [6434383.3968, 5660118.6259], [6434375.876, 5660114.733999999], [6434371.3715, 5660112.5177], [6434368.864, 5660111.284], [6434358.714, 5660106.444], [6434349.8107, 5660102.4712000005], [6434349.344, 5660102.263], [6434344.0099, 5660100.001599999], [6434337.194, 5660097.112], [6434330.642, 5660094.482000001], [6434320.692, 5660090.761], [6434307.332, 5660086.191], [6434291.812, 5660081.35], [6434274.551, 5660076.52], [6434273.2638, 5660076.2191], [6434254.272, 5660071.778999999], [6434238.91, 5660068.759], [6434227.691, 5660066.710000001], [6434217.751, 5660065.209000001], [6434212.0983, 5660064.4322], [6434205.38, 5660063.509], [6434168.75, 5660058.958000001], [6434126.7505, 5660053.864399999], [6434095.9767, 5660050.132300001], [6434040.358, 5660043.387], [6434015.447, 5660040.506999999], [6433980.2372, 5660036.229900001], [6433942.01, 5660031.586300001], [6433816.8566, 5660016.383300001], [6433805.9767, 5660015.0616999995], [6433755.969, 5660008.987], [6433738.2256, 5660006.9805], [6433707.5339, 5660003.5097], [6433686.588, 5660001.141000001], [6433685.8193, 5660001.067], [6433674.612, 5659999.9881], [6433665.9684, 5659999.1559999995], [6433661.6178, 5659998.737199999], [6433661.4459, 5659998.708000001], [6433661.2775, 5659998.704399999], [6433660.919, 5659998.696799999], [6433660.9263, 5659998.670600001], [6433661.6939, 5659995.930299999], [6433662.6682, 5659992.452199999], [6433662.724, 5659992.2530000005], [6433663.0697, 5659988.025800001], [6433663.473, 5659983.093], [6433663.7349, 5659981.2128], [6433664.1487, 5659978.2411], [6433664.3462, 5659976.8237], [6433665.2319, 5659970.4640999995], [6433665.5122, 5659968.4517], [6433665.884, 5659965.782], [6433666.0093, 5659965.3576], [6433667.564, 5659960.0923999995], [6433668.0073, 5659958.5909], [6433668.6492, 5659956.416999999], [6433669.6806, 5659952.923800001], [6433672.1615, 5659944.521600001], [6433673.5604, 5659939.7842], [6433678.9387, 5659921.569], [6433679.4158, 5659919.953199999], [6433685.6183, 5659898.947000001], [6433686.613, 5659895.578], [6433690.9893, 5659880.756899999], [6433691.1236, 5659880.301999999], [6433691.878, 5659877.7469999995], [6433695.528, 5659866.232000001], [6433697.5389, 5659855.8199000005], [6433698.0201, 5659853.3281], [6433698.558, 5659850.543], [6433698.828, 5659843.9], [6433697.7523, 5659831.6105], [6433697.5581, 5659829.3924], [6433695.7142, 5659808.327099999], [6433695.4408, 5659805.2037], [6433694.084, 5659789.703], [6433693.6053, 5659783.6546], [6433693.418, 5659781.2871], [6433691.4916, 5659756.9449000005], [6433691.4643, 5659756.6009], [6433691.3165, 5659754.7323], [6433690.556, 5659745.123], [6433691.1218, 5659729.7192], [6433691.2475, 5659726.2984], [6433691.384, 5659722.582], [6433693.0372, 5659703.1285], [6433693.6736, 5659695.6393], [6433695.123, 5659678.584000001], [6433696.0887, 5659672.7278], [6433696.2089, 5659671.9987], [6433700.2377, 5659647.5659], [6433701.795, 5659638.1219999995], [6433702.0203, 5659637.0583], [6433706.8217, 5659614.3871], [6433707.1992, 5659612.604699999], [6433713.714, 5659581.8433], [6433713.9817, 5659580.5791], [6433715.3446, 5659574.1439], [6433716.7987, 5659567.277899999], [6433718.4508, 5659559.477], [6433719.1247, 5659556.2947], [6433719.799, 5659553.111], [6433701.674, 5659550.379000001], [6433677.408, 5659546.711999999], [6433556.597, 5659528.481000001], [6433334.887, 5659494.9969999995], [6433327.181, 5659492.880000001], [6433319.898, 5659489.5879999995], [6433313.218, 5659485.200999999], [6433306.624, 5659479.092], [6433301.74, 5659472.766000001], [6433297.901, 5659465.756999999], [6433295.201, 5659458.234999999], [6433293.702, 5659450.381999999], [6433290.976, 5659218.960999999], [6433290.926, 5659214.171], [6433290.824, 5659205.741], [6433290.745, 5659199.152000001], [6433289.957, 5659132.323000001], [6433289.723, 5659108.828], [6433289.674, 5659104.799000001], [6433288.824, 5659036.124], [6433288.8134, 5659035.6734], [6433288.7996, 5659035.086300001], [6433288.7955, 5659034.9114], [6433288.7894, 5659034.650699999], [6433288.7757, 5659034.0701], [6433288.7693, 5659033.7951], [6433288.7636, 5659033.5525], [6433288.7506, 5659033.0012], [6433288.7476, 5659032.8706], [6433288.7376, 5659032.445], [6433288.7223, 5659031.795700001], [6433288.7083, 5659031.2017], [6433288.6722, 5659029.6632], [6433288.6665, 5659029.4212], [6433288.6379, 5659028.2053], [6433288.6318, 5659027.943399999], [6433288.6207, 5659027.473999999], [6433288.6194, 5659027.417199999], [6433288.5913, 5659026.220899999], [6433288.5782, 5659025.6653], [6433288.5585, 5659024.8256], [6433288.4853, 5659021.709799999], [6433288.452, 5659020.2928], [6433288.3748, 5659017.008099999], [6433288.3653, 5659016.6033], [6433288.3496, 5659015.9333], [6433288.3492, 5659015.9201], [6433288.2535, 5659011.8434], [6433288.1938, 5659009.303400001], [6433288.1537, 5659007.599199999], [6433287.9936, 5659000.7838], [6433287.7148, 5658988.9187], [6433287.651, 5658986.205], [6433287.7777, 5658980.8342], [6433287.858, 5658977.427300001], [6433288.0412, 5658969.658600001], [6433288.0714, 5658968.3784], [6433288.074, 5658968.267999999], [6433288.0681, 5658967.8257], [6433288.0447, 5658966.0765], [6433288.0395, 5658965.688200001], [6433288.0177, 5658964.059], [6433288.0102, 5658963.4999], [6433287.9824, 5658961.4198], [6433287.9801, 5658961.250499999], [6433287.9472, 5658958.7938], [6433287.9426, 5658958.445699999], [6433287.9168, 5658956.525], [6433287.9092, 5658955.950999999], [6433287.8857, 5658954.196699999], [6433287.8828, 5658953.978399999], [6433287.8779, 5658953.6164], [6433287.8407, 5658950.8312], [6433287.8232, 5658949.524], [6433287.7918, 5658947.1799], [6433287.7853, 5658946.6931], [6433287.7788, 5658946.209100001], [6433287.7594, 5658944.761600001], [6433287.7537, 5658944.337200001], [6433287.7334, 5658942.819599999], [6433287.7289, 5658942.4822], [6433287.705, 5658940.6976], [6433287.7003, 5658940.343599999], [6433287.7, 5658940.3193], [6433287.6974, 5658940.130100001], [6433287.6949, 5658939.942399999], [6433287.6901, 5658939.583699999], [6433287.6897, 5658939.554199999], [6433287.6858, 5658939.366800001], [6433287.6826, 5658939.091600001], [6433287.6824, 5658939.048900001], [6433287.6812, 5658938.9549], [6433287.6714, 5658938.207900001], [6433287.665, 5658937.705700001], [6433287.6645, 5658937.668099999], [6433287.664, 5658937.630999999], [6433286.515, 5658902.960999999], [6433283.649, 5658855.7809999995], [6433283.319, 5658851.573999999], [6433280.282, 5658820.709000001], [6433277.028, 5658786.380999999], [6433272.297, 5658737.388], [6433267.704, 5658688.218], [6433266.503, 5658675.732000001], [6433262.342, 5658634.187999999], [6433256.924, 5658579.658], [6433252.654, 5658532.375], [6433250.253, 5658505.721999999], [6433244.132, 5658442.630000001], [6433238.319, 5658380.973999999], [6433233.264, 5658326.6899999995], [6433231.696, 5658311.927999999], [6433211.849, 5658125.67], [6433211.217, 5658119.698999999], [6433210.969, 5658117.369999999], [6433208.826, 5658097.264], [6433208.562, 5658094.778000001], [6433207.938, 5658088.903999999], [6433198.865, 5658003.546], [6433198.309, 5657994.721000001], [6433197.869, 5657990.726], [6433188.13, 5657902.385], [6433177.611, 5657806.993000001], [6433175.476, 5657787.617000001], [6433175.3433, 5657786.350099999], [6433175.024, 5657783.301999999], [6433174.8289, 5657781.420499999], [6433173.9588, 5657773.0331999995], [6433172.7405, 5657761.290999999], [6433170.8596, 5657743.1635], [6433170.6488, 5657741.1296999995], [6433169.739, 5657732.380000001], [6433168.9768, 5657725.010600001], [6433167.7714, 5657713.3891], [6433167.3647, 5657709.459000001], [6433166.529, 5657701.416200001], [6433165.6883, 5657693.324899999], [6433165.0394, 5657687.0759], [6433164.6429, 5657683.2652], [6433162.5034, 5657662.6526], [6433161.8665, 5657656.515799999], [6433161.6529, 5657654.4584], [6433161.65, 5657654.43], [6433161.114, 5657649.195], [6433160.57, 5657643.931], [6433160.0812, 5657638.643200001], [6433160.08, 5657638.630000001], [6433159.623, 5657633.6861000005], [6433159.5762, 5657633.179500001], [6433157.9903, 5657616.023600001], [6433157.6693, 5657612.541999999], [6433156.025, 5657594.763], [6433155.2381, 5657586.2469999995], [6433155.1961, 5657585.7925], [6433152.7766, 5657559.610300001], [6433152.4015, 5657555.5506], [6433152.124, 5657552.548], [6433150.3478, 5657533.848999999], [6433150.1576, 5657531.847200001], [6433149.8833, 5657528.959899999], [6433149.4813, 5657524.727700001], [6433149.3732, 5657523.5899], [6433149.2676, 5657522.4781], [6433149.2301, 5657522.0831], [6433149.19, 5657521.661], [6433148.916, 5657518.614], [6433148.0681, 5657509.1952], [6433147.5242, 5657503.1525], [6433145.6745, 5657482.604499999], [6433145.2408, 5657477.786], [6433142.8093, 5657450.7751], [6433142.7294, 5657449.887499999], [6433140.3664, 5657423.628799999], [6433140.167, 5657421.422], [6433140.0648, 5657420.295], [6433139.7548, 5657416.8784], [6433136.9992, 5657386.505899999], [6433136.6151, 5657382.271], [6433134.6495, 5657360.604900001], [6433134.3955, 5657357.8048], [6433129.528, 5657304.152000001], [6433128.9109, 5657297.4223], [6433127.78, 5657285.09], [6433125.88, 5657264.380000001], [6433125.8678, 5657264.2434], [6433123.9251, 5657243.0701], [6433123.9125, 5657242.918400001], [6433122.5502, 5657228.072000001], [6433121.949, 5657221.506999999], [6433121.6569, 5657216.0966], [6433136.676, 5657206.328], [6433183.913, 5657175.983999999], [6433431.948, 5657019.673], [6433438.353, 5657015.865], [6433456.729, 5657055.234999999], [6433490.264, 5657125.091], [6433530.943, 5657208.431], [6433586.522, 5657198.069], [6433918.845, 5657140.551000001], [6434131.385, 5657105.346999999], [6434150.25, 5657101.518999999], [6434147.759, 5657111.359999999], [6434140.036, 5657166.596000001], [6434133.179, 5657216.551000001], [6434126.789, 5657261.24], [6434119.55, 5657310.799000001], [6434100.925, 5657426.788000001], [6434088.372, 5657481.092], [6434108.875, 5657488.676000001], [6434127.739, 5657500.470000001], [6434196.59, 5657557.255000001], [6434209.442, 5657571.391000001], [6434214.212, 5657579.643999999], [6434232.52, 5657619.130000001], [6434237.69, 5657619.880000001], [6434239.48, 5657620.140000001], [6434487.48, 5657656.130000001], [6434491.64, 5657656.73], [6434496.881, 5657656.916999999], [6434517.997, 5657920.895], [6434518.083, 5657925.504000001], [6434539.164, 5658201.786], [6434537.747, 5658209.584000001], [6434526.831, 5658260.421], [6434515.729, 5658336.4629999995], [6434507.281, 5658388.790999999], [6434481.32, 5658530.221000001], [6434467.43, 5658624.481000001], [6434467.151, 5658628.715], [6434525.022, 5658634.937000001], [6434598.978, 5658640.705], [6434618.343, 5658641.831], [6434642.644, 5658641.7469999995], [6434679.633, 5658639.721000001], [6434761.891, 5658626.717], [6434762.2998, 5658626.634199999], [6434762.4571, 5658627.3793], [6434805.2472, 5658815.7798]]]}, "properties": {"OBJECTID": 18, "NROSIEDLA": 19, "NAZWAOSIEDLA": "Jagodno", "SHAPE.AREA": 3426952.2722081, "SHAPE.LEN": 9088.045373085659, "DATA": 1453334400000}}, {"type": "Feature", "id": 19, "geometry": {"type": "Polygon", "coordinates": [[[6427131.2911, 5665416.4716], [6427020.2194, 5665445.285800001], [6426862.7344, 5665486.1406], [6426807.9074, 5665500.3638], [6426439.843, 5665598.549799999], [6426351.1353, 5665623.348999999], [6426312.1621, 5665634.540899999], [6426282.4006, 5665642.8006], [6426268.97, 5665636.694499999], [6426258.7703, 5665632.011399999], [6426247.3402, 5665625.9789], [6426239.998, 5665621.891000001], [6426224.4672, 5665611.6468], [6426218.8446, 5665608.282500001], [6426215.299, 5665606.161], [6426208.5655, 5665601.564300001], [6426205.5889, 5665599.532299999], [6426205.338, 5665599.361], [6426194.038, 5665591.221000001], [6426193.5135, 5665590.8243], [6426187.0592, 5665585.942500001], [6426186.568, 5665585.571], [6426179.2874, 5665579.578400001], [6426178.428, 5665578.870999999], [6426166.901, 5665568.595899999], [6426161.928, 5665564.163000001], [6426158.226, 5665560.863], [6426150.8186, 5665553.4617], [6426146.156, 5665548.802999999], [6426145.6199, 5665548.2136], [6426137.535, 5665539.323999999], [6426134.6115, 5665535.893300001], [6426130.2588, 5665530.785499999], [6426128.145, 5665528.305], [6426120.004, 5665518.345000001], [6426119.8648, 5665518.166200001], [6426115.3832, 5665512.4120000005], [6426114.264, 5665510.975], [6426106.2717, 5665499.645300001], [6426103.6981, 5665495.997199999], [6426102.103, 5665493.736], [6426096.643, 5665485.494999999], [6426094.1076, 5665481.1642], [6426093.6197, 5665480.330700001], [6426091.3933, 5665476.527799999], [6426083.524, 5665463.085999999], [6426080.4944, 5665457.285499999], [6426078.4753, 5665453.4198], [6426075.574, 5665447.865], [6426070.1881, 5665436.2511], [6426067.713, 5665430.914000001], [6426067.4664, 5665430.2992], [6426062.064, 5665416.833000001], [6426060.5434, 5665412.7031], [6426058.7455, 5665407.819700001], [6426057.884, 5665405.48], [6426057.373, 5665404.092], [6426054.0402, 5665394.498], [6426052.683, 5665390.591], [6426052.3505, 5665389.452099999], [6426051.4469, 5665386.357000001], [6426034.71, 5665391.243000001], [6426034.5336, 5665391.291200001], [6426034.3713, 5665391.3353], [6426033.3131, 5665391.6274], [6426033.1542, 5665391.6711], [6426032.0629, 5665391.9714], [6426030.7852, 5665392.323000001], [6426030.6143, 5665392.369999999], [6426030.4754, 5665392.408299999], [6426030.222, 5665392.478], [6426025.4654, 5665393.7871], [6426024.3794, 5665394.085999999], [6426022.9113, 5665394.4901], [6426020.0931, 5665395.2656], [6426013.931, 5665396.9615], [6426011.4045, 5665397.6570999995], [6426004.1414, 5665399.6557], [6425997.9792, 5665401.352700001], [6425994.5171, 5665402.304500001], [6425989.3838, 5665403.719900001], [6425986.893, 5665404.4043000005], [6425982.0464, 5665405.738], [6425981.0564, 5665406.0108], [6425979.715, 5665406.380000001], [6425977.761, 5665406.914000001], [6425977.76, 5665406.909399999], [6425974.5385, 5665407.793], [6425972.774, 5665408.277000001], [6425971.292, 5665408.682], [6425970.076, 5665409.017000001], [6425965.1858, 5665410.362400001], [6425965.1501, 5665410.372199999], [6425963.2632, 5665410.8913], [6425962.0328, 5665411.229800001], [6425945.5595, 5665415.7618], [6425941.9774, 5665416.747300001], [6425914.7695, 5665424.2325], [6425914.7252, 5665424.2447], [6425914.244, 5665424.3771], [6425886.7138, 5665431.951199999], [6425884.9331, 5665432.4410999995], [6425874.556, 5665435.296], [6425867.838, 5665437.147], [6425857.7868, 5665439.9111], [6425847.3544, 5665442.779999999], [6425842.4938, 5665444.116699999], [6425818.0199, 5665450.847100001], [6425816.6705, 5665451.2182], [6425804.155, 5665454.66], [6425792.1278, 5665457.732899999], [6425792.0112, 5665457.7633], [6425766.3627, 5665464.3178], [6425763.2245, 5665465.1197999995], [6425755.4257, 5665467.1128], [6425754.5568, 5665467.334899999], [6425745.2019, 5665469.725500001], [6425743.7617, 5665470.0934999995], [6425736.5379, 5665471.9396], [6425735.5067, 5665472.2031], [6425733.124, 5665472.812000001], [6425732.3997, 5665472.9955], [6425730.9559, 5665473.361400001], [6425727.1276, 5665474.331499999], [6425726.7979, 5665474.415100001], [6425726.5638, 5665474.474400001], [6425724.2713, 5665475.055299999], [6425723.5303, 5665475.243100001], [6425721.605, 5665475.731000001], [6425718.116, 5665461.732000001], [6425706.481, 5665464.632999999], [6425703.2359, 5665465.566299999], [6425702.1826, 5665465.869200001], [6425698.2473, 5665467.0009], [6425695.7758, 5665467.7129], [6425691.534, 5665468.9350000005], [6425693.557, 5665476.052999999], [6425472.117, 5665537.92], [6425463.2232, 5665543.118100001], [6425458.5519, 5665545.848300001], [6425458.466, 5665545.898499999], [6425458.2993, 5665545.9903], [6425457.0912, 5665544.2491999995], [6425456.017, 5665541.011299999], [6425452.7088, 5665534.308499999], [6425449.382, 5665527.0495], [6425445.4705, 5665513.9668000005], [6425443.3511, 5665503.0732], [6425443.3845, 5665491.0901999995], [6425443.8661, 5665479.221000001], [6425445.5682, 5665466.1095], [6425448.0709, 5665454.8089000005], [6425450.3981, 5665442.503699999], [6425451.9995, 5665433.2491999995], [6425453.4993, 5665424.2008], [6425454.5074, 5665413.036900001], [6425455.1069, 5665403.742799999], [6425455.0362, 5665394.6723], [6425454.2272, 5665378.4494], [6425453.4391, 5665364.084000001], [6425452.1582, 5665344.643999999], [6425451.4436, 5665335.029999999], [6425450.7494, 5665326.5561], [6425451.7008, 5665310.2783], [6425454.9255, 5665296.3303], [6425456.5203, 5665291.707], [6425456.4299, 5665291.6689], [6425456.9159, 5665290.4264], [6425457.9507, 5665288.151799999], [6425461.469, 5665279.891899999], [6425464.673, 5665273.420600001], [6425469.7049, 5665264.0514], [6425474.9192, 5665255.5967999995], [6425480.1852, 5665248.9235], [6425488.5167, 5665240.6578], [6425495.7921, 5665234.4275], [6425500.8283, 5665230.3355], [6425506.8691, 5665225.595899999], [6425512.9419, 5665220.541099999], [6425520.9648, 5665213.671499999], [6425528.1292, 5665207.3017], [6425533.9673, 5665202.758400001], [6425537.4766, 5665198.5940000005], [6425541.9901, 5665193.6984], [6425546.4029, 5665188.3517], [6425551.4879, 5665180.9235], [6425556.0348, 5665173.145099999], [6425560.2085, 5665165.7982], [6425565.4544, 5665156.226199999], [6425570.3146, 5665147.3673], [6425578.6111, 5665132.518200001], [6425587.0308, 5665117.1975], [6425592.0666, 5665108.2831999995], [6425599.646, 5665094.7456], [6425603.2621, 5665087.929500001], [6425607.9474, 5665079.350400001], [6425615.3314, 5665062.8464], [6425619.9008, 5665052.2171], [6425623.1989, 5665044.845000001], [6425627.4305, 5665034.9945], [6425629.9396, 5665028.621300001], [6425633.9158, 5665018.5276999995], [6425638.7401, 5665007.881200001], [6425642.2558, 5664999.0967], [6425651.0605, 5664985.7216], [6425658.7268, 5664977.399], [6425664.0215, 5664972.057], [6425675.7165, 5664963.613], [6425690.6135, 5664956.626499999], [6425700.4388, 5664953.477600001], [6425723.4032, 5664946.3397], [6425730.8269, 5664944.161900001], [6425738.5333, 5664941.8716], [6425749.2659, 5664938.5195], [6425761.4253, 5664934.8881], [6425767.2831, 5664933.2566], [6425773.7888, 5664931.7422], [6425781.9152, 5664929.2881000005], [6425788.9008, 5664927.186000001], [6425795.0725, 5664925.589], [6425800.7601, 5664923.410599999], [6425806.1623, 5664920.753900001], [6425811.1314, 5664918.099300001], [6425816.6183, 5664914.383400001], [6425824.1885, 5664909.0879999995], [6425834.828, 5664899.312999999], [6425841.124, 5664892.0385], [6425847.1072, 5664883.851], [6425853.2399, 5664875.2214], [6425858.5805, 5664867.707599999], [6425867.8036, 5664855.2991], [6425876.5697, 5664843.011600001], [6425882.7521, 5664834.269200001], [6425889.72, 5664824.41], [6425896.9605, 5664812.635], [6425903.626, 5664800.651000001], [6425906.6686, 5664794.471899999], [6425909.0667, 5664789.601600001], [6425912.6818, 5664782.168400001], [6425915.9647, 5664775.3639], [6425920.1615, 5664767.027000001], [6425925.1645, 5664757.1874], [6425930.76, 5664747.148399999], [6425935.4354, 5664738.074899999], [6425938.3228, 5664731.8072999995], [6425943.697, 5664720.9575], [6425948.1814, 5664711.660599999], [6425951.5972, 5664704.5481], [6425955.1325, 5664697.137800001], [6425958.131, 5664689.8347], [6425961.0875, 5664682.0934999995], [6425965.1544, 5664668.441299999], [6425966.7495, 5664661.2664], [6425968.5468, 5664649.7849], [6425968.9574, 5664645.3632], [6425970.4746, 5664627.0743], [6425971.0941, 5664619.823799999], [6425972.3137, 5664608.774800001], [6425973.4488, 5664602.4684], [6425974.0829, 5664599.306700001], [6425975.9275, 5664592.0889], [6425977.8322, 5664585.7161], [6425979.1154, 5664580.522600001], [6425985.3198, 5664572.727399999], [6425989.8364, 5664567.5348000005], [6425995.1922, 5664562.6993], [6426003.6316, 5664556.3566], [6426013.4089, 5664549.932], [6426018.402, 5664547.451099999], [6426026.1515, 5664542.799000001], [6426031.144, 5664541.036599999], [6426034.6635, 5664539.566], [6426039.5142, 5664537.9333], [6426043.6831, 5664536.6274], [6426048.6442, 5664534.6808], [6426049.3267, 5664534.413000001], [6426059.3996, 5664529.7805], [6426060.914, 5664529.084000001], [6426065.1221, 5664526.285], [6426067.4353, 5664524.746300001], [6426072.432, 5664521.3891], [6426076.8755, 5664518.1534], [6426077.2259, 5664517.8774], [6426082.8491, 5664513.448100001], [6426085.3506, 5664511.322799999], [6426092.6317, 5664503.4246], [6426094.11, 5664501.5293000005], [6426097.2643, 5664497.484999999], [6426103.616, 5664487.4], [6426107.3579, 5664482.2662], [6426112.7291, 5664473.917400001], [6426118.1009, 5664466.7278], [6426122.1059, 5664461.5605999995], [6426125.1521, 5664457.6305], [6426131.3832, 5664450.444], [6426135.1116, 5664446.648399999], [6426137.3891, 5664444.296399999], [6426138.8633, 5664442.774], [6426142.7358, 5664439.000600001], [6426143.8547, 5664438.0616999995], [6426148.4492, 5664434.206599999], [6426156.5775, 5664427.805299999], [6426161.5156, 5664424.0507], [6426165.9096, 5664420.8957], [6426171.4109, 5664417.1833999995], [6426176.2336, 5664414.267899999], [6426184.0532, 5664409.945499999], [6426187.7807, 5664408.1281], [6426194.4695, 5664404.827299999], [6426198.1974, 5664403.0901], [6426200.4441, 5664402.098099999], [6426204.418, 5664400.3434999995], [6426210.6346, 5664398.478700001], [6426211.7999, 5664398.095000001], [6426218.008, 5664396.051000001], [6426223.7193, 5664394.3629], [6426230.7338, 5664392.1709], [6426239.9105, 5664388.8213], [6426245.7433, 5664386.744100001], [6426250.7634, 5664384.8796], [6426254.0296, 5664383.645400001], [6426256.1623, 5664382.839500001], [6426261.4571, 5664380.838400001], [6426268.9546, 5664378.1587000005], [6426276.0725, 5664375.723999999], [6426282.3724, 5664373.6467], [6426287.4523, 5664371.923], [6426294.426, 5664369.4353], [6426297.5972, 5664368.304400001], [6426297.8706, 5664368.206900001], [6426303.6527, 5664366.1818], [6426307.3239, 5664364.891000001], [6426309.4269, 5664364.1515999995], [6426314.6174, 5664362.3212], [6426319.0233, 5664360.694800001], [6426325.177, 5664358.4221], [6426331.4223, 5664356.224199999], [6426336.5776, 5664354.4668000005], [6426336.8359, 5664354.378699999], [6426343.8061, 5664352.0011], [6426349.6531, 5664350.1066], [6426354.5499, 5664348.5184], [6426359.5972, 5664346.8072], [6426364.9338, 5664344.997099999], [6426371.3165, 5664342.642999999], [6426375.4655, 5664341.2917], [6426376.9604, 5664340.8048], [6426385.5586, 5664337.9651999995], [6426391.8163, 5664335.9241], [6426397.5377, 5664334.1359], [6426399.3841, 5664333.558800001], [6426407.2412, 5664331.1554000005], [6426416.5135, 5664329.455399999], [6426424.9736, 5664328.2686], [6426431.0464, 5664327.1974], [6426434.8011, 5664326.6305], [6426440.4924, 5664325.771299999], [6426447.9139, 5664324.536499999], [6426453.8941, 5664323.928099999], [6426454.7665, 5664323.839299999], [6426462.3561, 5664323.308599999], [6426468.7586, 5664322.4976], [6426475.1317, 5664322.4881], [6426484.4467, 5664322.515000001], [6426486.415, 5664322.5452], [6426491.925, 5664322.629799999], [6426499.9981, 5664322.5359000005], [6426504.9625, 5664322.6164], [6426509.6599, 5664322.241], [6426515.4892, 5664321.0857], [6426515.6658, 5664321.0507], [6426520.7842, 5664319.692], [6426526.2944, 5664317.4287], [6426531.7135, 5664314.8289], [6426537.958, 5664310.823999999], [6426544.0587, 5664305.851500001], [6426548.7286, 5664302.0452], [6426556.8381, 5664294.930400001], [6426560.4117, 5664291.960200001], [6426564.7877, 5664288.1229], [6426574.1156, 5664279.667400001], [6426578.303, 5664275.8508], [6426583.8282, 5664271.2312], [6426585.3491, 5664269.922499999], [6426588.2765, 5664267.390900001], [6426593.3715, 5664262.709000001], [6426596.8381, 5664259.525599999], [6426599.9427, 5664257.8247], [6426602.7814, 5664253.443299999], [6426606.2591, 5664250.0956], [6426609.7655, 5664246.3739], [6426612.2037, 5664243.5282000005], [6426612.2335, 5664243.5549], [6426644.8013, 5664271.939099999], [6426686.0114, 5664307.1252999995], [6426688.3136, 5664309.094799999], [6426698.5045, 5664317.8025], [6426764.3724, 5664364.1369], [6426833.5646, 5664412.308800001], [6426836.0919, 5664414.1438], [6426847.2936, 5664421.9001], [6426849.122, 5664423.166099999], [6426864.8366, 5664434.0473], [6426868.916, 5664436.8719999995], [6426874.8689, 5664441.18], [6426884.0143, 5664447.7983], [6426923.5657, 5664475.5887], [6426990.4525, 5664529.5638], [6427005.0576, 5664541.205499999], [6427016.8051, 5664550.201300001], [6427033.1767, 5664561.376], [6427047.339, 5664569.499299999], [6427083.1627, 5664587.8781], [6427138.9506, 5664617.529100001], [6427210.7613, 5664657.2464000005], [6427262.7248, 5664680.677100001], [6427321.7942, 5664702.2399], [6427382.7099, 5664729.126599999], [6427435.7149, 5664765.019300001], [6427499.5724, 5664814.146600001], [6427544.4839, 5664843.899800001], [6427607.1276, 5664866.3104], [6427617.7398, 5664869.195599999], [6427625.6238, 5664871.339], [6427638.332, 5664874.794], [6427670.7435, 5664878.762800001], [6427715.0613, 5664878.101299999], [6427729.1815, 5664878.1844], [6427760.2632, 5664878.3672], [6427771.2854, 5664878.4321], [6427771.998, 5664885.954500001], [6427772.9189, 5664895.675000001], [6427776.8696, 5664935.0173], [6427787.5858, 5664999.4826], [6427802.227, 5665069.8519], [6427825.5104, 5665132.2937], [6427853.0271, 5665204.260500001], [6427545.1458, 5665301.5667], [6427541.0245, 5665302.805400001], [6427490.8807, 5665317.8761], [6427441.483, 5665332.884400001], [6427285.1926, 5665376.546499999], [6427131.2911, 5665416.4716]]]}, "properties": {"OBJECTID": 19, "NROSIEDLA": 30, "NAZWAOSIEDLA": "Nowy Dwór", "SHAPE.AREA": 1908097.98839249, "SHAPE.LEN": 6241.16418143049, "DATA": 1453334400000}}, {"type": "Feature", "id": 20, "geometry": {"type": "Polygon", "coordinates": [[[6432635.1085, 5663000.009299999], [6432630.1536, 5663001.0853], [6432623.0145, 5663002.635600001], [6432614.9279, 5663004.3917], [6432603.6442, 5663006.8421], [6432596.1289, 5663008.474199999], [6432587.5938, 5663010.3277], [6432578.6175, 5663012.277000001], [6432571.4784, 5663013.827299999], [6432563.9346, 5663015.732100001], [6432555.5672, 5663018.085899999], [6432547.9837, 5663020.2191], [6432539.0584, 5663022.729800001], [6432527.8038, 5663025.8958], [6432522.444, 5663027.4034], [6432515.3731, 5663029.3925], [6432504.9854, 5663032.3146], [6432496.618, 5663034.668400001], [6432483.4034, 5663038.3857], [6432299.5285, 5663097.910499999], [6432296.534, 5663098.9165], [6432296.1619, 5663097.618799999], [6432294.825, 5663092.956900001], [6432294.3752, 5663091.3884], [6432292.3169, 5663084.2108], [6432291.0051, 5663079.6362], [6432290.9409, 5663079.4213], [6432289.1637, 5663073.4771], [6432287.7918, 5663068.8884], [6432287.7664, 5663068.803200001], [6432286.4013, 5663064.237400001], [6432285.8223, 5663062.8938], [6432282.2881, 5663054.6917], [6432278.9248, 5663046.886399999], [6432277.9875, 5663044.711100001], [6432271.9009, 5663030.975], [6432267.4618, 5663020.9572], [6432266.24, 5663018.1998], [6432262.8568, 5663009.050899999], [6432257.3707, 5662994.215399999], [6432254.9687, 5662987.719699999], [6432254.4886, 5662986.232100001], [6432252.5681, 5662980.2807], [6432251.7772, 5662977.8301], [6432249.8835, 5662971.9618999995], [6432248.8596, 5662971.4965], [6432245.0089, 5662969.7464000005], [6432234.781, 5662965.0978], [6432231.5836, 5662958.332800001], [6432231.2782, 5662957.620200001], [6432228.1259, 5662950.264900001], [6432227.3933, 5662948.555400001], [6432225.2336, 5662943.516100001], [6432224.833, 5662942.3758000005], [6432224.7422, 5662942.1175999995], [6432222.4819, 5662935.6844], [6432221.3247, 5662932.586200001], [6432207.966, 5662896.8221], [6432203.5851, 5662885.0934], [6432192.4109, 5662855.1774], [6432187.328, 5662841.569399999], [6432184.931, 5662835.152000001], [6432181.164, 5662824.543], [6432181.0543, 5662824.234300001], [6432179.7143, 5662820.461200001], [6432178.188, 5662816.164000001], [6432172.4664, 5662800.052999999], [6432170.062, 5662793.2828], [6432159.47, 5662763.457699999], [6432156.6722, 5662755.579600001], [6432151.2326, 5662740.262700001], [6432145.2113, 5662723.308599999], [6432142.0605, 5662714.436799999], [6432136.403, 5662698.506999999], [6432133.063, 5662689.102], [6432127.4422, 5662673.389599999], [6432125.4203, 5662667.7378], [6432119.7044, 5662651.7597], [6432119.5772, 5662650.8267], [6432119.2854, 5662648.6873], [6432118.1169, 5662640.118000001], [6432118.3167, 5662628.855], [6432112.7335, 5662605.5451], [6432112.4521, 5662604.785], [6432111.4332, 5662601.753799999], [6432109.5645, 5662595.5965], [6432103.5253, 5662576.257200001], [6432097.0659, 5662555.769200001], [6432090.6474, 5662535.2951], [6432084.6798, 5662515.801999999], [6432077.9333, 5662493.6434], [6432072.8192, 5662477.0385], [6432067.7511, 5662460.8114], [6432059.0835, 5662432.3628], [6432051.5219, 5662407.7543], [6432043.7741, 5662382.1833], [6432035.9596, 5662356.368000001], [6432028.0516, 5662331.057600001], [6432020.7883, 5662307.3694], [6432012.3552, 5662279.837300001], [6432004.8066, 5662254.9091], [6431998.0864, 5662232.9845], [6431994.6123, 5662221.6226], [6431989.7042, 5662205.4233], [6431984.6385, 5662189.4714], [6431979.247, 5662171.397600001], [6431974.9505, 5662156.522600001], [6431969.3171, 5662136.7436], [6431965.4751, 5662123.334799999], [6431959.2567, 5662101.488399999], [6431953.609, 5662082.906099999], [6431948.5541, 5662066.5975], [6431942.4506, 5662046.485400001], [6431936.0466, 5662025.446599999], [6431929.0839, 5662003.5056], [6431922.7705, 5661983.927999999], [6431918.5845, 5661971.495100001], [6431912.8367, 5661954.7597], [6431908.8363, 5661943.095899999], [6431900.5494, 5661919.7597], [6431893.5242, 5661900.9333999995], [6431886.323, 5661882.3891], [6431878.7788, 5661863.790899999], [6431873.0246, 5661849.4428], [6431865.2343, 5661830.417300001], [6431861.8986, 5661822.240900001], [6431856.6975, 5661810.1547], [6431847.7513, 5661789.5975], [6431838.8736, 5661769.282500001], [6431829.9239, 5661749.0811], [6431823.5522, 5661734.8577], [6431769.3858, 5661612.3913], [6431737.4085, 5661540.161699999], [6431730.845, 5661524.964400001], [6431725.2011, 5661512.5911], [6431722.4635, 5661506.123299999], [6431719.9318, 5661501.2062], [6431716.2123, 5661493.5922], [6431710.0175, 5661481.6591], [6431696.344, 5661456.737500001], [6431690.675, 5661447.328199999], [6431686.5896, 5661440.4015999995], [6431698.0639, 5661433.992900001], [6431743.656, 5661422.008300001], [6431769.7469, 5661417.1285999995], [6431775.4677, 5661416.058599999], [6431787.1804, 5661413.868000001], [6431798.7247, 5661411.708900001], [6431801.6615, 5661411.159700001], [6431804.4497, 5661410.6382], [6431807.5274, 5661410.0626], [6431823.4103, 5661407.092], [6431840.0913, 5661403.972200001], [6431841.8849, 5661403.6368], [6431853.4274, 5661401.478], [6431855.0153, 5661401.181], [6431862.8277, 5661399.719900001], [6431864.7578, 5661399.358899999], [6432028.9172, 5661372.8281], [6432131.6891, 5661361.582599999], [6432224.4576, 5661350.457900001], [6432421.5823, 5661340.932], [6432452.0731, 5661341.3992], [6432702.8038, 5661337.5701], [6433011.7281, 5661326.4385], [6433170.7939, 5661318.966399999], [6433354.8508, 5661312.118000001], [6433394.2835, 5661310.650699999], [6433398.6762, 5661310.487299999], [6433397.3664, 5661316.511299999], [6433396.3452, 5661321.2082], [6433395.3183, 5661325.931], [6433394.5292, 5661329.5600000005], [6433394.192, 5661331.111], [6433391.826, 5661341.6613], [6433389.4618, 5661352.203600001], [6433385.842, 5661368.345000001], [6433382.9526, 5661381.5879999995], [6433381.692, 5661387.366], [6433376.727, 5661410.086999999], [6433373.2186, 5661425.228800001], [6433369.1182, 5661442.9253], [6433362.622, 5661470.961999999], [6433362.354, 5661472.218900001], [6433359.488, 5661485.659700001], [6433359.0524, 5661487.702400001], [6433356.6715, 5661498.8686999995], [6433355.988, 5661502.073999999], [6433355.3301, 5661504.2864], [6433351.702, 5661516.487], [6433349.886, 5661522.088500001], [6433349.417, 5661523.535], [6433358.4851, 5661525.412799999], [6433362.5388, 5661526.2522], [6433365.479, 5661526.861], [6433367.765, 5661530.624], [6433376.4383, 5661529.7061], [6433377.6074, 5661529.5824], [6433388.7248, 5661528.4059], [6433393.0659, 5661527.9464], [6433394.5685, 5661527.7874], [6433394.6086, 5661530.841600001], [6433394.7981, 5661545.261399999], [6433394.859, 5661549.896], [6433394.9541, 5661551.4518], [6433395.4234, 5661559.1303], [6433395.7306, 5661564.1579], [6433396.2033, 5661571.890900001], [6433396.354, 5661574.356799999], [6433396.5105, 5661576.918], [6433396.6514, 5661579.2228], [6433397.3958, 5661591.403999999], [6433397.455, 5661592.3719999995], [6433397.7171, 5661596.6689], [6433397.8601, 5661599.0121], [6433398.016, 5661601.568], [6433398.464, 5661608.889], [6433398.9803, 5661617.3332], [6433399.4094, 5661624.350099999], [6433399.832, 5661631.261], [6433400.0231, 5661635.126499999], [6433400.4272, 5661643.3002], [6433401.1089, 5661657.0868999995], [6433401.3345, 5661661.651000001], [6433401.3818, 5661662.606899999], [6433401.4686, 5661664.363], [6433401.9038, 5661673.1644], [6433402.0972, 5661677.077199999], [6433402.245, 5661680.066], [6433402.458, 5661684.385], [6433395.578, 5661681.3379999995], [6433392.7724, 5661680.2904], [6433391.25, 5661679.721999999], [6433382.3567, 5661676.3993], [6433380.311, 5661675.635], [6433380.1808, 5661675.943299999], [6433379.8476, 5661676.7323], [6433377.383, 5661682.5681], [6433377.19, 5661683.025], [6433374.3932, 5661689.6449], [6433371.4985, 5661696.4967], [6433361.3191, 5661720.5909], [6433357.273, 5661730.168], [6433355.276, 5661734.897], [6433354.4418, 5661736.9608], [6433352.0605, 5661742.8518], [6433342.5218, 5661766.449100001], [6433336.4669, 5661781.428099999], [6433335.093, 5661784.827], [6433329.8135, 5661800.1095], [6433327.811, 5661805.9059999995], [6433321.2947, 5661824.766899999], [6433316.845, 5661837.646500001], [6433315.012, 5661842.952], [6433313.078, 5661848.548], [6433310.942, 5661855.117000001], [6433303.3104, 5661878.5833], [6433298.0182, 5661894.856000001], [6433295.503, 5661902.59], [6433288.237, 5661924.933], [6433284.447, 5661936.592], [6433283.9518, 5661938.114700001], [6433281.9147, 5661944.378799999], [6433278.569, 5661954.666999999], [6433267.2986, 5661989.8673], [6433266.39, 5661992.705], [6433264.6225, 5661998.4835], [6433259.769, 5662014.351], [6433257.733, 5662021.005999999], [6433255.539, 5662027.569], [6433250.2576, 5662043.3661], [6433247.7371, 5662050.905200001], [6433245.0563, 5662058.923699999], [6433242.428, 5662066.785], [6433239.123, 5662076.676000001], [6433238.7078, 5662078.095799999], [6433236.259, 5662086.4690000005], [6433236.107, 5662086.959000001], [6433234.4413, 5662092.3869], [6433232.28, 5662099.43], [6433231.743, 5662101.2467], [6433229.345, 5662109.358999999], [6433229.1449, 5662110.0359000005], [6433226.5227, 5662109.069499999], [6433224.866, 5662108.459000001], [6433222.5449, 5662118.0515], [6433222.371, 5662118.77], [6433221.7841, 5662121.1897], [6433220.313, 5662127.255000001], [6433218.745, 5662134.034], [6433217.9779, 5662138.5568], [6433216.4177, 5662147.754899999], [6433213.8042, 5662163.1631000005], [6433212.8758, 5662168.6362], [6433211.762, 5662175.203], [6433209.8211, 5662186.6449], [6433208.7874, 5662192.7391], [6433206.6912, 5662205.0934999995], [6433206.3316, 5662207.2162999995], [6433205.2039, 5662213.8632], [6433204.3326, 5662218.997099999], [6433202.5052, 5662229.7721], [6433201.6977, 5662234.5319], [6433198.9386, 5662250.806500001], [6433198.3345, 5662254.3663], [6433196.712, 5662263.934], [6433195.3563, 5662271.907], [6433194.8482, 5662274.8978], [6433194.1533, 5662278.9871], [6433191.856, 5662292.526000001], [6433191.4903, 5662294.6613], [6433191.221, 5662296.233999999], [6433191.208, 5662296.311000001], [6433190.9049, 5662298.110400001], [6433187.6527, 5662317.4155], [6433186.9073, 5662321.8401], [6433184.5259, 5662335.976], [6433184.098, 5662338.516000001], [6433183.4717, 5662342.233899999], [6433180.4253, 5662360.3177000005], [6433180.17, 5662361.833000001], [6433179.1805, 5662368.1031], [6433178.6959, 5662371.173699999], [6433178.293, 5662373.727], [6433177.715, 5662377.244000001], [6433177.2781, 5662379.8771], [6433177.221, 5662380.221000001], [6433176.9984, 5662381.5622000005], [6433176.8563, 5662382.4178], [6433176.717, 5662383.256999999], [6433176.213, 5662386.283], [6433175.747, 5662389.108999999], [6433175.4261, 5662391.0558], [6433175.253, 5662392.106000001], [6433174.973, 5662393.8313], [6433174.788, 5662394.971000001], [6433174.274, 5662397.998], [6433173.771, 5662401.054], [6433173.4779, 5662402.8628], [6433173.287, 5662404.040999999], [6433173.1187, 5662405.061899999], [6433172.793, 5662407.0370000005], [6433171.5305, 5662414.703], [6433171.2973, 5662416.1194], [6433169.4336, 5662427.4361000005], [6433169.0497, 5662429.7667], [6433167.2631, 5662440.615599999], [6433167.1569, 5662441.260600001], [6433167.0456, 5662441.935900001], [6433164.4417, 5662457.747400001], [6433164.0948, 5662459.852499999], [6433163.6386, 5662462.6229], [6433163.163, 5662465.509], [6433164.7924, 5662465.970000001], [6433173.299, 5662468.377], [6433172.1085, 5662475.4574], [6433171.796, 5662477.316], [6433170.5927, 5662482.8895], [6433170.573, 5662482.981000001], [6433170.4101, 5662483.5933], [6433168.7288, 5662489.911699999], [6433168.544, 5662490.606000001], [6433167.0211, 5662495.499600001], [6433166.204, 5662498.125], [6433165.4763, 5662499.9975000005], [6433163.9504, 5662503.923900001], [6433160.975, 5662511.58], [6433164.7315, 5662515.3365], [6433164.208, 5662515.859999999], [6433159.338, 5662520.444], [6433153.51, 5662524.646], [6433153.179, 5662524.885], [6433152.1332, 5662525.5940000005], [6433142.7837, 5662531.9328000005], [6433132.05, 5662539.210000001], [6433127.5206, 5662542.159], [6433125.2825, 5662543.6161], [6433114.8211, 5662550.427200001], [6433113.2362, 5662551.459100001], [6433104.6615, 5662557.0418], [6433104.546, 5662557.117000001], [6433102.1166, 5662558.7706], [6433090.0794, 5662566.9637], [6433087.2028, 5662568.921599999], [6433085.2203, 5662570.271], [6433080.0892, 5662573.763499999], [6433078.869, 5662574.5940000005], [6433072.7074, 5662578.8849], [6433068.3214, 5662581.939300001], [6433065.19, 5662584.119999999], [6433061.251, 5662586.806], [6433060.7033, 5662586.9998], [6433062.358, 5662589.289000001], [6433062.8583, 5662589.9825], [6433067.372, 5662596.239], [6433070.0919, 5662600.0023], [6433073.362, 5662604.527000001], [6433079.3757, 5662613.9802], [6433080.263, 5662615.375], [6433080.4091, 5662615.2798999995], [6433082.4063, 5662613.9802], [6433096.1036, 5662605.066500001], [6433103.86, 5662600.018999999], [6433107.506, 5662605.535], [6433112.303, 5662612.658], [6433110.4536, 5662613.900900001], [6433110.3355, 5662613.9802], [6433108.711, 5662615.072000001], [6433117.8361, 5662629.249299999], [6433119.8099, 5662632.3159], [6433120.106, 5662632.776000001], [6433123.842, 5662634.130999999], [6433125.981, 5662637.355], [6433106.6525, 5662651.022], [6433089.301, 5662663.290999999], [6433086.4618, 5662669.595799999], [6433084.08, 5662674.885], [6433073.457, 5662681.304], [6433075.88, 5662684.9059999995], [6433082.096, 5662695.282], [6433076.765, 5662698.536], [6433073.076, 5662701.161], [6433085.19, 5662719.5], [6433086.635, 5662721.68], [6433087.5019, 5662722.9991999995], [6433088.356, 5662724.299000001], [6433088.505, 5662724.524499999], [6433090.526, 5662727.583000001], [6433094.663, 5662733.903999999], [6433097.617, 5662738.339], [6433131.0846, 5662790.4769], [6433112.5935, 5662802.3464], [6433086.6245, 5662818.932499999], [6433069.4588, 5662829.4421], [6433051.532, 5662840.4177], [6433023.1275, 5662857.8082], [6433003.0632, 5662870.092499999], [6432976.2666, 5662885.6919], [6432966.6192, 5662890.6620000005], [6432950.7606, 5662898.8321], [6432939.3952, 5662904.6873], [6432928.4263, 5662910.338199999], [6432922.7436, 5662913.265799999], [6432917.3252, 5662916.0572], [6432911.5104, 5662919.0529], [6432905.4312, 5662922.184800001], [6432898.5592, 5662925.725099999], [6432890.6298, 5662929.8102], [6432880.1895, 5662935.1888], [6432874.772, 5662937.4297], [6432867.1213, 5662939.7369], [6432855.1483, 5662943.3477], [6432844.3927, 5662946.5912999995], [6432833.637, 5662949.834899999], [6432824.6749, 5662952.537699999], [6432812.8725, 5662956.096999999], [6432801.2876, 5662959.5907000005], [6432791.6257, 5662962.5045], [6432785.1982, 5662964.4429], [6432774.4425, 5662967.6865], [6432764.9571, 5662970.5471], [6432758.2865, 5662972.365], [6432749.2299, 5662974.420299999], [6432740.3997, 5662976.4242], [6432732.8375, 5662978.1403], [6432725.2752, 5662979.8564], [6432718.913, 5662981.3002], [6432709.2451, 5662983.494200001], [6432698.6942, 5662985.888599999], [6432691.2677, 5662987.573899999], [6432682.2338, 5662989.624], [6432672.6564, 5662991.7974], [6432658.1241, 5662995.0112], [6432645.6397, 5662997.7223000005], [6432635.1085, 5663000.009299999]]]}, "properties": {"OBJECTID": 20, "NROSIEDLA": 12, "NAZWAOSIEDLA": "Huby", "SHAPE.AREA": 2065795.01351858, "SHAPE.LEN": 6170.79674494779, "DATA": 1453334400000}}, {"type": "Feature", "id": 21, "geometry": {"type": "Polygon", "coordinates": [[[6422280.1875, 5666760.289999999], [6422212.3446, 5666780.1325], [6422149.3372, 5666798.6844999995], [6422108.4576, 5666812.338500001], [6422055.4179, 5666830.398700001], [6421995.862, 5666856.4471], [6421937.183, 5666882.1119], [6421877.1886, 5666908.352], [6421823.2121, 5666934.2916], [6421778.3881, 5666958.594699999], [6421767.2643, 5666965.891000001], [6421750.3608, 5666976.5296], [6421732.1279, 5666988.004899999], [6421710.511, 5667001.6099], [6421707.4346, 5667003.614399999], [6421694.8216, 5667011.832900001], [6421665.3772, 5667031.0184], [6421648.2548, 5667042.175000001], [6421622.8015, 5667058.76], [6421615.2151, 5667063.5877], [6421604.0693, 5667070.680500001], [6421581.3536, 5667085.1359], [6421576.5227, 5667088.210100001], [6421561.6826, 5667097.6537999995], [6421500.5637, 5667140.9133], [6421453.3355, 5667172.6633], [6421405.3135, 5667214.3353], [6421362.8478, 5667252.4354], [6421325.9384, 5667288.947899999], [6421252.5164, 5667369.910599999], [6421160.4412, 5667488.5765], [6421129.3579, 5667527.910700001], [6421107.3457, 5667557.6031], [6421083.6063, 5667544.639699999], [6421060.0831, 5667534.4583], [6421049.9826, 5667531.2257], [6421047.4427, 5667530.412799999], [6421028.5604, 5667524.3696], [6421003.7885, 5667512.3554], [6420985.7518, 5667497.7949], [6420981.1428, 5667494.3376], [6420969.5964, 5667485.6766], [6420966.9561, 5667482.349400001], [6420954.5935, 5667466.770400001], [6420935.955, 5667452.8344], [6420919.2836, 5667443.572899999], [6420909.9189, 5667438.3705], [6420904.4087, 5667435.698100001], [6420888.8643, 5667428.1592], [6420864.7611, 5667421.0592], [6420843.6242, 5667416.875499999], [6420841.3048, 5667416.4164], [6420832.6535, 5667412.3431], [6420819.633, 5667406.2126], [6420804.7193, 5667394.692600001], [6420790.3555, 5667378.243799999], [6420779.6722, 5667359.898800001], [6420769.9321, 5667345.2028], [6420734.3871, 5667301.691500001], [6420726.1321, 5667295.024], [6420707.2408, 5667285.6577], [6420697.0808, 5667278.037699999], [6420684.0632, 5667264.0677000005], [6420679.777, 5667251.843900001], [6420678.507, 5667236.127599999], [6420679.4595, 5667215.172599999], [6420684.0632, 5667192.4713], [6420691.5245, 5667169.611199999], [6420697.3983, 5667156.4350000005], [6420707.5583, 5667136.5912], [6420719.6233, 5667115.477399999], [6420727.7196, 5667091.9823], [6420732.7996, 5667063.566], [6420737.0858, 5667029.7522], [6420734.9517, 5666996.5482], [6420721.2108, 5666977.8938], [6420685.2274, 5666946.1437], [6420673.0565, 5666930.797800001], [6420663.7961, 5666913.3353], [6420658.5044, 5666890.316500001], [6420655.582, 5666872.832], [6420654.8427, 5666868.408600001], [6420654.2566, 5666865.8204], [6420647.5083, 5666836.0173], [6420642.64, 5666810.8289], [6420638.195, 5666791.778899999], [6420632.6522, 5666778.3334], [6420625.2833, 5666768.0722], [6420618.0866, 5666762.7805], [6420607.0758, 5666757.9615], [6420595.3515, 5666755.638], [6420582.4525, 5666758.2589], [6420566.4458, 5666758.452299999], [6420549.2948, 5666756.5363], [6420535.801, 5666754.154999999], [6420530.086, 5666751.615], [6420519.6085, 5666734.9463], [6420515.0047, 5666726.85], [6420512.6235, 5666721.135], [6420511.1947, 5666697.004899999], [6420510.5597, 5666666.048599999], [6420511.5122, 5666652.872300001], [6420511.9885, 5666634.6161], [6420510.8772, 5666622.2335], [6420506.7497, 5666611.755999999], [6420499.4472, 5666604.9297], [6420472.3009, 5666586.6735], [6420453.8859, 5666580.9584], [6420431.3433, 5666576.0372], [6420409.1183, 5666572.862199999], [6420378.4795, 5666567.623400001], [6420344.0306, 5666563.4958999995], [6420333.8706, 5666563.972200001], [6420324.3456, 5666566.5122], [6420314.5031, 5666573.6559], [6420288.1505, 5666603.659700001], [6420282.4355, 5666612.0735], [6420277.8318, 5666621.4398], [6420272.4342, 5666630.171], [6420264.4967, 5666637.632300001], [6420247.9867, 5666649.6973], [6420235.9217, 5666655.4123], [6420218.3004, 5666662.0799], [6420208.6166, 5666665.254899999], [6420198.2978, 5666667.0011], [6420174.644, 5666667.953600001], [6420117.8114, 5666668.747400001], [6420096.5389, 5666667.477399999], [6420070.0276, 5666664.3024], [6420047.3263, 5666658.746099999], [6420024.1487, 5666650.808599999], [6419996.5262, 5666635.4098000005], [6419990.0174, 5666631.5998], [6419974.3011, 5666617.471000001], [6419967.3161, 5666611.914799999], [6419935.5661, 5666597.4684999995], [6419908.1023, 5666584.927200001], [6419882.0672, 5666574.767200001], [6419866.3509, 5666568.5759], [6419830.3146, 5666549.8434], [6419817.2971, 5666543.175899999], [6419805.0733, 5666539.2071], [6419791.897, 5666537.302100001], [6419785.0708, 5666536.9846], [6419780.467, 5666537.302100001], [6419770.7137, 5666539.488500001], [6419762.0952, 5666543.0572], [6419740.9382, 5666554.9234], [6419724.3396, 5666569.378900001], [6419716.9876, 5666575.835000001], [6419712.6806, 5666580.005899999], [6419705.5369, 5666583.1809], [6419695.0461, 5666585.6239], [6419686.1561, 5666585.941400001], [6419678.5361, 5666584.9889], [6419669.9636, 5666580.5439], [6419661.2323, 5666574.511399999], [6419652.0248, 5666561.9701000005], [6419639.9598, 5666547.047599999], [6419632.816, 5666539.9037999995], [6419618.6872, 5666530.6963], [6419594.6259, 5666517.8868], [6419570.7446, 5666510.6938000005], [6419543.7571, 5666504.0263], [6419527.4058, 5666499.74], [6419505.657, 5666491.961300001], [6419497.5607, 5666489.262499999], [6419489.782, 5666485.135], [6419483.4319, 5666479.737500001], [6419478.9869, 5666472.7524999995], [6419475.6532, 5666466.720000001], [6419472.1607, 5666453.702400001], [6419472.0019, 5666441.478700001], [6419473.7482, 5666433.2236], [6419482.7969, 5666406.077299999], [6419496.4797, 5666371.080399999], [6419501.7435, 5666348.4608], [6419499.7832, 5666340.6722], [6419493.4332, 5666331.623400001], [6419490.2582, 5666322.892200001], [6419485.3369, 5666304.159600001], [6419485.8132, 5666294.158399999], [6419501.212, 5666277.1721], [6419529.4695, 5666253.8358], [6419542.6458, 5666240.659499999], [6419555.4386, 5666226.979699999], [6419562.1721, 5666217.1645], [6419564.6338, 5666203.4256], [6419561.2196, 5666188.1131], [6419551.5358, 5666172.3969], [6419540.1058, 5666165.411800001], [6419531.057, 5666159.855599999], [6419525.342, 5666151.4418], [6419520.5795, 5666140.0118], [6419518.992, 5666119.374299999], [6419515.817, 5666077.464199999], [6419516.2933, 5666062.065400001], [6419517.5633, 5666041.269099999], [6419515.6583, 5666016.662799999], [6419513.1182, 5665995.707800001], [6419511.0545, 5665982.5315000005], [6419505.022, 5665962.0527], [6419495.1795, 5665941.573899999], [6419485.1782, 5665926.0164], [6419478.1932, 5665918.237600001], [6419470.4144, 5665914.110099999], [6419456.9206, 5665912.9988], [6419446.1256, 5665914.2688], [6419438.9818, 5665931.7314], [6419426.2818, 5665987.770199999], [6419414.1223, 5666015.118000001], [6419399.453, 5666035.7128], [6419388.8167, 5666053.334100001], [6419379.9267, 5666078.099199999], [6419359.7654, 5666105.7217], [6419348.9704, 5666120.9618], [6419341.6679, 5666152.7118], [6419320.7129, 5666161.760600001], [6419304.2028, 5666158.903100001], [6419283.2478, 5666143.3456], [6419246.1002, 5666105.8805], [6419240.544, 5666097.466700001], [6419239.4327, 5666090.958000001], [6419240.8615, 5666079.0517], [6419250.3865, 5666064.6054], [6419262.4515, 5666052.3816], [6419271.6464, 5666045.5558], [6419271.3192, 5666045.1151], [6419271.1735, 5666044.9187], [6419270.6137, 5666044.1647], [6419269.4311, 5666042.5715], [6419268.9011, 5666041.8575], [6419267.1605, 5666039.512700001], [6419266.5872, 5666038.7404], [6419266.2064, 5666038.227399999], [6419265.2238, 5666036.9037], [6419264.4702, 5666035.888499999], [6419264.115, 5666035.41], [6419263.6428, 5666034.7775], [6419262.7555, 5666033.5888], [6419262.4344, 5666033.158600001], [6419262.268, 5666032.935699999], [6419262.0599, 5666032.657], [6419262.0431, 5666032.634500001], [6419261.777, 5666032.278000001], [6419261.3598, 5666031.893200001], [6419260.6042, 5666031.1965], [6419259.1036, 5666029.8127999995], [6419257.8118, 5666028.6216], [6419255.8152, 5666026.7804000005], [6419255.3915, 5666026.389699999], [6419253.6796, 5666024.811000001], [6419253.4053, 5666024.5581], [6419252.2346, 5666023.478599999], [6419251.815, 5666023.091700001], [6419251.361, 5666022.673], [6419250.4574, 5666022.3177000005], [6419248.7853, 5666021.6602], [6419247.031, 5666020.9704], [6419245.784, 5666020.48], [6419236.6593, 5666021.8806], [6419232.487, 5666022.521], [6419225.757, 5666020.902000001], [6419215.4336, 5666024.432399999], [6419214.9899, 5666024.584100001], [6419195.141, 5666031.3719999995], [6419192.8786, 5666032.364499999], [6419191.6025, 5666032.9243], [6419191.3212, 5666033.047700001], [6419191.2104, 5666033.0963], [6419189.49, 5666033.851], [6419188.4505, 5666034.1976], [6419187.2731, 5666034.5901999995], [6419180.7925, 5666036.7512], [6419179.997, 5666037.0165], [6419168.0379, 5666041.0043], [6419152.508, 5666046.1829], [6419149.7569, 5666047.100199999], [6419145.832, 5666048.409], [6419145.702, 5666048.505899999], [6419133.007, 5666057.973999999], [6419123.051, 5666062.574999999], [6419113.1132, 5666066.647399999], [6419089.9609, 5666076.135], [6419075.8482, 5666081.918299999], [6419072.457, 5666083.308], [6419051.4375, 5666087.8003], [6419034.272, 5666091.4690000005], [6419018.465, 5666094.800000001], [6419008.4691, 5666096.906400001], [6419002.15, 5666098.238], [6418971.7256, 5666109.0602], [6418956.1873, 5666114.587300001], [6418922.5057, 5666126.5681], [6418914.7006, 5666129.3444], [6418905.177, 5666132.732000001], [6418880.0138, 5666139.9746], [6418876.962, 5666140.853], [6418868.89, 5666144.021], [6418865.108, 5666145.567], [6418863.3713, 5666146.153000001], [6418860.805, 5666147.018999999], [6418842.411, 5666154.262], [6418832.1194, 5666155.1567], [6418819.027, 5666156.2949], [6418791.6793, 5666158.6723], [6418779.202, 5666159.756999999], [6418770.8728, 5666158.278000001], [6418738.2247, 5666152.480599999], [6418734.0493, 5666151.7392], [6418732.4091, 5666151.447899999], [6418732.218, 5666151.414000001], [6418730.5438, 5666147.9443], [6418729.9994, 5666146.816], [6418728.5873, 5666143.889599999], [6418726.1457, 5666138.829399999], [6418722.7618, 5666131.8166000005], [6418719.9538, 5666125.997099999], [6418719.437, 5666124.926000001], [6418713.4085, 5666113.7239], [6418712.9211, 5666112.8182], [6418710.8651, 5666108.9976], [6418710.3422, 5666108.026000001], [6418709.8285, 5666107.0714], [6418708.47, 5666104.547], [6418708.3083, 5666103.9397], [6418707.7601, 5666101.8803], [6418705.686, 5666094.088300001], [6418705.3129, 5666092.6866], [6418704.0837, 5666088.069], [6418703.484, 5666085.816], [6418699.4168, 5666070.5483], [6418698.428, 5666066.836100001], [6418694.6269, 5666052.567399999], [6418694.6234, 5666052.554199999], [6418693.8607, 5666049.6910999995], [6418693.2167, 5666047.273600001], [6418693.114, 5666046.888], [6418678.6371, 5666042.436799999], [6418675.6596, 5666041.521299999], [6418655.302, 5666035.262], [6418650.583, 5666033.811000001], [6418648.8838, 5666033.271400001], [6418642.21, 5666031.152000001], [6418635.658, 5666033.520400001], [6418626.447, 5666036.8499], [6418609.7517, 5666042.8848], [6418606.0741, 5666044.214199999], [6418604.6, 5666044.7469999995], [6418589.2891, 5666049.2575], [6418583.4257, 5666050.9848], [6418579.467, 5666052.151000001], [6418569.6748, 5666055.4054000005], [6418566.7324, 5666056.383199999], [6418564.6932, 5666057.061000001], [6418563.1586, 5666057.571], [6418560.98, 5666058.295], [6418549.9878, 5666061.9223], [6418547.422, 5666062.768999999], [6418544.4128, 5666063.762], [6418532.9821, 5666067.5341], [6418529.014, 5666068.843599999], [6418525.528, 5666069.994000001], [6418514.3366, 5666073.870999999], [6418510.9562, 5666075.042099999], [6418507.94, 5666076.086999999], [6418495.0433, 5666080.3245], [6418489.74, 5666082.067], [6418489.6836, 5666082.0866], [6418484.801, 5666083.7870000005], [6418479.3158, 5666085.519200001], [6418474.642, 5666086.9953000005], [6418471.66, 5666087.937000001], [6418458.8581, 5666092.2048], [6418453.6076, 5666093.9552], [6418442.749, 5666097.575099999], [6418438.163, 5666099.104], [6418438.0898, 5666099.123500001], [6418427.7602, 5666101.8685], [6418420.9448, 5666103.6796], [6418418.565, 5666104.312000001], [6418411.6342, 5666106.1173], [6418404.9507, 5666107.8583], [6418400.322, 5666109.063999999], [6418398.7097, 5666109.468800001], [6418390.7028, 5666111.4793], [6418385.925, 5666112.679], [6418382.078, 5666113.766000001], [6418380.8356, 5666114.0832], [6418377.6456, 5666114.897700001], [6418365.5159, 5666117.9947999995], [6418365.5079, 5666117.9969], [6418361.6303, 5666118.987], [6418358.5559, 5666119.772], [6418356.954, 5666120.181], [6418354.5022, 5666120.8049], [6418352.7827, 5666121.2425], [6418351.5678, 5666121.5517], [6418345.857, 5666123.005000001], [6418342.9825, 5666123.7027], [6418338.8158, 5666124.7140999995], [6418336.4808, 5666125.2809], [6418334.8121, 5666125.686000001], [6418330.9059, 5666126.6338], [6418327.38, 5666127.489], [6418322.733, 5666107.014], [6418325.295, 5666103.873], [6418336.231, 5666102.581], [6418350.6, 5666104.147], [6418347.095, 5666092.118000001], [6418313.99, 5666019.931], [6418308.711, 5666008.424000001], [6418293.052, 5665975.52], [6418284.328, 5665962.813999999], [6418280.94, 5665958.015000001], [6418283.747, 5665936.229], [6418343.059, 5665853.154999999], [6418405.287, 5665743.153999999], [6418452.812, 5665671.944], [6418455.946, 5665668.1850000005], [6418466.422, 5665655.3379999995], [6418470.296, 5665650.671], [6418500.498, 5665614.093], [6418520.362, 5665598.551999999], [6418523.414, 5665596.205], [6418569.179, 5665565.659], [6418583.088, 5665557.99], [6418633.383, 5665531.591], [6418670.529, 5665513.5600000005], [6418711.494, 5665491.364], [6418715.054, 5665489.630000001], [6418721.707, 5665487.369999999], [6418745.918, 5665480.676999999], [6418778.508, 5665459.691], [6418814.611, 5665431.552999999], [6418818.705, 5665428.523], [6418879.695, 5665383.423], [6418894.746, 5665332.868000001], [6418893.64, 5665280.218], [6418893.266, 5665269.932], [6418896.15, 5665233.834000001], [6418965.453, 5665215.376], [6418967.227, 5665213.195], [6418967.366, 5665206.492000001], [6418963.074, 5665186.5030000005], [6418960.687, 5665164.4], [6418955.348, 5665149.573999999], [6418942.192, 5665132.572000001], [6418907.431, 5665101.249], [6418894.163, 5665093.249], [6418881.281, 5665081.524], [6418873.768, 5665082.215], [6418846.676, 5665089.6620000005], [6418829.012, 5665106.047], [6418826.208, 5665126.4120000005], [6418842.559, 5665131.324999999], [6418860.361, 5665133.039999999], [6418891.79, 5665141.051000001], [6418899.997, 5665149.041999999], [6418903.608, 5665158.239], [6418905.041, 5665161.791999999], [6418907.255, 5665177.006999999], [6418902.896, 5665187.07], [6418895.846, 5665198.686000001], [6418884.642, 5665198.411], [6418862.745, 5665194.654999999], [6418851.831, 5665188.637], [6418836.753, 5665187.209000001], [6418797.566, 5665209.233999999], [6418787.494, 5665212.505999999], [6418752.772, 5665216.705], [6418741.274, 5665220.234999999], [6418731.084, 5665220.318], [6418704.276, 5665211.561000001], [6418697.058, 5665212.607999999], [6418666.519, 5665222.007999999], [6418656.112, 5665225.624], [6418654.594, 5665234.923], [6418639.518, 5665253.556], [6418640.904, 5665257.42], [6418630.495, 5665279.107000001], [6418611.705, 5665327.248], [6418571.529, 5665337.8440000005], [6418554.142, 5665337.313999999], [6418537.019, 5665329.779999999], [6418523.669, 5665312.460999999], [6418515.827, 5665297.464], [6418511.351, 5665283.707], [6418510.38, 5665268.748], [6418508.843, 5665261.486], [6418507.537, 5665234.5], [6418511.202, 5665219.983999999], [6418519.284, 5665188.605], [6418524.484, 5665168.720000001], [6418524.607, 5665151.517999999], [6418526.208, 5665113.515000001], [6418512.138, 5665095.424000001], [6418493.694, 5665073.675000001], [6418476.301, 5665061.875], [6418446.943, 5665040.738], [6418435.279, 5665017.267000001], [6418427.132, 5665011.8149999995], [6418407.274, 5664992.233999999], [6418398.382, 5664994.561000001], [6418392.97, 5664997.767000001], [6418375.054, 5665012.294], [6418359.03, 5665031.979], [6418321.408, 5665037.813999999], [6418297.487, 5665030.493000001], [6418278.345, 5665014.722999999], [6418257.372, 5664998.8149999995], [6418231.326, 5664989.448999999], [6418211.338, 5664980.619999999], [6418185.37, 5664956.942], [6418176.72, 5664943.675000001], [6418166.362, 5664915.759], [6418160.294, 5664891.970000001], [6418149.72, 5664878.457], [6418135.311, 5664862.029999999], [6418107.091, 5664845.699999999], [6418089.599, 5664819.909], [6418087.049, 5664799.248], [6418091.032, 5664791.16], [6418106.168, 5664751.794], [6418119.733, 5664738.079], [6418131.019, 5664765.775], [6418157.444, 5664780.117000001], [6418170.863, 5664784.135], [6418181.922, 5664784.761], [6418195.368, 5664781.848999999], [6418217.399, 5664770.221999999], [6418231.447, 5664750.869999999], [6418253.898, 5664726.8379999995], [6418269.844, 5664728.015000001], [6418295.788, 5664753.033], [6418297.74, 5664763.941], [6418282.638, 5664805.346000001], [6418295.711, 5664825.319], [6418311.369, 5664827.58], [6418333.163, 5664816.976], [6418340.507, 5664804.817], [6418343.137, 5664792.393999999], [6418330.205, 5664699.573999999], [6418357.825, 5664693.539999999], [6418373.937, 5664701.036], [6418400.437, 5664719.157], [6418404.698, 5664700.964], [6418461.75, 5664658.461999999], [6418488.214, 5664638.751], [6418553.735, 5664591.186000001], [6418572.73, 5664582.356000001], [6418641.371, 5664550.514], [6418692.731, 5664541.833000001], [6418718.195, 5664539.515000001], [6418735.659, 5664541.395], [6418782.305, 5664553.1620000005], [6418798.889, 5664558.322000001], [6418816.102, 5664563.444], [6418837.443, 5664570.857000001], [6418859.1, 5664583.696], [6418884.96, 5664594.214], [6418912.426, 5664609.453], [6418928.613, 5664619.808], [6418938.047, 5664613.483999999], [6418947.756, 5664610.056], [6418956.137, 5664613.375], [6418959.423, 5664620.476], [6418955.955, 5664634.709000001], [6418962.425, 5664636.369999999], [6418980.979, 5664639.796], [6418983.986, 5664640.359999999], [6419009.943, 5664639.986], [6419083.803, 5664620.353], [6419099.086, 5664616.3379999995], [6419238.306, 5664573.267000001], [6419454.195, 5664495.52], [6419460.402, 5664491.0649999995], [6419537.245, 5664458.566], [6419601.754, 5664433.957], [6419606.28, 5664431.982000001], [6419607.564, 5664435.607000001], [6419612.19, 5664441.851], [6419640.746, 5664467.8379999995], [6419649.321, 5664482.296], [6419661.417, 5664514.130999999], [6419665.445, 5664511.4629999995], [6419723.962, 5664519.127], [6419736.804, 5664523.332], [6419742.562, 5664526.482999999], [6419746.165, 5664531.640000001], [6419747.96, 5664552.749], [6419752.444, 5664570.376], [6419762.232, 5664589.169], [6419769.817, 5664598.708000001], [6419777.115, 5664605.109999999], [6419793.563, 5664615.551999999], [6419826.983, 5664625.239], [6419837.938, 5664625.557], [6419850.22, 5664624.007999999], [6419876.466, 5664614.431], [6419891.414, 5664620.841], [6419903.594, 5664625.755000001], [6419908.928, 5664627.681], [6419940.491, 5664638.641000001], [6419958.089, 5664648.279999999], [6419956.695, 5664673.698000001], [6419956.492, 5664696.603], [6419957.851, 5664708.147], [6419967.088, 5664736.028000001], [6419973.344, 5664752.254000001], [6420052.259, 5664741.571], [6420015.023, 5664676.574999999], [6419976.918, 5664610.07], [6419944.908, 5664553.942], [6419926.855, 5664522.347999999], [6419897.727, 5664471.398], [6419849.864, 5664387.952], [6419840.897, 5664372.499], [6419793.752, 5664289.3719999995], [6419742.942, 5664201.048], [6419745.25, 5664195.91], [6419799.435, 5664073.734999999], [6419884.404, 5663881.611], [6419924.915, 5663790.299000001], [6419965.437, 5663698.827], [6420005.883, 5663607.392000001], [6420046.319, 5663515.77], [6420086.749, 5663424.438999999], [6420176.267, 5663376.5030000005], [6420264.433, 5663329.282], [6420352.648, 5663282.022], [6420440.874, 5663234.772], [6420529.129, 5663187.523], [6420566.112, 5663167.705], [6420597.45, 5663150.92], [6420617.205, 5663140.335999999], [6420632.71, 5663132.029999999], [6420705.421, 5663093.057], [6420711.243, 5663089.947000001], [6420793.449, 5663045.971000001], [6420881.634, 5662998.722999999], [6420969.808, 5662951.42], [6421057.974, 5662904.297], [6421146.096, 5662856.903999999], [6421234.09, 5662809.616], [6421308.651, 5662769.551999999], [6421322.343, 5662762.196], [6421481.88, 5662734.327], [6421580.29, 5662717.177999999], [6421678.793, 5662700], [6421730.329, 5662690.9690000005], [6421734.182, 5662690.382999999], [6421777.344, 5662682.703], [6421875.966, 5662665.546], [6421883.044, 5662664.449999999], [6421886.386, 5662663.800000001], [6421974.593, 5662648.316], [6422058.259, 5662633.668], [6422063.71, 5662652.763], [6422076.089, 5662679.145], [6422088.211, 5662708.239], [6422111.273, 5662749.732000001], [6422133.466, 5662804.546], [6422137.484, 5662860.687999999], [6422131.129, 5662946.426999999], [6422130.871, 5662949.949999999], [6422128.653, 5662980.777000001], [6422135.902, 5663027.861], [6422138.376, 5663043.1219999995], [6422093.097, 5663088.959000001], [6422083.209, 5663112.339], [6422080.575, 5663121.192], [6422081.079, 5663127.286], [6422084.692, 5663133.322000001], [6422092.148, 5663136.282], [6422104.544, 5663141.663000001], [6422146.915, 5663144.801000001], [6422165.668, 5663147.465], [6422175.734, 5663150.403999999], [6422187.26, 5663160.765000001], [6422192.261, 5663169.105], [6422201.205, 5663197.4969999995], [6422209.032, 5663216.304], [6422233.348, 5663250.611], [6422312.145, 5663241.659], [6422364.271, 5663235.229], [6422436.031, 5663231.562000001], [6422499.451, 5663224.596000001], [6422561.487, 5663218.946], [6422585.558, 5663216.455], [6422618.722, 5663213.254000001], [6422623.905, 5663211.891000001], [6422671.879, 5663201.210999999], [6422717.654, 5663190.558], [6422738.495, 5663185.606000001], [6422774.197, 5663177.274], [6422786.109, 5663169.93], [6422802.463, 5663166.032], [6422859.291, 5663151.544], [6422895.05, 5663139.612], [6422956.422, 5663120.4690000005], [6423005.26, 5663098.478], [6423062.583, 5663066.983999999], [6423113.898, 5663034.762], [6423142.83, 5663020.711999999], [6423177.606, 5663010.290999999], [6423208.911, 5663002.211999999], [6423222.468, 5663006.847999999], [6423241.472, 5663015.418], [6423272.449, 5663021.544], [6423287.886, 5663024.557], [6423324.177, 5663023.618000001], [6423374.653, 5663021.308], [6423424.18, 5663023.309], [6423473.945, 5663020.107000001], [6423520.406, 5663016.545], [6423564.075, 5663013.716], [6423579.863, 5663012.625], [6423597.317, 5663011.184], [6423622.523, 5663009.108999999], [6423639.757, 5663008.511], [6423675.305, 5663007.271], [6423698.578, 5663004.889], [6423714.755, 5663002.892999999], [6423725.055, 5663002.767999999], [6423775.573, 5663003.957], [6423818.505, 5663006.3379999995], [6423869.902, 5663005.716], [6423876.801, 5663005.632999999], [6423901.501, 5663005.434], [6423919.949, 5663009.311000001], [6423967.725, 5663015.232999999], [6424017.899, 5663021.027000001], [6424068.769, 5663026.512], [6424118.759, 5663033.607000001], [6424171.801, 5663036.665999999], [6424220.989, 5663043.671], [6424271.772, 5663050.157], [6424298.001, 5663052.34], [6424324.002, 5663052.225], [6424329.139, 5663055.263], [6424370.094, 5663059.568], [6424382.859, 5663059.854], [6424422.113, 5663060.739], [6424470.277, 5663065.755999999], [6424502.207, 5663067.970000001], [6424503.35, 5663068.245999999], [6424518.757, 5663071.970000001], [6424531.279, 5663073.7190000005], [6424554.317, 5663076.741], [6424557.221, 5663077.005000001], [6424557.093, 5663073.926999999], [6424556.972, 5663053.977], [6424553.434, 5662464.688999999], [6424553.4368, 5662464.694700001], [6424560.8337, 5662469.8204], [6424569.3559, 5662475.7259], [6424572.7977, 5662478.1108], [6424581.2118, 5662483.941400001], [6424593.5679, 5662492.5035999995], [6424627.099, 5662515.739], [6424627.7203, 5662516.165899999], [6424653.5943, 5662533.944399999], [6424679.139, 5662551.4967], [6424700.7025, 5662566.3134], [6424703.7326, 5662568.395500001], [6424711.8016, 5662573.9398], [6424713.6067, 5662575.180199999], [6424714.3952, 5662575.721899999], [6424717.2891, 5662577.7103], [6424717.7791, 5662578.048], [6424717.7774, 5662578.2511], [6424717.7285, 5662584.671399999], [6424717.7008, 5662588.2062], [6424717.6855, 5662590.1469], [6424717.6449, 5662595.3725000005], [6424717.5679, 5662605.1711], [6424717.5269, 5662610.387599999], [6424717.3609, 5662631.5054], [6424717.3507, 5662632.8111000005], [6424717.1982, 5662652.208799999], [6424717.1427, 5662659.2695], [6424717.0231, 5662674.4888], [6424716.9734, 5662680.7008], [6424716.9636, 5662681.9443], [6424716.953, 5662683.2870000005], [6424716.8459, 5662690.393200001], [6424716.5577, 5662709.249399999], [6424716.4019, 5662719.4559], [6424716.3033, 5662725.918099999], [6424716.0157, 5662744.7598], [6424715.861, 5662754.8901], [6424715.6679, 5662767.5436], [6424715.5077, 5662778.0407], [6424715.5033, 5662779.1789], [6424715.4279, 5662798.7228999995], [6424715.4077, 5662803.9439], [6424715.3351, 5662822.772600001], [6424715.2984, 5662832.2809], [6424715.271, 5662839.4682], [6424715.1647, 5662845.8325], [6424714.9577, 5662858.3159], [6424714.69, 5662874.337400001], [6424714.668, 5662875.658], [6424714.67, 5662878.3978], [6424714.6903, 5662905.8599], [6424714.6939, 5662910.862299999], [6424714.7097, 5662932.2892], [6424714.7159, 5662940.7073], [6424714.7295, 5662959.1993], [6424714.7306, 5662960.6547], [6424714.7346, 5662966.014799999], [6424714.7356, 5662967.3774], [6424714.7467, 5662982.4838], [6424714.7526, 5662990.422599999], [6424714.7559, 5662995.0273], [6424714.7624, 5663003.794500001], [6424714.7681, 5663011.5232], [6424714.776, 5663022.3038], [6424714.777, 5663023.607000001], [6424714.6047, 5663028.7873], [6424714.2556, 5663039.2831999995], [6424714.0075, 5663046.778999999], [6424713.5547, 5663060.3714000005], [6424713.2563, 5663069.334799999], [6424712.8222, 5663082.3759], [6424712.5804, 5663089.6416], [6424712.46, 5663093.2588], [6424712.3808, 5663102.357799999], [6424712.3252, 5663108.7578], [6424712.313, 5663110.1216], [6424711.3586, 5663125.788699999], [6424711.2918, 5663126.8817], [6424710.9937, 5663131.7765999995], [6424709.9158, 5663149.464], [6424709.6312, 5663154.1339], [6424708.5343, 5663172.134099999], [6424708.2124, 5663177.417300001], [6424707.2274, 5663193.580800001], [6424706.8741, 5663199.377699999], [6424705.8423, 5663216.3094], [6424705.4794, 5663222.2642], [6424704.5621, 5663237.3166000005], [6424704.1653, 5663243.8278], [6424703.1749, 5663260.081499999], [6424702.8513, 5663265.3914], [6424701.8448, 5663281.9076000005], [6424701.5134, 5663287.3519], [6424700.6812, 5663301.003799999], [6424700.276, 5663307.6587000005], [6424699.479, 5663320.7129999995], [6424699.3921, 5663322.190300001], [6424699.0338, 5663328.2962], [6424698.0539, 5663344.928099999], [6424697.8258, 5663348.8015], [6424696.9235, 5663364.1217], [6424696.435, 5663372.4156], [6424695.5951, 5663386.677300001], [6424695.2781, 5663392.060900001], [6424694.4575, 5663405.9912], [6424694.1354, 5663411.464], [6424693.9742, 5663414.3521], [6424693.3522, 5663425.5030000005], [6424692.8635, 5663434.2621], [6424692.1557, 5663446.9496], [6424691.8008, 5663453.312100001], [6424691.1049, 5663465.786800001], [6424690.6901, 5663473.221999999], [6424690.2771, 5663480.625600001], [6424689.9529, 5663486.436799999], [6424689.5573, 5663493.5287999995], [6424688.8291, 5663506.581599999], [6424687.514, 5663530.1919], [6424687.063, 5663537.538000001], [6424685.4216, 5663564.3518], [6424685.0954, 5663569.6841], [6424684.9254, 5663572.4629999995], [6424684.5854, 5663578.019300001], [6424683.6238, 5663593.7338], [6424683.2578, 5663599.7151999995], [6424683.07, 5663602.7842999995], [6424682.6591, 5663609.499], [6424682.3155, 5663615.1139], [6424681.4684, 5663628.957800001], [6424681.2664, 5663632.259], [6424680.6962, 5663641.5766], [6424680.0879, 5663651.517899999], [6424680.023, 5663652.579], [6424679.3264, 5663663.963199999], [6424677.595, 5663692.247300001], [6424677.4777, 5663694.1666], [6424677.3349, 5663696.506999999], [6424677.1694, 5663699.205800001], [6424675.9643, 5663718.873199999], [6424675.8231, 5663721.179400001], [6424674.5807, 5663741.476500001], [6424674.3371, 5663745.455], [6424674.322, 5663745.702], [6424673.1154, 5663766.056399999], [6424672.8897, 5663769.8629], [6424671.905, 5663786.474199999], [6424671.5369, 5663792.6832], [6424670.6268, 5663808.036], [6424670.1449, 5663816.164999999], [6424669.2764, 5663830.8189], [6424668.8993, 5663837.1995], [6424667.8715, 5663854.534600001], [6424667.6325, 5663858.5646], [6424666.6686, 5663874.824899999], [6424666.2681, 5663881.5834], [6424665.4265, 5663895.7784], [6424665.1582, 5663900.3027], [6424664.2032, 5663916.410599999], [6424663.8954, 5663921.6017], [6424662.9972, 5663936.7508000005], [6424662.6325, 5663942.900699999], [6424662.1747, 5663950.623], [6424661.6586, 5663957.4925], [6424661.1745, 5663963.9351], [6424659.9889, 5663979.716], [6424659.935, 5663980.4343], [6424659.8506, 5663981.556399999], [6424659.6389, 5663984.3741999995], [6424659.3729, 5663987.918500001], [6424659.249, 5663989.5602], [6424659.128, 5663991.168099999], [6424658.9014, 5663994.178099999], [6424658.0538, 5664005.4352], [6424657.6309, 5664011.0473], [6424656.6654, 5664023.850199999], [6424656.3198, 5664028.439099999], [6424656.301, 5664028.687999999], [6424655.4292, 5664042.953199999], [6424655.3303, 5664044.571699999], [6424655.1413, 5664047.6642], [6424654.155, 5664063.8024], [6424654.0738, 5664065.1314], [6424652.9501, 5664083.5404], [6424652.7995, 5664085.9977], [6424651.7171, 5664103.7016], [6424651.5619, 5664106.2377], [6424650.4711, 5664124.0746], [6424650.2961, 5664126.934900001], [6424649.1863, 5664145.082599999], [6424649.0919, 5664146.6305], [6424648.398, 5664157.955], [6424647.9861, 5664164.7147], [6424647.8313, 5664167.239399999], [6424646.6527, 5664186.5164], [6424646.5385, 5664188.385299999], [6424645.3392, 5664208.000600001], [6424645.237, 5664209.6721], [6424644.113, 5664228.0561], [6424644.0372, 5664229.295600001], [6424642.8189, 5664249.2228], [6424642.7033, 5664251.1128], [6424641.4823, 5664271.077400001], [6424641.3642, 5664273.0097], [6424640.1507, 5664292.826199999], [6424640.0383, 5664294.6655], [6424638.8721, 5664313.7283], [6424638.7877, 5664315.1087], [6424637.6485, 5664333.730900001], [6424637.4857, 5664336.393300001], [6424636.2608, 5664356.4322], [6424636.1593, 5664358.0878], [6424635.799, 5664363.976], [6424635.1819, 5664374.053400001], [6424635.0194, 5664376.7096], [6424634.729, 5664381.451199999], [6424634.412, 5664386.625], [6424633.9413, 5664394.307499999], [6424619.5135, 5664391.421], [6424613.085, 5664390.213099999], [6424597.8488, 5664387.388699999], [6424506.4257, 5664369.4758], [6424504.108, 5664369.021600001], [6424468.0153, 5664361.185699999], [6424427.2165, 5664353.5656], [6424381.1789, 5664346.1044], [6424329.9026, 5664338.9606], [6424274.0225, 5664331.1818], [6424220.0474, 5664323.8793], [6424175.9478, 5664317.674799999], [6424148.0342, 5664313.7722], [6424113.6468, 5664309.1976], [6424111.532, 5664314.816], [6424111.4671, 5664314.988500001], [6424111.0856, 5664316.002], [6424111.0624, 5664316.0635], [6424110.578, 5664317.350500001], [6424110.3743, 5664317.891799999], [6424109.9003, 5664319.1511], [6424109.8669, 5664319.2399], [6424109.7236, 5664319.6206], [6424108.2075, 5664323.648499999], [6424107.191, 5664326.348999999], [6424103.6047, 5664332.975099999], [6424101.029, 5664337.7338], [6424098.6283, 5664342.169399999], [6424089.7001, 5664358.664999999], [6424087.4225, 5664362.8730999995], [6424083.479, 5664370.159], [6424080.361, 5664376.067], [6424076.7426, 5664382.911800001], [6424075.0623, 5664386.090299999], [6424064.8738, 5664405.363500001], [6424062.3742, 5664410.0919], [6424062.0196, 5664410.762700001], [6424060.7078, 5664413.244100001], [6424058.5906, 5664417.2491], [6424057.4301, 5664419.444399999], [6424054.877, 5664424.2742], [6424054.7614, 5664424.492699999], [6424054.2839, 5664425.396], [6424053.5853, 5664426.717499999], [6424053.2643, 5664427.3248], [6424052.8656, 5664428.0789], [6424048.2794, 5664436.7544], [6424040.8719, 5664450.766899999], [6424039.222, 5664453.888], [6424035.7764, 5664460.3563], [6424031.6235, 5664468.1526999995], [6424030.1732, 5664470.8752999995], [6424025.8024, 5664479.080499999], [6424025.3201, 5664479.9859], [6424019.3913, 5664491.116], [6424014.0845, 5664501.078400001], [6424011.326, 5664506.256999999], [6424008.8211, 5664510.882999999], [6424007.2036, 5664513.870200001], [6424003.0012, 5664521.630999999], [6424002.1947, 5664523.1205], [6423992.7694, 5664540.527000001], [6423991.655, 5664542.585000001], [6423990.0916, 5664545.309599999], [6423984.1884, 5664555.5977], [6423976.6916, 5664568.6633], [6423975.6428, 5664570.4911], [6423975.2299, 5664571.2108], [6423974.0169, 5664573.3248], [6423971.363, 5664577.949999999], [6423970.481, 5664579.43], [6423968.1918, 5664583.257300001], [6423965.5014, 5664587.7552000005], [6423964.2487, 5664589.8498], [6423963.4887, 5664591.1203000005], [6423962.6016, 5664592.6032], [6423960.8374, 5664595.5527], [6423959.8309, 5664597.235200001], [6423958.238, 5664599.898], [6423956.5782, 5664602.674000001], [6423954.9793, 5664605.3477], [6423953.1444, 5664608.4167], [6423952.6182, 5664609.296399999], [6423952.3095, 5664609.8126], [6423939.282, 5664631.596999999], [6423939.0575, 5664632.103800001], [6423937.968, 5664634.562999999], [6423936.5858, 5664637.205600001], [6423929.4286, 5664650.8892], [6423925.2769, 5664658.8268], [6423913.797, 5664680.775], [6423895.9747, 5664714.245999999], [6423895.3161, 5664715.482799999], [6423891.6719, 5664722.3269], [6423889.305, 5664726.7719], [6423885.099, 5664734.671], [6423877.349, 5664750.3440000005], [6423869.1156, 5664764.0866], [6423861.4009, 5664776.963400001], [6423855.304, 5664787.140000001], [6423843.322, 5664805.164999999], [6423843.2595, 5664805.2575], [6423831.2712, 5664823.001], [6423827.593, 5664828.445], [6423815.3014, 5664847.3178], [6423808.9954, 5664857.0001], [6423802.097, 5664867.592], [6423789.2685, 5664888.647399999], [6423781.2264, 5664901.846999999], [6423776.613, 5664909.419], [6423763.359, 5664930.559], [6423752.0908, 5664944.3127], [6423732.041, 5664968.785], [6423728.4829, 5664973.2455], [6423719.2708, 5664984.7941], [6423707.749, 5664999.238], [6423704.3316, 5665003.739600001], [6423697, 5665013.397], [6423692.0093, 5665019.9837], [6423679.9932, 5665035.842700001], [6423667.7523, 5665051.998400001], [6423647.3206, 5665078.964299999], [6423639.131, 5665089.773], [6423637.9962, 5665091.289100001], [6423613.3556, 5665124.208699999], [6423609.3596, 5665129.5473], [6423607.3737, 5665132.200300001], [6423602.5464, 5665138.649599999], [6423601.4321, 5665140.1382], [6423598.9507, 5665143.453299999], [6423598.437, 5665144.139699999], [6423598.0362, 5665144.675100001], [6423597.8216, 5665144.9617], [6423597.994, 5665145.142999999], [6423598.4313, 5665145.603599999], [6423599.177, 5665146.389], [6423596.3313, 5665149.4737], [6423594.6495, 5665151.296700001], [6423594.5007, 5665151.458000001], [6423590.8394, 5665155.4268], [6423590.4006, 5665155.9024], [6423588.138, 5665158.355], [6423587.7521, 5665158.7733], [6423584.5659, 5665162.226600001], [6423584.0757, 5665162.7579], [6423582.8327, 5665164.1052], [6423582.2533, 5665164.733100001], [6423578.5362, 5665168.7618], [6423578.2684, 5665169.052100001], [6423575.7823, 5665171.7466], [6423572.7018, 5665175.0854], [6423571.2167, 5665176.695], [6423567.7951, 5665180.4035], [6423565.3909, 5665183.009299999], [6423561.99, 5665186.6953], [6423561.0087, 5665187.759], [6423557.9816, 5665191.039799999], [6423555.017, 5665194.2530000005], [6423553.499, 5665192.993000001], [6423551.9561, 5665194.6522], [6423546.9116, 5665200.0769], [6423544.6364, 5665202.523600001], [6423542.1075, 5665205.2432], [6423537.2553, 5665210.461100001], [6423534.0076, 5665213.953600001], [6423524.3403, 5665224.3496], [6423514.262, 5665235.1876], [6423506.8245, 5665243.185699999], [6423502.6507, 5665247.6742], [6423498.6812, 5665251.9429], [6423496.6261, 5665254.152899999], [6423490.9904, 5665260.2136], [6423490.1637, 5665261.102499999], [6423489.837, 5665261.4538], [6423487.562, 5665263.9], [6423481.43, 5665270.494000001], [6423473.4077, 5665279.1206], [6423452.858, 5665301.2184999995], [6423452.1492, 5665301.980699999], [6423428.3928, 5665327.526900001], [6423421.7378, 5665334.6833], [6423404.2811, 5665353.4551], [6423398.2649, 5665359.9246], [6423386.9517, 5665372.09], [6423376.5635, 5665383.2608], [6423362.167, 5665398.741900001], [6423354.7883, 5665406.6765], [6423339.4276, 5665423.194399999], [6423331.6845, 5665431.5209], [6423323.9097, 5665439.8814], [6423316.465, 5665447.887], [6423309.9835, 5665454.8572], [6423308.7361, 5665456.1987], [6423297.7313, 5665468.033500001], [6423283.5274, 5665483.308499999], [6423274.8505, 5665492.639799999], [6423259.975, 5665508.6371], [6423252.7816, 5665516.373], [6423240.6246, 5665529.446799999], [6423229.5318, 5665541.3762], [6423220.3182, 5665551.284600001], [6423214.6962, 5665557.330600001], [6423205.5617, 5665567.153899999], [6423195.3595, 5665578.125499999], [6423189.9702, 5665583.9212], [6423175.1648, 5665599.8432], [6423164.2847, 5665611.5438], [6423146.9824, 5665630.150900001], [6423144.4301, 5665632.8957], [6423124.7884, 5665654.0187], [6423119.4088, 5665659.8039], [6423105.8332, 5665674.4033], [6423098.587, 5665682.196], [6423097.7805, 5665683.0635], [6423086.7828, 5665694.8928], [6423084.3522, 5665697.507099999], [6423080.5981, 5665701.5451], [6423079.4374, 5665702.794], [6423079.4141, 5665702.9946], [6423079.3508, 5665703.5396], [6423079.3361, 5665703.665999999], [6423078.8614, 5665704.313100001], [6423078.3409, 5665705.0228], [6423078.109, 5665705.339], [6423075.9947, 5665707.1095], [6423075.3572, 5665707.643300001], [6423073.3489, 5665709.324999999], [6423070.7927, 5665711.465500001], [6423069.1819, 5665712.814300001], [6423066.5966, 5665714.9792], [6423060.5411, 5665720.049900001], [6423057.9183, 5665722.246099999], [6423055.5415, 5665724.236400001], [6423054.22, 5665725.343], [6423051.5048, 5665727.7082], [6423048.7988, 5665730.0655000005], [6423045.6822, 5665732.7804000005], [6423043.009, 5665735.108999999], [6423041.4723, 5665736.4475], [6423039.2913, 5665738.347200001], [6423037.403, 5665739.992000001], [6423036.7936, 5665740.5229], [6423035.2701, 5665741.850199999], [6423032.1478, 5665744.5702], [6423031.798, 5665744.875], [6423027.6942, 5665747.924799999], [6423026.9501, 5665748.4779], [6423025.8904, 5665749.2656], [6423024.5016, 5665750.297900001], [6423022.1305, 5665752.0604], [6423021.055, 5665752.8598], [6423020.9811, 5665752.9147], [6423016.6946, 5665756.1009], [6423016.303, 5665756.392000001], [6423010.946, 5665759.6876], [6423009.1205, 5665760.810699999], [6422996.7348, 5665768.430500001], [6422995.6902, 5665769.073100001], [6422993.2454, 5665770.577199999], [6422991.9595, 5665771.3683], [6422990.9277, 5665772.0031], [6422987.6324, 5665774.0304000005], [6422987.5559, 5665774.077400001], [6422987.2658, 5665774.255799999], [6422986.4827, 5665774.7377], [6422985.8298, 5665775.1394], [6422985.4825, 5665775.3529], [6422984.408, 5665776.014], [6422984.1552, 5665776.1471], [6422983.5766, 5665776.4517], [6422983.0941, 5665776.705800001], [6422982.9254, 5665776.794500001], [6422981.6994, 5665777.4399], [6422979.4558, 5665778.621099999], [6422970.8064, 5665783.1744], [6422964.7301, 5665786.373199999], [6422954.6334, 5665791.6885], [6422949.9567, 5665794.1504999995], [6422948.231, 5665795.059], [6422940.5143, 5665798.738299999], [6422938.1553, 5665799.8631], [6422936.6347, 5665800.588099999], [6422934.5675, 5665801.5737], [6422933.8373, 5665801.9219], [6422932.6966, 5665802.4657000005], [6422930.619, 5665803.4563], [6422930.433, 5665803.545], [6422928.7462, 5665804.2469999995], [6422923.2013, 5665806.5548], [6422920.9976, 5665807.471999999], [6422920.5657, 5665807.651699999], [6422918.936, 5665808.33], [6422902.815, 5665814.176999999], [6422893.427, 5665817.3727], [6422892.8994, 5665817.550899999], [6422698.306, 5665883.210999999], [6422610.56, 5665912.5370000005], [6422470.4831, 5665953.9615], [6422541.1085, 5666194.3825], [6422577.7718, 5666271.1163], [6422624.3949, 5666370.516100001], [6422742.7483, 5666622.8443], [6422742.3222, 5666622.973099999], [6422741.3123, 5666623.2783], [6422703.6923, 5666634.6461], [6422638.7509, 5666654.2697], [6422572.0532, 5666674.424000001], [6422513.2626, 5666692.188999999], [6422441.7409, 5666713.2842], [6422366.5148, 5666735.041300001], [6422280.1875, 5666760.289999999]]]}, "properties": {"OBJECTID": 21, "NROSIEDLA": 33, "NAZWAOSIEDLA": "Jerzmanowo - Jarnołtów - Strachowice - Osiniec", "SHAPE.AREA": 17226278.1411301, "SHAPE.LEN": 25231.7814094413, "DATA": 1453334400000}}, {"type": "Feature", "id": 22, "geometry": {"type": "Polygon", "coordinates": [[[6426725.0862, 5666330.5254], [6426715.0404, 5666342.841600001], [6426699.9812, 5666361.304300001], [6426668.6955, 5666399.660700001], [6426657.342, 5666413.5802], [6426645.2465, 5666428.409399999], [6426630.0996, 5666446.979599999], [6426616.3834, 5666463.795700001], [6426602.9905, 5666480.215600001], [6426586.7662, 5666500.106699999], [6426571.2427, 5666519.138599999], [6426555.0727, 5666538.963099999], [6426539.0096, 5666558.9626], [6426529.3015, 5666571.464500001], [6426518.3875, 5666585.519300001], [6426508.2419, 5666598.5846], [6426499.1847, 5666610.248400001], [6426481.3557, 5666633.2081], [6426470.6605, 5666646.9812], [6426455.3553, 5666666.6909], [6426439.7247, 5666686.819700001], [6426418.6048, 5666714.0175], [6426408.3471, 5666727.2272], [6426396.2273, 5666742.834799999], [6426384.9265, 5666757.387800001], [6426368.6849, 5666778.303400001], [6426356.8399, 5666793.5572], [6426346.913, 5666806.3408], [6426334.6251, 5666822.164899999], [6426321.4622, 5666839.115900001], [6426306.8133, 5666857.9805], [6426296.1181, 5666871.7535], [6426286.5727, 5666884.0459], [6426275.7654, 5666897.963300001], [6426265.0702, 5666911.736400001], [6426252.3709, 5666928.3269], [6426246.2255, 5666936.6204], [6426231.8498, 5666956.0211], [6426220.4494, 5666971.4065000005], [6426210.6341, 5666984.652899999], [6426199.0381, 5667000.302200001], [6426189.9873, 5667010.9816], [6426182.714, 5667019.4286], [6426177.7915, 5667025.145300001], [6426168.6325, 5667035.782199999], [6426163.8353, 5667041.353499999], [6426162.4492, 5667038.426200001], [6426156.6428, 5667026.1634], [6426155.8551, 5667024.4998], [6426152.9799, 5667016.1997], [6426146.6227, 5666997.8484000005], [6426145.8332, 5666995.5692], [6426133.1332, 5666955.617000001], [6426130.1349, 5666947.080600001], [6426128.1922, 5666941.5495], [6426126.095, 5666935.5787], [6426114.9406, 5666901.883400001], [6426099.7956, 5666856.1335], [6426091.0644, 5666835.2314], [6426087.4196, 5666828.043], [6426081.5393, 5666816.445900001], [6426069.8976, 5666798.1896], [6426053.3342, 5666780.9723000005], [6426049.7893, 5666777.2875], [6426033.6497, 5666763.264599999], [6425988.6704, 5666734.1603999995], [6425982.141, 5666730.014699999], [6425972.0016, 5666723.577], [6425956.9203, 5666711.1416], [6425945.5432, 5666699.235300001], [6425929.4036, 5666677.010199999], [6425928.7032, 5666676.058700001], [6425901.3577, 5666638.9102], [6425892.4993, 5666626.827], [6425860.3463, 5666582.9692], [6425841.0326, 5666556.624600001], [6425806.145, 5666508.9549], [6425789.6033, 5666486.352700001], [6425779.6491, 5666472.751499999], [6425776.3542, 5666468.0691], [6425774.6221, 5666465.6077], [6425768.5366, 5666455.0243999995], [6425765.3616, 5666446.557700001], [6425763.245, 5666436.5035], [6425763.5095, 5666421.4222], [6425766.9491, 5666406.3409], [6425778.3071, 5666378.3828], [6425784.5785, 5666362.945699999], [6425791.0263, 5666347.074200001], [6425830.7138, 5666247.590600001], [6425834.1183, 5666239.079399999], [6425847.118, 5666206.5801], [6425847.8573, 5666204.556700001], [6425852.1451, 5666192.821799999], [6425854.791, 5666179.592599999], [6425854.791, 5666162.923800001], [6425853.468, 5666147.5779], [6425848.4894, 5666114.0635], [6425842.6201, 5666074.5528], [6425842.2523, 5666071.8861], [6425837.3284, 5666036.188100001], [6425834.418, 5666016.3443], [6425831.7722, 5665997.8235], [6425831.6859, 5665997.381999999], [6425827.2742, 5665974.8047], [6425820.9242, 5665954.6963], [6425814.3096, 5665939.615], [6425809.6924, 5665931.585100001], [6425802.3414, 5665918.8006], [6425802.1388, 5665918.4483], [6425783.3533, 5665893.0483], [6425769.595, 5665874.262800001], [6425759.5408, 5665859.4461], [6425758.7966, 5665858.150699999], [6425752.397, 5665847.0107], [6425743.6657, 5665830.6065], [6425736.4149, 5665804.828500001], [6425735.7865, 5665802.5943], [6425734.4207, 5665797.7389], [6425733.8685, 5665795.7754999995], [6425733.3162, 5665793.8122000005], [6425729.906, 5665781.6883000005], [6425723.262, 5665762.2793000005], [6425720.2252, 5665751.9143], [6425719.9124, 5665750.8467], [6425714.5615, 5665732.5834], [6425711.8315, 5665726.287599999], [6425706.7828, 5665714.6446], [6425702.0202, 5665704.167099999], [6425694.8765, 5665694.9596], [6425686.4627, 5665684.7996], [6425680.2715, 5665679.4021000005], [6425669.0002, 5665671.1471], [6425651.2201, 5665658.605799999], [6425649.743, 5665657.4695], [6425624.3913, 5665637.9682], [6425609.1513, 5665626.5382], [6425604.9561, 5665623.6778], [6425595.1813, 5665617.0132], [6425584.0688, 5665609.393200001], [6425583.597, 5665609.1776], [6425565.6537, 5665600.9794], [6425563.5217, 5665600.0657], [6425555.6525, 5665596.6932], [6425533.7449, 5665589.3906], [6425514.3774, 5665582.2469], [6425502.4656, 5665577.7349], [6425493.4223, 5665574.3094], [6425484.3736, 5665570.9756000005], [6425475.4835, 5665564.9431], [6425467.5108, 5665557.0767], [6425463.5773, 5665553.195599999], [6425460.561, 5665549.7031], [6425458.466, 5665545.898499999], [6425458.5519, 5665545.848300001], [6425463.2232, 5665543.118100001], [6425472.117, 5665537.92], [6425693.557, 5665476.052999999], [6425691.534, 5665468.9350000005], [6425695.7758, 5665467.7129], [6425698.2473, 5665467.0009], [6425702.1826, 5665465.869200001], [6425703.2359, 5665465.566299999], [6425706.481, 5665464.632999999], [6425718.116, 5665461.732000001], [6425721.605, 5665475.731000001], [6425723.5303, 5665475.243100001], [6425724.2713, 5665475.055299999], [6425726.5638, 5665474.474400001], [6425726.7979, 5665474.415100001], [6425727.1276, 5665474.331499999], [6425730.9559, 5665473.361400001], [6425732.3997, 5665472.9955], [6425733.124, 5665472.812000001], [6425735.5067, 5665472.2031], [6425736.5379, 5665471.9396], [6425743.7617, 5665470.0934999995], [6425745.2019, 5665469.725500001], [6425754.5568, 5665467.334899999], [6425755.4257, 5665467.1128], [6425763.2245, 5665465.1197999995], [6425766.3627, 5665464.3178], [6425792.0112, 5665457.7633], [6425792.1278, 5665457.732899999], [6425804.155, 5665454.66], [6425816.6705, 5665451.2182], [6425818.0199, 5665450.847100001], [6425842.4938, 5665444.116699999], [6425847.3544, 5665442.779999999], [6425857.7868, 5665439.9111], [6425867.838, 5665437.147], [6425874.556, 5665435.296], [6425884.9331, 5665432.4410999995], [6425886.7138, 5665431.951199999], [6425914.244, 5665424.3771], [6425914.7252, 5665424.2447], [6425914.7695, 5665424.2325], [6425941.9774, 5665416.747300001], [6425945.5595, 5665415.7618], [6425962.0328, 5665411.229800001], [6425963.2632, 5665410.8913], [6425965.1501, 5665410.372199999], [6425965.1858, 5665410.362400001], [6425970.076, 5665409.017000001], [6425971.292, 5665408.682], [6425972.774, 5665408.277000001], [6425974.5385, 5665407.793], [6425977.76, 5665406.909399999], [6425977.761, 5665406.914000001], [6425979.715, 5665406.380000001], [6425981.0564, 5665406.0108], [6425982.0464, 5665405.738], [6425986.893, 5665404.4043000005], [6425989.3838, 5665403.719900001], [6425994.5171, 5665402.304500001], [6425997.9792, 5665401.352700001], [6426004.1414, 5665399.6557], [6426011.4045, 5665397.6570999995], [6426013.931, 5665396.9615], [6426020.0931, 5665395.2656], [6426022.9113, 5665394.4901], [6426024.3794, 5665394.085999999], [6426025.4654, 5665393.7871], [6426030.222, 5665392.478], [6426030.4754, 5665392.408299999], [6426030.6143, 5665392.369999999], [6426030.7852, 5665392.323000001], [6426032.0629, 5665391.9714], [6426033.1542, 5665391.6711], [6426033.3131, 5665391.6274], [6426034.3713, 5665391.3353], [6426034.5336, 5665391.291200001], [6426034.71, 5665391.243000001], [6426051.4469, 5665386.357000001], [6426052.3505, 5665389.452099999], [6426052.683, 5665390.591], [6426054.0402, 5665394.498], [6426057.373, 5665404.092], [6426057.884, 5665405.48], [6426058.7455, 5665407.819700001], [6426060.5434, 5665412.7031], [6426062.064, 5665416.833000001], [6426067.4664, 5665430.2992], [6426067.713, 5665430.914000001], [6426070.1881, 5665436.2511], [6426075.574, 5665447.865], [6426078.4753, 5665453.4198], [6426080.4944, 5665457.285499999], [6426083.524, 5665463.085999999], [6426091.3933, 5665476.527799999], [6426093.6197, 5665480.330700001], [6426094.1076, 5665481.1642], [6426096.643, 5665485.494999999], [6426102.103, 5665493.736], [6426103.6981, 5665495.997199999], [6426106.2717, 5665499.645300001], [6426114.264, 5665510.975], [6426115.3832, 5665512.4120000005], [6426119.8648, 5665518.166200001], [6426120.004, 5665518.345000001], [6426128.145, 5665528.305], [6426130.2588, 5665530.785499999], [6426134.6115, 5665535.893300001], [6426137.535, 5665539.323999999], [6426145.6199, 5665548.2136], [6426146.156, 5665548.802999999], [6426150.8186, 5665553.4617], [6426158.226, 5665560.863], [6426161.928, 5665564.163000001], [6426166.901, 5665568.595899999], [6426178.428, 5665578.870999999], [6426179.2874, 5665579.578400001], [6426186.568, 5665585.571], [6426187.0592, 5665585.942500001], [6426193.5135, 5665590.8243], [6426194.038, 5665591.221000001], [6426205.338, 5665599.361], [6426205.5889, 5665599.532299999], [6426208.5655, 5665601.564300001], [6426215.299, 5665606.161], [6426218.8446, 5665608.282500001], [6426224.4672, 5665611.6468], [6426239.998, 5665621.891000001], [6426247.3402, 5665625.9789], [6426258.7703, 5665632.011399999], [6426268.97, 5665636.694499999], [6426282.4006, 5665642.8006], [6426312.1621, 5665634.540899999], [6426351.1353, 5665623.348999999], [6426439.843, 5665598.549799999], [6426807.9074, 5665500.3638], [6426862.7344, 5665486.1406], [6427020.2194, 5665445.285800001], [6427131.2911, 5665416.4716], [6427285.1926, 5665376.546499999], [6427441.483, 5665332.884400001], [6427490.8807, 5665317.8761], [6427541.0245, 5665302.805400001], [6427540.1219, 5665303.952099999], [6427535.3532, 5665310.010299999], [6427533.3558, 5665312.547900001], [6427528.8756, 5665318.239600001], [6427510.1482, 5665342.031400001], [6427510.0267, 5665342.185699999], [6427464.1735, 5665400.4386], [6427433.948, 5665438.5723], [6427412.1936, 5665466.0185], [6427368.7116, 5665520.8772], [6427324.003, 5665576.6851], [6427306.2316, 5665598.8685], [6427277.4831, 5665634.7541000005], [6427235.9231, 5665687.4134], [6427201.7478, 5665730.7159], [6427178.3206, 5665760.399700001], [6427172.0729, 5665768.316], [6427124.1675, 5665829.098099999], [6427109.3537, 5665847.8938], [6427079.1511, 5665886.2146000005], [6427007.6625, 5665974.3237], [6426997.0268, 5665987.1636], [6426984.4666, 5666003.0086], [6426974.6422, 5666015.534], [6426963.824, 5666029.326400001], [6426952.6764, 5666043.538799999], [6426939.5953, 5666060.216399999], [6426927.2324, 5666075.9782], [6426913.4869, 5666093.502800001], [6426895.8219, 5666116.0162], [6426884.0597, 5666131.003900001], [6426871.525, 5666146.9759], [6426860.817, 5666160.620200001], [6426848.2823, 5666176.5922], [6426828.3514, 5666201.988600001], [6426813.4389, 5666220.9903], [6426797.8679, 5666240.8314], [6426787.568, 5666253.9223], [6426778.8549, 5666264.604599999], [6426765.6941, 5666280.7399], [6426751.7457, 5666297.840600001], [6426739.2314, 5666313.1832], [6426737.9315, 5666314.777000001], [6426730.1951, 5666324.2619], [6426725.0862, 5666330.5254]]]}, "properties": {"OBJECTID": 22, "NROSIEDLA": 31, "NAZWAOSIEDLA": "Kuźniki", "SHAPE.AREA": 1463199.53068575, "SHAPE.LEN": 6334.55813319207, "DATA": 1453334400000}}, {"type": "Feature", "id": 23, "geometry": {"type": "Polygon", "coordinates": [[[6439569.8556, 5662370.8017], [6439457.6172, 5662491.491], [6439425.3663, 5662532.3094], [6439378.7277, 5662591.337400001], [6439327.4391, 5662650.4593], [6439270.0023, 5662721.277899999], [6439232.1635, 5662768.815099999], [6439208.8885, 5662798.156099999], [6439170.3317, 5662854.608100001], [6439136.3853, 5662904.309900001], [6439117.8375, 5662927.394200001], [6439088.314, 5662964.138499999], [6439071.5595, 5662984.990900001], [6439015.0349, 5663052.414799999], [6438900.1249, 5663161.9246], [6438887.724, 5663173.802999999], [6438866.2103, 5663177.152000001], [6438859.1585, 5663178.2497000005], [6438837.1248, 5663181.6797], [6438804.881, 5663186.698999999], [6438778.6829, 5663189.679099999], [6438775.2987, 5663190.064099999], [6438775.069, 5663190.0901999995], [6438670.0495, 5663186.3597], [6438591.1805, 5663177.467800001], [6438515.7745, 5663159.0218], [6438444.0035, 5663131.6877999995], [6438371.1363, 5663091.2062], [6438291.5326, 5663037.649], [6438194.3812, 5662971.142899999], [6438144.1572, 5662937.9078], [6438040.8402, 5662866.7765999995], [6437978.2953, 5662825.6483], [6437965.0395, 5662816.931500001], [6437880.7332, 5662763.431], [6437874.3153, 5662760.755000001], [6437739.0128, 5662704.338199999], [6437662.635, 5662673.3588], [6437578.1529, 5662633.776699999], [6437486.1607, 5662593.385299999], [6437320.0808, 5662521.1866], [6437283.1973, 5662508.6313000005], [6437219.7632, 5662487.015900001], [6437203.0631, 5662482.6065], [6437203.1328, 5662482.369999999], [6437239.1856, 5662359.960100001], [6437221.7305, 5662353.432700001], [6437214.209, 5662350.619999999], [6437207.8744, 5662348.039799999], [6437193.874, 5662342.336999999], [6437187.5219, 5662339.509400001], [6437186.636, 5662339.115], [6437178.548, 5662335.091], [6437174.2236, 5662332.7447], [6437169.106, 5662329.968], [6437166.3023, 5662328.248], [6437163.0744, 5662326.2677], [6437153.4745, 5662320.3784], [6437150.261, 5662318.407], [6437133.789, 5662308.139], [6437131.159, 5662306.5342999995], [6437116.814, 5662297.782], [6437107.098, 5662292.583000001], [6437106.8325, 5662292.4771], [6437100.784, 5662290.066], [6437096.824, 5662288.869000001], [6437091.501, 5662288.044], [6437085.889, 5662287.8379999995], [6437076.564, 5662288.539000001], [6437069.9331, 5662289.6557], [6437067.734, 5662290.026000001], [6437037.888, 5662295.926999999], [6437006.2241, 5662302.4001], [6436996.187, 5662304.452], [6436978.7652, 5662307.842], [6436962.145, 5662311.075999999], [6436937.616, 5662315.989], [6436920.207, 5662319.525900001], [6436900.026, 5662323.626], [6436887.5367, 5662326.3138], [6436882.657, 5662327.364], [6436850.038, 5662333.867000001], [6436829.321, 5662337.8785], [6436829.3013, 5662337.882300001], [6436812.963, 5662341.046], [6436809.6432, 5662341.644200001], [6436789.5349, 5662345.267899999], [6436782.5545, 5662346.525800001], [6436775.145, 5662347.861], [6436770.4848, 5662348.706700001], [6436741.5989, 5662353.948999999], [6436738.805, 5662354.456], [6436723.7064, 5662357.192299999], [6436703.844, 5662360.791999999], [6436692.4792, 5662362.834799999], [6436684.578, 5662364.255000001], [6436677.633, 5662364.987], [6436676.5046, 5662365.018300001], [6436670.495, 5662365.1850000005], [6436663.893, 5662364.6899999995], [6436656.8613, 5662363.243100001], [6436656.671, 5662363.204], [6436649.099, 5662360.619999999], [6436647.8927, 5662359.9757], [6436644.746, 5662358.295], [6436640.785, 5662355.572000001], [6436639.8729, 5662354.7995], [6436637.1345, 5662352.4803], [6436636.205, 5662351.693], [6436632.014, 5662346.593], [6436628.929, 5662342.107000001], [6436628.8398, 5662341.9548], [6436628.1713, 5662340.813999999], [6436627.2503, 5662339.2423], [6436627.0484, 5662338.8978], [6436626.8707, 5662338.5945999995], [6436625.601, 5662336.427999999], [6436624.4205, 5662333.4761], [6436624.1797, 5662332.874], [6436623.126, 5662330.239], [6436621.8064, 5662325.3037], [6436620.815, 5662321.596000001], [6436620.5854, 5662320.342800001], [6436619.908, 5662316.645], [6436619.082, 5662310.971999999], [6436618.8274, 5662308.8868], [6436617.0989, 5662294.7311], [6436615.369, 5662280.563999999], [6436613.017, 5662262.1620000005], [6436611.7183, 5662253.1412], [6436609.7067, 5662239.168500001], [6436608.393, 5662230.043], [6436606.799, 5662224.047], [6436605.028, 5662220.014], [6436604.066, 5662217.821], [6436597.1675, 5662202.577], [6436583.268, 5662181.919], [6436581.0801, 5662178.667300001], [6436580.2114, 5662177.3762], [6436571.4023, 5662164.283600001], [6436569.672, 5662161.711999999], [6436569.201, 5662160.797], [6436564.8277, 5662154.5122], [6436567.4977, 5662072.1393], [6436567.8946, 5661963.395300001], [6436561.9415, 5661937.2015], [6436551.2258, 5661907.039000001], [6436535.7477, 5661873.304500001], [6436507.1726, 5661837.9826], [6436439.5324, 5661792.2926], [6436369.8536, 5661770.513699999], [6436331.3566, 5661760.1949000005], [6436290.8753, 5661738.763599999], [6436209.5158, 5661688.757300001], [6436183.322, 5661683.9947999995], [6436131.3312, 5661686.7729], [6436065.7181, 5661711.262700001], [6435938.6851, 5661727.1041], [6435905.4428, 5661733.5381000005], [6435882.1179, 5661744.145300001], [6435831.2173, 5661806.0921], [6435797.9709, 5661859.755799999], [6435764.7245, 5661913.419500001], [6435750.156, 5661940.0381000005], [6435733.7105, 5661941.0165], [6435720.3215, 5661941.813100001], [6435704.018, 5661942.783], [6435695.8189, 5661944.348099999], [6435692.3402, 5661945.0121], [6435690.8834, 5661937.3803], [6435665.6392, 5661869.1811999995], [6435649.4631, 5661826.970799999], [6435646.0377, 5661821.0878], [6435616.6938, 5661789.5482], [6435576.5167, 5661749.3204], [6435557.799, 5661727.7294], [6435551.3431, 5661722.2261], [6435521.4981, 5661704.2344], [6435515.0422, 5661701.271], [6435497.368, 5661695.238500001], [6435442.9696, 5661664.2293], [6435432.8096, 5661658.5143], [6435417.5695, 5661651.8467999995], [6435396.4557, 5661645.020500001], [6435388.042, 5661641.0517], [6435339.8348, 5661607.343800001], [6435334.818, 5661614.171], [6435334.806, 5661614.1691], [6435294.1081, 5661607.741599999], [6435294.0947, 5661607.7391], [6435268.6209, 5661602.2224], [6435255.1565, 5661599.3071], [6435252.4927, 5661598.729900001], [6435249.686, 5661598.1218], [6435249.669, 5661598.118000001], [6435242.804, 5661593.591], [6435241.636, 5661593.227700001], [6435230.4769, 5661589.756899999], [6435217.6503, 5661585.7673], [6435211.5327, 5661583.864499999], [6435206.837, 5661582.403999999], [6435204.194, 5661581.396], [6435194.1455, 5661582.639599999], [6435187.7202, 5661583.4355999995], [6435173.3157, 5661585.217700001], [6435173.188, 5661585.2335], [6435169.9719, 5661585.6314], [6435165.0189, 5661586.244200001], [6435163.6374, 5661586.414999999], [6435163.533, 5661586.4279], [6435163.193, 5661585.5316], [6435161.5972, 5661581.323899999], [6435160.2234, 5661577.702199999], [6435159.7734, 5661576.519099999], [6435156.9582, 5661569.0976], [6435156.8589, 5661568.8356], [6435154.0495, 5661561.429099999], [6435153.4385, 5661559.818600001], [6435150.5792, 5661552.2804000005], [6435150.508, 5661552.092700001], [6435147.997, 5661545.472999999], [6435147.3713, 5661543.819599999], [6435147.1693, 5661543.2874], [6435144.9368, 5661537.3859], [6435144.7287, 5661536.839400001], [6435144.6569, 5661536.647299999], [6435144.654, 5661536.6457], [6435144.4646, 5661536.1428], [6435144.463, 5661536.136], [6435144.0723, 5661535.914999999], [6435142.391, 5661534.964], [6435141.2963, 5661534.542099999], [6435140.6295, 5661534.2851], [6435136.774, 5661532.799000001], [6435136.1262, 5661532.655300001], [6435134.4991, 5661532.294500001], [6435134.0138, 5661532.186899999], [6435133.807, 5661532.141000001], [6435133.5697, 5661532.1439], [6435135.661, 5661522.2665], [6435139.3186, 5661504.991900001], [6435140.7818, 5661498.081599999], [6435141.4306, 5661495.017100001], [6435142.3403, 5661490.721100001], [6435142.422, 5661490.335000001], [6435136.568, 5661487.546], [6435133.1693, 5661486.906099999], [6435125.1983, 5661485.4054000005], [6435124.139, 5661485.206], [6435112.421, 5661483.836999999], [6435111.0592, 5661483.813999999], [6435096.927, 5661483.574999999], [6435096.1367, 5661483.5967], [6435078.0372, 5661484.093900001], [6435064.385, 5661484.4690000005], [6435057.8246, 5661485.0681], [6435051.2897, 5661485.664899999], [6435049.11, 5661485.864], [6435045.847, 5661486.482999999], [6435044.8241, 5661486.772399999], [6435044.7065, 5661486.805600001], [6435042.927, 5661487.309], [6435040.487, 5661488.9690000005], [6435035.42, 5661484.289999999], [6435027.9863, 5661477.4255], [6435024.0154, 5661481.899], [6435017.9891, 5661488.687999999], [6434996.714, 5661512.6559999995], [6434991.392, 5661518.8522], [6434980.747, 5661531.245999999], [6434977.5829, 5661534.9296], [6434972.074, 5661541.343], [6434971.106, 5661542.390900001], [6434970.135, 5661543.442], [6434968.8571, 5661544.8245], [6434962.2131, 5661552.0119], [6434958.399, 5661556.138], [6434955.055, 5661559.755000001], [6434935.8265, 5661576.695], [6434917.079, 5661572.559], [6434885.8345, 5661565.665999999], [6434848.6931, 5661557.478700001], [6434829.6793, 5661553.2872], [6434819.6598, 5661551.078400001], [6434802.0656, 5661547.1998], [6434796.5219, 5661545.977700001], [6434793.929, 5661545.406099999], [6434778.442, 5661541.992000001], [6434775.6151, 5661541.726], [6434767.4335, 5661540.9561], [6434758.284, 5661540.095000001], [6434758.278, 5661540.095000001], [6434757.075, 5661539.83], [6434750.474, 5661535.8718], [6434746.8916, 5661533.7237], [6434743.1145, 5661531.458799999], [6434737.5255, 5661528.1074], [6434733.6303, 5661525.7718], [6434731.2775, 5661524.3609], [6434734.6306, 5661520.6612], [6434748.8712, 5661504.9487], [6434765.7923, 5661484.942], [6434784.0412, 5661463.363299999], [6434798.4018, 5661446.1018], [6434810.7544, 5661429.8529], [6434823.3841, 5661413.239399999], [6434841.964, 5661388.799000001], [6434864.9555, 5661358.555400001], [6434879.154, 5661338.5306], [6434892.1831, 5661319.6239], [6434896.9994, 5661312.6349], [6434932.654, 5661260.8958], [6434963.7016, 5661215.842], [6434990.1099, 5661177.5129], [6435013.7252, 5661143.237400001], [6435014.093, 5661142.2774], [6435019.6551, 5661134.105699999], [6435050.6665, 5661086.3497], [6435094.6691, 5661018.5879], [6435122.1184, 5660976.317399999], [6435164.0206, 5660895.5414], [6435177.8765, 5660867.7917], [6435192.5192, 5660838.466499999], [6435205.5566, 5660812.3562], [6435214.4372, 5660794.570800001], [6435228.6086, 5660766.1894000005], [6435249.8718, 5660723.6052], [6435262.6576, 5660697.9987], [6435276.0944, 5660670.0254999995], [6435291.5638, 5660629.5964], [6435301.9721, 5660602.3945], [6435310.6165, 5660579.8025], [6435321.9522, 5660550.195699999], [6435334.755, 5660517.0328], [6435344.589, 5660491.5600000005], [6435356.0002, 5660462.001800001], [6435367.968, 5660431.001700001], [6435375.981, 5660410.2457], [6435403.5914, 5660375.9889], [6435447.1945, 5660283.5403], [6435510.4, 5660168.4958], [6435576.1195, 5660055.905300001], [6435604.5328, 5660016.6765], [6435606.5328, 5660012.5744], [6435607.4, 5660010.7952], [6435608.1627, 5660009.230900001], [6435612.2363, 5660000.873299999], [6435615.0965, 5659995.0057], [6435620.329, 5659984.271], [6435620.3315, 5659984.2674], [6435623.0089, 5659980.9706], [6435623.7776, 5659980.0241], [6435628.8798, 5659973.7415], [6435629.7619, 5659972.6554000005], [6435633.1432, 5659968.4901], [6435636.7083, 5659964.1], [6435636.7079, 5659964.103599999], [6435640.3977, 5659959.5583999995], [6435640.8535, 5659958.9958999995], [6435641.2098, 5659958.5569], [6435643.581, 5659955.637], [6435644.8269, 5659953.534600001], [6435646.7622, 5659950.270300001], [6435648.8764, 5659946.701199999], [6435650.0732, 5659944.681299999], [6435650.5196, 5659943.9277], [6435650.9217, 5659943.2489], [6435651.0416, 5659943.0463], [6435653.788, 5659938.739399999], [6435654.1939, 5659938.102700001], [6435654.8398, 5659937.0899], [6435654.8406, 5659937.0868999995], [6435654.9179, 5659936.5384], [6435655.1473, 5659934.9089], [6435655.7518, 5659930.617799999], [6435658.9701, 5659923.8390999995], [6435664.1879, 5659912.8478999995], [6435666.845, 5659907.2519000005], [6435671.301, 5659897.867000001], [6435671.5551, 5659897.3588], [6435673.3014, 5659893.8663], [6435674.4534, 5659891.562100001], [6435675.2869, 5659889.895199999], [6435684.0184, 5659872.432700001], [6435684.3562, 5659871.756899999], [6435684.9873, 5659870.4945], [6435686.0804, 5659868.3071], [6435688.6606, 5659863.1458], [6435698.7173, 5659843.034499999], [6435701.161, 5659838.147], [6435703.7289, 5659833.6182], [6435712.2752, 5659818.545700001], [6435717.4558, 5659809.4088], [6435723.161, 5659799.346999999], [6435728.3819, 5659790.0823], [6435732.386, 5659782.9769], [6435734.0863, 5659779.9597], [6435739.1959, 5659770.8923], [6435741.399, 5659766.982799999], [6435748.4887, 5659754.401799999], [6435748.5772, 5659754.244899999], [6435749.1149, 5659753.2906], [6435754.431, 5659743.857000001], [6435755.828, 5659741.3124], [6435757.5962, 5659738.0901999995], [6435762.3319, 5659729.4657000005], [6435764.3516, 5659725.7871], [6435768.4671, 5659718.292099999], [6435770.8894, 5659713.880799999], [6435775.6969, 5659705.125700001], [6435777.1221, 5659702.530200001], [6435779.1661, 5659698.807700001], [6435783.4191, 5659691.0624], [6435784.2266, 5659689.592], [6435790.8682, 5659677.4966], [6435792.3117, 5659674.867900001], [6435796.2712, 5659667.6570999995], [6435796.2729, 5659667.653999999], [6435798.2217, 5659664.1807], [6435799.7741, 5659661.413799999], [6435805.2936, 5659651.5768], [6435807.4789, 5659647.6819], [6435814.0835, 5659635.910800001], [6435815.0723, 5659634.148499999], [6435819.5265, 5659626.2108], [6435823.4009, 5659619.305299999], [6435824.0542, 5659618.143200001], [6435827.0108, 5659612.8725000005], [6435828.3683, 5659610.455], [6435833.8066, 5659600.763], [6435833.911, 5659600.577], [6435835.7889, 5659597.755000001], [6435840.614, 5659590.5024999995], [6435843.6846, 5659585.8884], [6435846.401, 5659581.807], [6435846.403, 5659581.804], [6435846.8256, 5659580.8248], [6435847.4888, 5659579.287900001], [6435848.6421, 5659576.6153], [6435848.8194, 5659576.204600001], [6435851.1351, 5659570.838199999], [6435851.2237, 5659570.6329], [6435853.6318, 5659565.0524], [6435854.958, 5659561.979], [6435855.8753, 5659559.853], [6435857.7419, 5659555.5274], [6435858.6931, 5659553.323000001], [6435859.7273, 5659550.9265], [6435861.2791, 5659547.330399999], [6435862.428, 5659544.668], [6435862.7298, 5659544.0973000005], [6435866.1478, 5659537.6347], [6435866.5518, 5659536.8708999995], [6435866.718, 5659536.556700001], [6435870.6759, 5659529.072899999], [6435871.7554, 5659527.0317], [6435874.7999, 5659521.275], [6435878.924, 5659513.477], [6435881.6911, 5659510.0265999995], [6435881.9306, 5659509.7279], [6435883.427, 5659507.862], [6435885.6696, 5659503.774800001], [6435889.9349, 5659496.001], [6435895.1637, 5659486.471000001], [6435896.4431, 5659484.1391], [6435901.2605, 5659475.358999999], [6435902.9513, 5659472.2772], [6435905.4417, 5659467.738399999], [6435909.46, 5659460.414999999], [6435911.9411, 5659456.9067], [6435912.0461, 5659456.758199999], [6435914.9485, 5659452.654100001], [6435915.5077, 5659451.863399999], [6435917.8192, 5659448.594900001], [6435920.1106, 5659445.354599999], [6435922.8238, 5659441.518200001], [6435926.9825, 5659435.637599999], [6435930.1771, 5659431.1203000005], [6435930.6825, 5659430.4057], [6435932.0599, 5659428.458000001], [6435933.0427, 5659427.0682], [6435933.2389, 5659426.790899999], [6435935.4277, 5659423.695800001], [6435936.413, 5659422.3025], [6435939.6377, 5659417.742699999], [6435940.4872, 5659416.5415], [6435942.7779, 5659413.302300001], [6435943.3799, 5659412.450999999], [6435944.4559, 5659410.929500001], [6435948.9737, 5659404.541099999], [6435949.8166, 5659403.349300001], [6435951.1511, 5659401.462300001], [6435954.2885, 5659397.025800001], [6435954.4426, 5659396.8079], [6435957.0181, 5659393.165999999], [6435957.5442, 5659392.422], [6435964.6078, 5659382.433700001], [6435966.4137, 5659379.880100001], [6435968.0692, 5659377.539100001], [6435969.1451, 5659376.0178], [6435973.2746, 5659370.1788], [6435980.7973, 5659359.541200001], [6435984.4844, 5659354.327500001], [6435987.0283, 5659350.7304], [6435990.4509, 5659345.890900001], [6435991.1927, 5659344.118000001], [6435994.5809, 5659336.0196], [6435995.7982, 5659333.1099], [6435998.0068, 5659327.8311], [6436000.4035, 5659322.102399999], [6436001.6877, 5659319.0327], [6436004.051, 5659313.384], [6436007.2784, 5659303.873400001], [6436008.171, 5659301.243000001], [6436014.279, 5659291.568], [6436018.1427, 5659286.3971], [6436025.7935, 5659276.1577], [6436057.845, 5659233.262], [6436063.963, 5659224.653000001], [6436074.0099, 5659211.387499999], [6436075.513, 5659209.403000001], [6436086.729, 5659195.934], [6436105.6436, 5659173.4321], [6436108.5981, 5659169.917199999], [6436117.226, 5659159.653000001], [6436120.6832, 5659155.794299999], [6436128.5259, 5659147.0408], [6436129.8604, 5659145.551200001], [6436134.6261, 5659140.232100001], [6436138.804, 5659135.569], [6436142.9524, 5659131.1657], [6436146.8464, 5659127.032500001], [6436153.374, 5659120.104], [6436153.5728, 5659119.7269], [6436163.28, 5659101.317], [6436163.6632, 5659100.6107], [6436168.101, 5659092.430600001], [6436178.3832, 5659073.477600001], [6436181.7215, 5659067.324200001], [6436195.2062, 5659042.4684], [6436217.9671, 5659000.513800001], [6436220.2606, 5658996.2666], [6436236.6025, 5658966.003699999], [6436246.932, 5658946.875], [6436248.301, 5658942.413000001], [6436247.564, 5658925.709000001], [6436242.843, 5658917.586999999], [6436240.633, 5658911.2129999995], [6436239.312, 5658905.005999999], [6436239.417, 5658898.959000001], [6436239.616, 5658896.9473], [6436240.051, 5658892.550000001], [6436241.751, 5658886.129000001], [6436243.819, 5658880.77], [6436250.8905, 5658871.4857], [6436279.6613, 5658833.7117], [6436282.499, 5658829.986], [6436309.6482, 5658794.288699999], [6436335.171, 5658760.73], [6436339.166, 5658755.0441], [6436352.7878, 5658735.6569], [6436354.571, 5658733.119000001], [6436357.9686, 5658735.6569], [6436364.1346, 5658740.262800001], [6436366.245, 5658741.839199999], [6436368.7088, 5658743.6796], [6436372.838, 5658746.764], [6436397.5668, 5658709.7939], [6436408.0082, 5658694.183800001], [6436415.731, 5658682.638], [6436417.2904, 5658680.425100001], [6436426.54, 5658667.299000001], [6436448.989, 5658637.331], [6436449.7288, 5658636.428099999], [6436459.3352, 5658624.7037], [6436467.708, 5658614.484999999], [6436483.4706, 5658589.454399999], [6436497.855, 5658566.611], [6436503.0795, 5658561.9593], [6436503.3464, 5658562.3729], [6436510.7938, 5658567.998], [6436563.3549, 5658607.698100001], [6436589.2548, 5658627.2607], [6436589.2609, 5658627.265000001], [6436597.6741, 5658633.135399999], [6436601.3692, 5658638.184], [6436611.005, 5658641.722999999], [6436638.38, 5658654.561000001], [6436694.598, 5658693.403000001], [6436723.999, 5658716.358999999], [6436748.999, 5658740.907], [6436791.203, 5658762.437000001], [6436814.943, 5658773.081], [6436828.071, 5658780.263], [6436847.438, 5658791.550000001], [6436869.457, 5658803.755000001], [6436884.376, 5658809.395], [6436947.412, 5658827.033], [6436966.396, 5658832.222999999], [6436991.613, 5658846.708000001], [6436993.758, 5658844.652000001], [6437007.564, 5658854.226], [6436966.264, 5658918.184], [6436964.646, 5658920.774], [6436913.007, 5659002.311000001], [6436883.753, 5659049.267999999], [6436858.445, 5659085.9350000005], [6436825.111, 5659138.677999999], [6436844.987, 5659154.808], [6436850.431, 5659159.232000001], [6436850.905, 5659158.717], [6436852.505, 5659156.227], [6436913.696, 5659203.257999999], [6436942.276, 5659224.693], [6436975.661, 5659249.739], [6436990.56, 5659260.339], [6436999.174, 5659266.455], [6437011.301, 5659276.869000001], [6436990.162, 5659327.526000001], [6436983.511, 5659345.716], [6436972.507, 5659371.07], [6436958.001, 5659405.416999999], [6436962.302, 5659407.984999999], [6437140.11, 5659514.375], [6437157.964, 5659512.17], [6437183.104, 5659577.5309999995], [6437197.78, 5659617.846999999], [6437211.033, 5659663.630000001], [6437219.351, 5659679.092], [6437220.643, 5659683.377], [6437225.471, 5659700.551000001], [6437239.349, 5659746.569], [6437252.522, 5659812.847999999], [6437254.751, 5659827.623], [6437309.191, 5659898.359999999], [6437329.988, 5659950.051999999], [6437331.761, 5659953.571], [6437365.403, 5660020.640000001], [6437389.298, 5660053.204], [6437410.688, 5660077.096999999], [6437436.716, 5660105.745999999], [6437444.125, 5660113.887], [6437522.599, 5660204.688999999], [6437543.947, 5660227.493000001], [6437555.203, 5660239.518999999], [6437568.202, 5660253.403000001], [6437592.43, 5660281.134], [6437596.518, 5660285.875], [6437602.649, 5660292.562000001], [6437535.594, 5660370.327], [6437508.873, 5660401.793], [6437511.44, 5660419.7530000005], [6437515.995, 5660427.549000001], [6437598.658, 5660528.379000001], [6437638.447, 5660579.9969999995], [6437654.406, 5660596.327], [6437671.033, 5660624.011], [6437692.438, 5660691.298], [6437704.648, 5660740.062999999], [6437711.453, 5660771.1219999995], [6437714.89, 5660787.422], [6437723.488, 5660820.309], [6437734.86, 5660839.482999999], [6437751.972, 5660852.717], [6437776.404, 5660861.795], [6437829.858, 5660876.423], [6437856.785, 5660882.51], [6437917.971, 5660907.126], [6437942.95, 5660922.33], [6437992.8, 5660910.380000001], [6438011.327, 5660905.934], [6438137.923, 5660925.174000001], [6438155.833, 5661005.784], [6438293.499, 5661028.547], [6438323.53, 5661055.952], [6438241.28, 5661090.005000001], [6438230.566, 5661108.054], [6438235.916, 5661124.728], [6438271.158, 5661121.341], [6438367.53, 5661265.15], [6438429.564, 5661222.139], [6438434.15, 5661218.444], [6438453.379, 5661198.203], [6438463.287, 5661189.554], [6438475.046, 5661179.4120000005], [6438489.925, 5661167.593], [6438493.127, 5661166.055], [6438496.114, 5661164.108999999], [6438506.919, 5661156.979], [6438523.447, 5661147.579], [6438540.168, 5661139.2469999995], [6438548.721, 5661136.0940000005], [6438560.028, 5661131.627], [6438587.148, 5661115.789000001], [6438620.216, 5661095.549000001], [6438674.661, 5661102.66], [6438709.571, 5661107.607999999], [6438746.603, 5661107.779999999], [6438764.261, 5661107.556], [6438803.281, 5661116.433], [6438816.919, 5661111.237], [6438833.253, 5661103.229], [6438845.178, 5661092.812999999], [6438861.475, 5661071.854], [6438878.498, 5661052.195], [6438920.689, 5661004.702], [6438933.359, 5660988.038000001], [6438962.258, 5660948.096000001], [6438982.427, 5660920.620999999], [6438998.107, 5660899.039999999], [6439003.227, 5660892.368000001], [6439010.64, 5660880.228], [6439017.171, 5660866.209000001], [6439020.145, 5660856.623], [6439024.713, 5660834.987], [6439040.117, 5660838.561000001], [6439044.519, 5660839.568], [6439049.261, 5660840.5600000005], [6439146.512, 5660895.9969999995], [6439199.671, 5660982.91], [6439203.09, 5660981.979], [6439240.186, 5660972.199999999], [6439295.264, 5660972.476], [6439322.671, 5660972.115], [6439368.519, 5660969.272], [6439374.534, 5660969.112], [6439468.345, 5660964.227], [6439563.554, 5660979.845000001], [6439636.301, 5660991.65], [6439709.048, 5661008.697000001], [6439765.276, 5661032.5030000005], [6439838.81, 5661063.5309999995], [6439873.5, 5661069.499], [6439906.785, 5661080.856000001], [6439935.019, 5661090.403000001], [6439965.9448, 5661101.488299999], [6440095.0682, 5661166.482000001], [6440136.889, 5661193.666999999], [6440196.911, 5661235.833000001], [6440254.11, 5661257.978], [6440242.4733, 5661312.2334], [6440241.0671, 5661317.8100000005], [6440204.6221, 5661485.020099999], [6440159.9531, 5661639.4726], [6440104.4645, 5661786.8992], [6440009.5618, 5661931.223300001], [6439976.5598, 5661970.112199999], [6439938.9766, 5662014.399499999], [6439786.7274, 5662152.2555], [6439734.8598, 5662200.8652], [6439657.975, 5662272.9208], [6439569.8556, 5662370.8017]]]}, "properties": {"OBJECTID": 23, "NROSIEDLA": 16, "NAZWAOSIEDLA": "Księże", "SHAPE.AREA": 10608537.0260405, "SHAPE.LEN": 17651.0917407483, "DATA": 1453334400000}}, {"type": "Feature", "id": 24, "geometry": {"type": "Polygon", "coordinates": [[[6436566.628, 5671517.369000001], [6436547.425, 5671523.880000001], [6436539.331, 5671526.057], [6436528.335, 5671528.9], [6436507.929, 5671534.335999999], [6436479.224, 5671547.3719999995], [6436439.865, 5671570.107000001], [6436419.715, 5671579.33], [6436406.705, 5671585.277000001], [6436392.656, 5671592.0370000005], [6436379.095, 5671597.029999999], [6436365.564, 5671602.024], [6436354.694, 5671605.414999999], [6436330.714, 5671612.164000001], [6436304.831, 5671618.736], [6436273.249, 5671627.017999999], [6436215.559, 5671645.515000001], [6436206.885, 5671648.52], [6436199.404, 5671650.99], [6436191.957, 5671653.710000001], [6436184.318, 5671656.392000001], [6436176.46, 5671658.197000001], [6436168.993, 5671661.028000001], [6436160.407, 5671663.011], [6436145.793, 5671666.077], [6436138.728, 5671667.332], [6435984.288, 5671716.845000001], [6435967.987, 5671691.062000001], [6435954.121, 5671665.679], [6435935.396, 5671637.154999999], [6435904.121, 5671587.901000001], [6435892.811, 5671569.687000001], [6435885.615, 5671558.464], [6435879.561, 5671549.0370000005], [6435871.232, 5671536.797], [6435867.38, 5671530.843], [6435862.458, 5671523.242000001], [6435855.751, 5671513.552999999], [6435852.097, 5671512.426999999], [6435792.332, 5671523.869999999], [6435741.756, 5671533.552999999], [6435709.995, 5671539.397], [6435672.617, 5671546.279999999], [6435670.726, 5671537.1620000005], [6435668.024, 5671523.813999999], [6435666.312, 5671515.364], [6435663.525, 5671501.557], [6435661.248, 5671490.274], [6435656.592, 5671467.528999999], [6435652.78, 5671448.313999999], [6435648.341, 5671426.936000001], [6435643.402, 5671402.275], [6435638.67, 5671379.0600000005], [6435634.704, 5671359.557], [6435630.966, 5671341.561000001], [6435626.166, 5671318.468], [6435623.607, 5671306.188999999], [6435617.478, 5671276.681], [6435615.005, 5671261.591], [6435612.64, 5671247.209000001], [6435609.895, 5671229.491], [6435604.83, 5671209.311000001], [6435599.05, 5671186.33], [6435594.08, 5671166.539000001], [6435589.443, 5671143.704], [6435586.88, 5671131.174000001], [6435584.753, 5671120.669], [6435583.327, 5671113.596000001], [6435578.61, 5671089.172], [6435574.299, 5671066.833000001], [6435569.466, 5671041.82], [6435565.628, 5671017.275], [6435563.922, 5671006.875], [6435557.487, 5670967.721000001], [6435552.37, 5670936.591], [6435550.888, 5670928.198999999], [6435545.024, 5670894.847999999], [6435542.36, 5670879.709000001], [6435539.557, 5670863.762], [6435536.443, 5670846.028999999], [6435533.844, 5670831.27], [6435531.918, 5670816.732000001], [6435530.328, 5670804.361], [6435528.111, 5670790.527000001], [6435526.884, 5670780.092], [6435522.552, 5670746.051999999], [6435518.759, 5670721.911], [6435516.149, 5670705.298], [6435512.757, 5670681.998], [6435508.981, 5670659.203], [6435506.533, 5670644.4120000005], [6435502.024, 5670612.1850000005], [6435499.256, 5670585.007999999], [6435495.99, 5670553.016000001], [6435489.332, 5670515.095000001], [6435506.782, 5670498.354], [6435544.331, 5670444.210000001], [6435568.682, 5670406.824999999], [6435577.663, 5670392.736], [6435599.398, 5670356.592], [6435634.037, 5670322.263], [6435634.04, 5670322.260600001], [6435633.8602, 5670322.0767], [6435633.189, 5670321.3928], [6435632.8047, 5670321.0012], [6435628.1356, 5670316.242900001], [6435625.0369, 5670313.0855], [6435645.719, 5670306.876], [6435654.822, 5670304.142999999], [6435667.2154, 5670300.2685], [6435669.1712, 5670299.6570999995], [6435684.951, 5670294.723999999], [6435704.726, 5670289.761], [6435718.7016, 5670286.714400001], [6435725.0513, 5670285.3302], [6435734.121, 5670283.353], [6435738.868, 5670282.318], [6435744.561, 5670281.078], [6435746.789, 5670280.571], [6435768.8969, 5670275.5458], [6435772.888, 5670274.638599999], [6435813.8761, 5670265.321799999], [6435827.047, 5670262.328], [6435827.4982, 5670262.2432], [6435842.347, 5670259.450999999], [6435850.302, 5670258.84], [6435858.2982, 5670258.8694], [6435859.82, 5670258.875], [6435871.368, 5670259.965], [6435872.068, 5670260.112], [6435873.8532, 5670260.4855], [6435881.37, 5670262.058], [6435888.281, 5670263.24], [6435891.02, 5670263.505999999], [6435894.962, 5670263.888], [6435898.2459, 5670264.9571], [6435900.663, 5670265.744000001], [6435900.932, 5670265.831], [6435922.0075, 5670275.931500001], [6435929.489, 5670279.517000001], [6435939.7353, 5670284.781300001], [6435949.311, 5670289.700999999], [6435953.0167, 5670291.1285999995], [6435964.605, 5670295.593], [6435970.488, 5670296.891000001], [6435982.2962, 5670299.1548], [6435987.185, 5670300.092], [6435991.646, 5670300.8312], [6436001.125, 5670302.402000001], [6436011.5, 5670303.671], [6436018.965, 5670303.82], [6436027.141, 5670303.0940000005], [6436033.5124, 5670302.2596], [6436039.267, 5670301.505999999], [6436042.1286, 5670300.9452], [6436054.12, 5670298.595000001], [6436077.856, 5670293.072000001], [6436080.4572, 5670292.434599999], [6436093.6695, 5670289.196900001], [6436111.984, 5670284.709000001], [6436121.5002, 5670281.842599999], [6436138.6488, 5670276.677300001], [6436138.6956, 5670276.6632], [6436139.699, 5670276.361], [6436144.869, 5670274.802999999], [6436147.6491, 5670273.8829], [6436154.517, 5670271.609999999], [6436158.1594, 5670270.4045], [6436161.0326, 5670269.453600001], [6436163.9531, 5670268.487], [6436162.912, 5670265.159], [6436161.091, 5670257.591], [6436160.5383, 5670255.294], [6436162.0282, 5670252.5679], [6436162.573, 5670251.571], [6436164.439, 5670246.272], [6436165.709, 5670242.017999999], [6436166.68, 5670237.987], [6436167.4751, 5670233.424699999], [6436168.098, 5670229.851], [6436168.5157, 5670226.062000001], [6436169.069, 5670221.041999999], [6436169.368, 5670212.384], [6436169.965, 5670201.113], [6436170.0562, 5670198.711300001], [6436170.339, 5670191.26], [6436171.085, 5670165.434], [6436171.1867, 5670161.5637], [6436171.2968, 5670157.3697999995], [6436171.385, 5670154.013], [6436171.609, 5670149.385], [6436172.206, 5670144.085999999], [6436173.102, 5670137.890000001], [6436175.192, 5670128.5600000005], [6436175.1958, 5670128.5437], [6436175.8047, 5670125.8978], [6436177.133, 5670120.126], [6436177.3332, 5670118.5682], [6436177.921, 5670113.994000001], [6436178.427, 5670107.882999999], [6436178.4915, 5670103.7786], [6436178.518, 5670102.093], [6436185.0293, 5670078.9956], [6436199.1138, 5670053.435799999], [6436210.1222, 5670040.426899999], [6436226.084, 5670029.196], [6436258.5056, 5670014.399499999], [6436293.5146, 5670003.8188000005], [6436332.7059, 5669992.4013], [6436375.6415, 5669975.243799999], [6436427.151, 5669957.4441], [6436474.556, 5669940.674000001], [6436500.3134, 5669936.0173], [6436515.0574, 5669933.3518], [6436525.394, 5669931.482999999], [6436550.161, 5669926.688999999], [6436554.193, 5669925.908500001], [6436583.772, 5669920.183], [6436600.0086, 5669916.394400001], [6436608.2091, 5669914.481000001], [6436617.976, 5669912.202], [6436641.1778, 5669905.662699999], [6436656.9404, 5669901.2202], [6436664.729, 5669899.025], [6436674.9387, 5669893.065199999], [6436701.795, 5669877.388], [6436702.8384, 5669876.673900001], [6436705.9521, 5669874.543199999], [6436726.1344, 5669860.731899999], [6436734.642, 5669854.9099], [6436736.315, 5669853.765000001], [6436739.563, 5669849.323000001], [6436740.906, 5669847.486400001], [6436742.9943, 5669844.6304], [6436743.5845, 5669843.8232], [6436743.758, 5669843.585999999], [6436745.2453, 5669836.6971], [6436747.0876, 5669828.1643], [6436748.2736, 5669822.671], [6436749.8638, 5669815.305500001], [6436751.1891, 5669809.167099999], [6436752.1249, 5669804.8325], [6436752.4863, 5669803.1589], [6436753.931, 5669796.4671], [6436755.223, 5669790.482999999], [6436758.6432, 5669779.9442], [6436760.631, 5669773.819], [6436762.5313, 5669769.979900001], [6436767.57, 5669772.473999999], [6436782.8482, 5669774.8879], [6436784.6436, 5669775.171599999], [6436793.26, 5669776.533], [6436795.2825, 5669777.1359], [6436797.2735, 5669777.7293], [6436809.3446, 5669781.327500001], [6436817.0446, 5669783.6226], [6436837.2544, 5669789.6467], [6436844.1644, 5669791.7064], [6436853.902, 5669794.608999999], [6436862.1509, 5669797.75], [6436873.6655, 5669802.1346], [6436886.9742, 5669807.202299999], [6436888.192, 5669807.665999999], [6436895.8906, 5669810.4034], [6436916.6961, 5669817.8013], [6436925.1932, 5669820.822699999], [6436925.976, 5669821.101], [6436933.117, 5669823.584000001], [6436938.4281, 5669825.496300001], [6436953.3714, 5669830.876700001], [6436968.1136, 5669836.184599999], [6436977.647, 5669839.6171], [6436979.924, 5669840.437000001], [6436991.5787, 5669843.635], [6437004.1715, 5669847.090500001], [6437020.4462, 5669851.556299999], [6437029.3731, 5669854.005799999], [6437032.282, 5669854.804], [6437043.0532, 5669858.2686], [6437057.6174, 5669862.953299999], [6437070.4282, 5669867.073899999], [6437082.5545, 5669870.974400001], [6437094.8893, 5669874.942], [6437101.505, 5669877.07], [6437107.8884, 5669879.6559], [6437124.1536, 5669886.2447999995], [6437127.6607, 5669887.6655], [6437129.4703, 5669888.398499999], [6437131.7629, 5669885.7005], [6437132.579, 5669884.74], [6437133.563, 5669883.581], [6437135.6444, 5669881.1514], [6437137.9398, 5669878.471999999], [6437138.3713, 5669877.9683], [6437144.4017, 5669870.929099999], [6437144.9053, 5669870.330700001], [6437156.7519, 5669856.2533], [6437172.7831, 5669837.203299999], [6437181.6739, 5669826.6383], [6437190.1503, 5669816.5658], [6437216.31, 5669785.48], [6437223.3119, 5669775.919], [6437231.9103, 5669764.178200001], [6437236.53, 5669757.869999999], [6437242.0765, 5669750.296399999], [6437242.9186, 5669750.8894], [6437262.4718, 5669764.659399999], [6437296.3982, 5669789.145099999], [6437318.0301, 5669804.3407000005], [6437319.599, 5669805.624299999], [6437327.9412, 5669812.0931], [6437344.5751, 5669822.7782000005], [6437349.4812, 5669825.782400001], [6437357.1004, 5669829.3925], [6437403.4471, 5669847.9668000005], [6437410.8784, 5669851.145400001], [6437413.0763, 5669852.0855], [6437418.9611, 5669854.602499999], [6437428.6075, 5669858.728599999], [6437430.3043, 5669859.454299999], [6437433.5987, 5669860.863399999], [6437437.6738, 5669862.6064], [6437441.3104, 5669863.7919], [6437443.0108, 5669864.1335], [6437445.6432, 5669864.349199999], [6437455.5354, 5669863.7925], [6437472.9196, 5669862.613], [6437525.2076, 5669858.775599999], [6437537.4745, 5669857.3719], [6437538.9222, 5669857.381899999], [6437550.2434, 5669856.7678], [6437561.2496, 5669855.857999999], [6437589.3217, 5669854.137499999], [6437631.6265, 5669849.798900001], [6437653.5321, 5669847.169500001], [6437670.5011, 5669844.8496], [6437715.82, 5669839.2948], [6437717.7841, 5669839.054], [6437720.6466, 5669838.703199999], [6437723.5201, 5669838.351], [6437725.7513, 5669838.077500001], [6437770.7094, 5669832.3166000005], [6437790.1059, 5669829.7841], [6437871.0074, 5669817.0637], [6437883.2406, 5669815.540200001], [6437892.8535, 5669814.330399999], [6437892.8485, 5669814.2914], [6437902.493, 5669812.1735], [6437917.6566, 5669808.843599999], [6437921.5853, 5669812.7261], [6437937.7885, 5669829.3452], [6437958.3599, 5669850.644200001], [6437979.5266, 5669873.795299999], [6437997.2538, 5669892.4485], [6438022.72, 5669919.9651999995], [6438038.2643, 5669936.9515], [6438067.0659, 5669966.596000001], [6438095.2556, 5669998.282], [6438119.5973, 5670024.1054], [6438158.6967, 5670066.3015], [6438201.1325, 5670112.401799999], [6438228.6285, 5670141.4354], [6438238.1309, 5670149.518200001], [6438263.6463, 5670163.363500001], [6438276.231, 5670169.5207], [6438295.4927, 5670177.2466], [6438304.3827, 5670186.136600001], [6438312.3731, 5670198.0164], [6438329.315, 5670216.004000001], [6438340.1544, 5670232.306500001], [6438347.2982, 5670239.7677], [6438358.3314, 5670246.990900001], [6438374.0954, 5670255.052999999], [6438417.0925, 5670296.961100001], [6438471.3611, 5670348.7578], [6438502.3398, 5670378.324899999], [6438572.7749, 5670446.3171], [6438597.6573, 5670465.4473], [6438599.4279, 5670516.7984], [6438603.6558, 5670594.391100001], [6438602.7751, 5670616.6828000005], [6438602.9498, 5670626.1711], [6438604.7954, 5670638.2093], [6438631.7345, 5670723.257999999], [6438634.1845, 5670737.319], [6438642.1914, 5670767.6437], [6438645.5678, 5670774.783299999], [6438653.6868, 5670785.4256], [6438668.0629, 5670815.6634], [6438665.3161, 5670829.177300001], [6438663.1772, 5670845.823899999], [6438662.2827, 5670846.284700001], [6438664.5211, 5670851.9279], [6438694.9172, 5670868.8714000005], [6438702.9339, 5670876.004899999], [6438712.0494, 5670895.455700001], [6438726.2238, 5670913.975299999], [6438751.0611, 5670944.2666], [6438763.2616, 5670962.460000001], [6438770.1655, 5670977.647299999], [6438788.2664, 5670996.6894000005], [6438798.995, 5671006.630999999], [6438797.152, 5671008.013], [6438681.24, 5671065.664999999], [6438616.906, 5671097.471999999], [6438547.004, 5671131.966], [6438544.518, 5671133.936000001], [6438538.483, 5671145.108999999], [6438525.165, 5671156.061000001], [6438506.958, 5671153.011], [6438489.937, 5671160.468], [6438352.496, 5671227.595000001], [6438273.301, 5671267.4120000005], [6438248.297, 5671279.374], [6438232.374, 5671298.767000001], [6438126.661, 5671357.149], [6438043.385, 5671402.818], [6438036.328, 5671406.414000001], [6438030.364, 5671396.305], [6438021.222, 5671397.056], [6438016.762, 5671380.559], [6437999.692, 5671404.666999999], [6437991.029, 5671416.9120000005], [6437979.475, 5671433.232999999], [6437970.468, 5671445.942], [6437958.393, 5671462.999], [6437952.09, 5671471.9059999995], [6437946.166, 5671479.948000001], [6437924.84, 5671508.677999999], [6437905.036, 5671476.324999999], [6437886.65, 5671446.286], [6437878.161, 5671432.418], [6437863.316, 5671408.1559999995], [6437852.143, 5671389.9], [6437849.919, 5671386.2469999995], [6437836.031, 5671363.454], [6437818.888, 5671335.329], [6437805.5, 5671313.380000001], [6437792.754, 5671292.453], [6437782.121, 5671275.021], [6437782.08, 5671274.952], [6437640.791, 5671360.584000001], [6437535.077, 5671420.284], [6437489.42, 5671441.697000001], [6437399.702, 5671479.993000001], [6437251.369, 5671533.853], [6437250.087, 5671534.478], [6437132.992, 5671576.66], [6437101.202, 5671591.725], [6437086.515, 5671597.924000001], [6437061.045, 5671603.902000001], [6436939.791, 5671651.411], [6436939.361, 5671637.324999999], [6436939.157, 5671597.4059999995], [6436938.036, 5671569.2190000005], [6436937.637, 5671543.723999999], [6436934.518, 5671491.751], [6436932.989, 5671448.848999999], [6436933.033, 5671435.198999999], [6436928.779, 5671435.6899999995], [6436924.214, 5671436.965], [6436873.486, 5671449.657], [6436847.792, 5671456.057], [6436834.681, 5671459.324999999], [6436793.902, 5671468.706], [6436782.631, 5671471.092], [6436769.801, 5671474.517000001], [6436758.39, 5671476.124], [6436744.909, 5671480.217], [6436731.967, 5671484.222999999], [6436713.019, 5671488.602], [6436695.507, 5671492.643999999], [6436672.866, 5671497.607000001], [6436627.981, 5671504.759], [6436613.167, 5671509.517999999], [6436592.766, 5671509.524], [6436566.628, 5671517.369000001]]]}, "properties": {"OBJECTID": 24, "NROSIEDLA": 41, "NAZWAOSIEDLA": "Pawłowice", "SHAPE.AREA": 4444572.84152166, "SHAPE.LEN": 9490.530566221001, "DATA": 1453334400000}}, {"type": "Feature", "id": 25, "geometry": {"type": "Polygon", "coordinates": [[[6427330.975, 5675421.297], [6427318.167, 5675425.641000001], [6427289.065, 5675433.873], [6427256.252, 5675438.748], [6427246.762, 5675442.153000001], [6427229.704, 5675448.198999999], [6427192.027, 5675455.263], [6427175.568, 5675447.99], [6427150.468, 5675434.841], [6427132.309, 5675414.357999999], [6427117.858, 5675393.59], [6427095.144, 5675380.113], [6427070.907, 5675373.824999999], [6427051.928, 5675373.132999999], [6426980.319, 5675381.877], [6426944.846, 5675360.192], [6426928.81, 5675351.515000001], [6426922.832, 5675316.035], [6426918.571, 5675276.164999999], [6426917.145, 5675266.6219999995], [6426915.793, 5675256.517999999], [6426911.047, 5675231.145], [6426910.158, 5675209.695], [6426909.279, 5675188.255000001], [6426897.976, 5675180.561000001], [6426878.017, 5675159.191], [6426875.285, 5675149.134], [6426853.203, 5675115.92], [6426812.46, 5675080.27], [6426787.065, 5675065.046], [6426744.959, 5675019.263], [6426736.223, 5675003.078], [6426718.178, 5674987.0649999995], [6426701.879, 5674958.271], [6426673.966, 5674880.336999999], [6426651.36, 5674837.7190000005], [6426629.096, 5674803.596999999], [6426584.358, 5674770.895], [6426563.539, 5674766.995999999], [6426531.279, 5674768.8149999995], [6426517.887, 5674772.075999999], [6426488.742, 5674774.307], [6426453.357, 5674774.073000001], [6426423.95, 5674776.898], [6426379.526, 5674783.472999999], [6426343.133, 5674785.102], [6426320.652, 5674783.443], [6426279.357, 5674779.1620000005], [6426244.457, 5674766.943], [6426211.357, 5674735.722999999], [6426191.99, 5674717.887], [6426102.033, 5674641.695], [6426102.0293, 5674641.6909], [6426103.0279, 5674639.1829], [6426106.1014, 5674631.4637], [6426108.2061, 5674626.1777], [6426111.1597, 5674618.759], [6426113.3731, 5674613.199899999], [6426118.863, 5674599.411], [6426125.8887, 5674583.369899999], [6426126.9034, 5674581.0529], [6426132.478, 5674568.324999999], [6426137.6872, 5674553.9595], [6426150.1373, 5674519.6261], [6426152.646, 5674512.708000001], [6426154.04, 5674505.5600000005], [6426156.5746, 5674497.867799999], [6426166.175, 5674468.731000001], [6426172.091, 5674450.198000001], [6426171.2827, 5674447.0469], [6426169.3159, 5674439.379000001], [6426169.1706, 5674438.8126], [6426163.222, 5674415.6219999995], [6426199.9794, 5674387.4275], [6426203.569, 5674384.675000001], [6426225.845, 5674363.4574], [6426230.9543, 5674358.5908], [6426236.214, 5674353.581], [6426255.993, 5674328.682], [6426256.6456, 5674325.6952], [6426261.4362, 5674303.768999999], [6426269.5666, 5674266.5569], [6426270.0417, 5674264.3818], [6426270.679, 5674261.464], [6426272.489, 5674248.3123], [6426274.328, 5674234.949999999], [6426275.373, 5674224.586999999], [6426273.4021, 5674218.9406], [6426269.137, 5674206.7217], [6426287.334, 5674196.461999999], [6426288.7831, 5674195.6072], [6426290.6396, 5674194.512], [6426286.1805, 5674163.080700001], [6426285.3598, 5674157.295399999], [6426283.197, 5674142.050000001], [6426280.204, 5674116.136], [6426273.1782, 5674095.7071], [6426267.562, 5674079.377], [6426267.5236, 5674078.766899999], [6426266.999, 5674070.426999999], [6426265.93, 5674053.436000001], [6426261.015, 5674018.125], [6426260.3057, 5674015.296499999], [6426257.6445, 5674004.6833999995], [6426253.505, 5673988.175000001], [6426246.411, 5673951.309], [6426249.3797, 5673941.7162999995], [6426252.745, 5673930.842], [6426247.016, 5673929.321], [6426247.4326, 5673928.0600000005], [6426265.8573, 5673872.414100001], [6426267.5026, 5673867.9465], [6426289.8704, 5673807.2117], [6426293.1495, 5673798.308], [6426294.884, 5673793.5985], [6426299.341, 5673779.214], [6426302.579, 5673768.254000001], [6426302.3312, 5673762.870100001], [6426301.5754, 5673746.4496], [6426301.157, 5673737.359999999], [6426301.759, 5673733.120999999], [6426304.4661, 5673714.060799999], [6426306.0889, 5673702.634500001], [6426308.975, 5673682.313999999], [6426309.8083, 5673679.432], [6426312.7998, 5673669.0853], [6426313.017, 5673668.334000001], [6426317.268, 5673662.603], [6426317.9877, 5673662.2795], [6426324.7308, 5673659.242699999], [6426326.3173, 5673658.5284], [6426326.558, 5673658.42], [6426328.4759, 5673657.5758], [6426333.213, 5673655.49], [6426337.2929, 5673653.693299999], [6426337.6086, 5673651.6943], [6426337.6556, 5673651.396500001], [6426337.8489, 5673650.1719], [6426338.0878, 5673648.659399999], [6426338.3217, 5673647.1777], [6426338.3677, 5673646.886700001], [6426338.6977, 5673644.796499999], [6426339.1468, 5673641.952199999], [6426339.2867, 5673641.0658], [6426339.566, 5673639.297], [6426340.8067, 5673629.947799999], [6426341.3203, 5673626.077199999], [6426342.841, 5673614.618000001], [6426343.9987, 5673607.7982], [6426345.2748, 5673600.280200001], [6426348.0767, 5673583.774499999], [6426348.723, 5673579.967], [6426349.2633, 5673576.6], [6426351.5087, 5673562.606000001], [6426352.4639, 5673556.653000001], [6426352.93, 5673553.748], [6426354.1273, 5673542.411699999], [6426354.5335, 5673538.566], [6426354.612, 5673537.823000001], [6426354.6128, 5673537.812000001], [6426355.231, 5673528.975], [6426355.4885, 5673527.580600001], [6426356.293, 5673523.223999999], [6426356.4202, 5673522.4132], [6426357.099, 5673518.086999999], [6426358.528, 5673513.132999999], [6426360.375, 5673509.1850000005], [6426361.3723, 5673507.5645], [6426363.062, 5673504.819], [6426365.8657, 5673501.0613], [6426367.009, 5673499.528999999], [6426372.7779, 5673493.078400001], [6426374.82, 5673490.795], [6426378.1793, 5673486.932499999], [6426388.6552, 5673474.8871], [6426394.4711, 5673468.199999999], [6426397.242, 5673465.014], [6426407.7263, 5673452.567299999], [6426410.4043, 5673449.3881], [6426419.665, 5673438.393999999], [6426420.5024, 5673437.3959], [6426426.0245, 5673430.814300001], [6426438.1583, 5673416.3521], [6426440.0097, 5673414.145500001], [6426446.791, 5673406.062999999], [6426452.4297, 5673399.0306], [6426456.476, 5673393.984200001], [6426462.076, 5673387], [6426466.182, 5673382.111500001], [6426471.5438, 5673375.7279], [6426481.896, 5673363.403000001], [6426482.0002, 5673363.2809], [6426488.9866, 5673355.090399999], [6426499.9833, 5673342.1983], [6426500.457, 5673341.642999999], [6426505.2589, 5673335.932700001], [6426512.4596, 5673327.3696], [6426518.718, 5673319.927200001], [6426529.3158, 5673307.3244], [6426532.2678, 5673303.813999999], [6426535.475, 5673300], [6426541.8457, 5673292.8105], [6426548.9053, 5673284.8434], [6426556.4824, 5673276.292400001], [6426556.5152, 5673276.2553], [6426561.9876, 5673270.079600001], [6426562.9722, 5673268.9683], [6426572.064, 5673258.708000001], [6426574.3547, 5673256.1228], [6426583.5792, 5673245.7125], [6426588.656, 5673239.983200001], [6426594.3447, 5673233.5633000005], [6426601.1404, 5673225.894099999], [6426609.4957, 5673216.4648], [6426611.632, 5673214.0539], [6426613.5931, 5673211.8408], [6426615.3378, 5673209.8717], [6426615.988, 5673209.138], [6426616.0757, 5673209.0326000005], [6426618.0055, 5673206.713500001], [6426618.6693, 5673205.9157], [6426620.0044, 5673204.3114], [6426631.9361, 5673213.5107], [6426645.668, 5673222.9564], [6426677.4975, 5673245.419600001], [6426702.58, 5673262.1677], [6426709.8825, 5673268.2796], [6426731.1551, 5673287.409], [6426739.3307, 5673294.8703000005], [6426748.4589, 5673302.0934], [6426752.8245, 5673305.2684], [6426759.492, 5673308.6022], [6426766.7945, 5673311.0627999995], [6426792.8296, 5673316.6984], [6426829.2628, 5673324.318499999], [6426864.5847, 5673333.049699999], [6426884.8254, 5673337.4154], [6426890.9373, 5673340.3522], [6426906.5742, 5673344.241599999], [6426932.2123, 5673345.3529], [6426963.7243, 5673347.337300001], [6427012.0638, 5673341.463500001], [6427046.9094, 5673336.145400001], [6427074.6114, 5673331.462200001], [6427082.8664, 5673328.763499999], [6427106.1233, 5673314.4759], [6427123.6652, 5673303.0459], [6427145.1759, 5673286.059599999], [6427172.5603, 5673263.7552000005], [6427194.8647, 5673245.4989], [6427200.7385, 5673239.5458], [6427208.9141, 5673228.9889], [6427213.2798, 5673221.5276], [6427222.1698, 5673203.7476], [6427229.9486, 5673188.428200001], [6427234.0761, 5673181.7607], [6427243.0455, 5673170.2513], [6427248.3636, 5673163.821900001], [6427259.7142, 5673151.2806], [6427279.3199, 5673129.77], [6427286.0668, 5673117.863700001], [6427297.7349, 5673094.7655], [6427301.545, 5673087.542400001], [6427305.9106, 5673080.160499999], [6427318.3725, 5673063.094799999], [6427321.1506, 5673058.8879], [6427326.6275, 5673046.029200001], [6427339.4069, 5673014.914100001], [6427351.6307, 5672983.164000001], [6427355.0438, 5672972.130899999], [6427353.4563, 5672964.114], [6427344.5663, 5672950.8583], [6427337.9782, 5672940.857100001], [6427332.5806, 5672934.6658], [6427317.6581, 5672918.9495], [6427302.3387, 5672902.9157], [6427297.2587, 5672896.407], [6427293.1312, 5672890.5331999995], [6427282.733, 5672871.245100001], [6427265.5086, 5672840.4475], [6427259.0792, 5672828.6206], [6427252.4911, 5672814.4124], [6427244.4742, 5672797.2674], [6427243.6011, 5672794.4893], [6427240.188, 5672774.407400001], [6427236.1398, 5672748.6898], [6427235.5048, 5672740.5142], [6427238.8386, 5672711.6216], [6427242.3311, 5672688.6822], [6427247.173, 5672667.6478], [6427248.8399, 5672640.0252], [6427250.2686, 5672622.1658], [6427251.8561, 5672610.418299999], [6427253.8405, 5672602.718900001], [6427258.2855, 5672594.146400001], [6427272.8111, 5672572.3182], [6427287.1781, 5672548.981899999], [6427294.0837, 5672538.583799999], [6427320.3569, 5672517.231899999], [6427348.5351, 5672494.6099], [6427358.5628, 5672488.775900001], [6427385.0212, 5672475.943499999], [6427411.4134, 5672462.3836], [6427431.8525, 5672454.578400001], [6427453.0192, 5672447.3685], [6427463.9994, 5672438.703400001], [6427471.6062, 5672430.1044], [6427479.7422, 5672423.2914], [6427510.8308, 5672403.712099999], [6427534.4449, 5672389.093900001], [6427550.5845, 5672379.0397], [6427553.1642, 5672375.203199999], [6427562.4246, 5672356.1532000005], [6427572.6773, 5672333.531300001], [6427578.6966, 5672314.4812], [6427581.607, 5672293.248400001], [6427582.7976, 5672278.233200001], [6427578.2997, 5672249.922800001], [6427574.7278, 5672227.4331], [6427573.7356, 5672219.6941], [6427574.6616, 5672213.5425], [6427577.3736, 5672209.176899999], [6427585.5757, 5672199.1888], [6427591.0262, 5672191.2248], [6427595.0611, 5672186.846000001], [6427600.3792, 5672182.559699999], [6427607.2055, 5672177.1225000005], [6427617.3655, 5672169.740599999], [6427633.8358, 5672157.358100001], [6427643.6387, 5672150.015900001], [6427658.6406, 5672137.792099999], [6427668.4434, 5672129.7356], [6427672.5444, 5672125.9651999995], [6427681.7387, 5672117.2009], [6427686.7328, 5672116.473300001], [6427696.003, 5672117.466], [6427706.2956, 5672119.085200001], [6427721.4594, 5672127.0897], [6427735.35, 5672134.2335], [6427750.4975, 5672141.741], [6427758.0712, 5672145.4783], [6427774.74, 5672151.3322], [6427782.0491, 5672153.448899999], [6427792.5332, 5672156.359300001], [6427807.0853, 5672159.203600001], [6427811.2856, 5672159.964299999], [6427823.1257, 5672160.9234], [6427840.5221, 5672162.444700001], [6427854.1482, 5672163.3046], [6427864.5, 5672162.411699999], [6427883.7816, 5672160.2619], [6427902.4678, 5672158.3105999995], [6427923.8991, 5672156.1609000005], [6427948.9023, 5672153.945], [6427982.8021, 5672151.696], [6428010.0873, 5672150.7369], [6428027.5234, 5672149.632300001], [6428048.5975, 5672148.401900001], [6428079.8316, 5672147.251], [6428114.9948, 5672145.8619], [6428152.7509, 5672144.6449], [6428176.881, 5672144.2743999995], [6428197.2539, 5672144.539000001], [6428199.5294, 5672144.0099], [6428221.1723, 5672127.3411], [6428240.2753, 5672112.4715], [6428257.1557, 5672099.6656], [6428264.8287, 5672094.5856], [6428284.1962, 5672082.3089000005], [6428297.9016, 5672073.948000001], [6428304.3575, 5672068.9739], [6428309.5962, 5672061.6184], [6428313.9883, 5672051.4055], [6428318.2217, 5672039.287599999], [6428319.28, 5672033.837099999], [6428321.0792, 5672006.9025], [6428321.7671, 5672000.922900001], [6428322.2434, 5671998.5416], [6428328.5934, 5671975.469900001], [6428334.7846, 5671956.4199], [6428338.5417, 5671938.534], [6428343.5159, 5671927.5803], [6428349.9188, 5671917.843599999], [6428351.4534, 5671915.3565], [6428362.1426, 5671889.585999999], [6428370.9797, 5671868.1018], [6428377.2492, 5671852.6578], [6428380.755, 5671845.844799999], [6428384.5253, 5671841.876], [6428389.4201, 5671838.4364], [6428396.2993, 5671836.716600001], [6428415.8123, 5671837.312000001], [6428445.7103, 5671839.362500001], [6428472.3671, 5671841.2146000005], [6428498.5609, 5671842.6698], [6428523.6303, 5671843.7281], [6428558.423, 5671845.3156], [6428567.1543, 5671846.1094], [6428591.6283, 5671844.5219], [6428616.9622, 5671843.1328], [6428643.156, 5671841.545299999], [6428672.4587, 5671840.156199999], [6428679.9993, 5671840.6854], [6428707.8468, 5671846.043199999], [6428726.4338, 5671848.8214], [6428742.5073, 5671850.541200001], [6428751.4634, 5671850.117799999], [6428785.4889, 5671847.5778], [6428800.676, 5671845.9903], [6428820.9431, 5671839.6932], [6428843.4857, 5671832.5494], [6428871.328, 5671828.797], [6428871.5721, 5671830.829700001], [6428871.84, 5671833.061000001], [6428871.8741, 5671833.508400001], [6428872.2089, 5671837.893999999], [6428872.5674, 5671842.590600001], [6428872.5935, 5671842.9322], [6428873.354, 5671852.8959], [6428873.729, 5671857.809], [6428873.3604, 5671866.9717999995], [6428872.953, 5671877.1], [6428873.5134, 5671887.5316], [6428873.6526, 5671890.1229], [6428873.869, 5671894.15], [6428873.9606, 5671894.422499999], [6428874.6381, 5671896.4386], [6428879.6956, 5671911.488], [6428881.4892, 5671916.825099999], [6428881.919, 5671918.104], [6428887.1734, 5671933.977700001], [6428889.1683, 5671940.0043], [6428893.7989, 5671953.9934], [6428894.7053, 5671956.731899999], [6428896.0699, 5671960.8543], [6428904.36, 5671985.899], [6428904.6635, 5671986.8018], [6428905.5705, 5671989.500600001], [6428906.6455, 5671992.698899999], [6428912.396, 5672009.807399999], [6428912.4984, 5672010.112299999], [6428920.3553, 5672033.4877], [6428920.6081, 5672034.2399], [6428924.9352, 5672047.113700001], [6428927.9723, 5672056.149700001], [6428932.8722, 5672070.7278], [6428933.7958, 5672073.4757], [6428937.711, 5672085.124], [6428940.8793, 5672094.7388], [6428941.3739, 5672096.24], [6428946.836, 5672112.816], [6428947.6031, 5672115.1118], [6428948.5989, 5672118.0923999995], [6428954.1891, 5672134.8233], [6428954.8296, 5672136.740499999], [6428962.2337, 5672158.9004], [6428962.5055, 5672159.7140999995], [6428967.0111, 5672173.198899999], [6428970.654, 5672184.102], [6428971.076, 5672185.365], [6428971.3702, 5672186.229], [6428977.8766, 5672205.334899999], [6428979.8387, 5672211.0965], [6428980.491, 5672213.012], [6428984.7598, 5672223.1281], [6428985.8428, 5672225.694599999], [6428987.0142, 5672228.4703], [6428987.6138, 5672229.8916], [6428988.8, 5672232.702], [6428988.8494, 5672232.765000001], [6428990.057, 5672234.2805], [6428993.769, 5672238.940300001], [6428994.0101, 5672239.242900001], [6428996.091, 5672241.855], [6428996.6998, 5672244.6236000005], [6428996.8724, 5672245.4081999995], [6428997.8978, 5672250.0714], [6428998.0264, 5672250.656099999], [6428998.0299, 5672250.6721], [6428998.1276, 5672251.116], [6429000.567, 5672262.2092], [6429000.717, 5672262.8913], [6429001.3961, 5672265.979499999], [6429001.9145, 5672268.3368], [6429001.9925, 5672268.691299999], [6429002.4731, 5672270.8772], [6429003.2156, 5672274.2532], [6429003.3499, 5672274.8641], [6429003.8133, 5672276.9714], [6429005.4038, 5672284.2039], [6429005.658, 5672285.359999999], [6429007.7196, 5672287.5022], [6429014.147, 5672294.1809], [6429014.611, 5672294.663000001], [6429015.0863, 5672294.6295], [6429018.8935, 5672294.361500001], [6429024.1351, 5672293.9924], [6429028.1148, 5672293.712200001], [6429032.5687, 5672293.398600001], [6429037.3453, 5672293.0622000005], [6429039.0576, 5672292.9417], [6429040.7642, 5672292.8215], [6429042.0393, 5672292.731699999], [6429043.61, 5672292.621099999], [6429043.768, 5672292.609999999], [6429058.444, 5672280.652000001], [6429058.8865, 5672280.441299999], [6429060.3655, 5672279.7368], [6429061.4054, 5672279.241599999], [6429061.7504, 5672279.077199999], [6429066.361, 5672276.8813000005], [6429071.9597, 5672274.2147], [6429077.9034, 5672271.3839], [6429080.2262, 5672270.2776], [6429086.753, 5672267.169], [6429088.1891, 5672266.696699999], [6429088.237, 5672266.681], [6429091.0515, 5672265.230900001], [6429095.6967, 5672262.8376], [6429096.744, 5672262.298], [6429100.2894, 5672260.4092], [6429107.635, 5672256.495999999], [6429110.4472, 5672255.0228], [6429113.5062, 5672253.420299999], [6429116.937, 5672251.623], [6429120.4353, 5672249.898499999], [6429125.6734, 5672247.316199999], [6429128.459, 5672245.943], [6429132.11, 5672244.059599999], [6429137.055, 5672241.5088], [6429139.5052, 5672240.244899999], [6429142.6603, 5672238.6174], [6429144.778, 5672237.525], [6429148.3019, 5672235.6819], [6429157.8144, 5672230.706800001], [6429163.9099, 5672227.5187], [6429179.1927, 5672219.5254999995], [6429183.0208, 5672217.523399999], [6429191.238, 5672213.2257], [6429196.394, 5672210.528999999], [6429199.2281, 5672210.326300001], [6429200.281, 5672210.251], [6429200.4634, 5672210.6896], [6429201.8575, 5672214.042300001], [6429203.5264, 5672218.056], [6429205.1175, 5672221.8824000005], [6429205.751, 5672223.4059999995], [6429206.9479, 5672227.2238], [6429207.8437, 5672230.0813], [6429208.8541, 5672233.304199999], [6429211.5721, 5672241.974300001], [6429214.2751, 5672250.5963], [6429214.5528, 5672251.4822], [6429215.188, 5672253.508400001], [6429215.508, 5672254.528999999], [6429216.4505, 5672255.803300001], [6429217.7481, 5672257.557700001], [6429219.005, 5672259.256999999], [6429221.3588, 5672262.428400001], [6429222.0852, 5672263.407199999], [6429223.9116, 5672265.868000001], [6429224.9336, 5672267.245200001], [6429225.125, 5672267.5030000005], [6429225.2604, 5672267.5484], [6429225.342, 5672267.5757], [6429226.222, 5672267.8705], [6429234.805, 5672270.745999999], [6429234.83, 5672270.748400001], [6429235.9421, 5672270.8561], [6429242.7582, 5672271.5164], [6429243.8893, 5672271.6259], [6429245.8332, 5672271.814200001], [6429258.6663, 5672273.0572999995], [6429262.6336, 5672273.4416000005], [6429269.2166, 5672274.0792], [6429269.307, 5672274.0879999995], [6429273.033, 5672273.7129999995], [6429276.4018, 5672273.670399999], [6429284.5955, 5672273.5668], [6429289.0299, 5672273.5108], [6429292.571, 5672273.466], [6429298.1555, 5672274.540899999], [6429304.0755, 5672275.680400001], [6429313.1045, 5672277.418299999], [6429316.056, 5672277.986400001], [6429317.841, 5672278.33], [6429327.4912, 5672279.442600001], [6429331.3682, 5672279.889599999], [6429342.1425, 5672281.1318], [6429344.1375, 5672281.3619], [6429347.504, 5672281.75], [6429354.578, 5672282.355900001], [6429357.5489, 5672282.610400001], [6429360.498, 5672282.863], [6429366.4843, 5672282.9529], [6429374.6116, 5672283.074899999], [6429380.6726, 5672283.165899999], [6429384.6981, 5672283.226299999], [6429397.1429, 5672283.4132], [6429399.4187, 5672283.4473], [6429400.8934, 5672283.4695], [6429405.458, 5672283.538000001], [6429407.425, 5672283.334000001], [6429407.4657, 5672283.7599], [6429408.548, 5672295.086300001], [6429408.8105, 5672297.8333], [6429409.188, 5672301.784], [6429409.5788, 5672301.92], [6429411.2069, 5672302.4868], [6429420.1819, 5672305.611199999], [6429428.6297, 5672308.552100001], [6429432.065, 5672309.748], [6429434.5913, 5672310.937899999], [6429441.63, 5672314.2530000005], [6429445.008, 5672316.582], [6429451.2252, 5672323.363399999], [6429461.5379, 5672334.6118], [6429463.897, 5672337.1850000005], [6429469.779, 5672352.205], [6429474.909, 5672364.653999999], [6429479.762, 5672371.516000001], [6429487.932, 5672378.068], [6429502.3268, 5672384.032], [6429511.3653, 5672387.776699999], [6429519.5, 5672391.147], [6429532.78, 5672409.319], [6429539.126, 5672420.552999999], [6429555.8521, 5672436.211999999], [6429561.853, 5672441.83], [6429578.468, 5672461.221000001], [6429597.8303, 5672482.420600001], [6429599.862, 5672484.645], [6429621.638, 5672505.034], [6429635.439, 5672515.788000001], [6429655.0344, 5672537.4646000005], [6429655.051, 5672537.482999999], [6429663.2032, 5672557.5024], [6429664.441, 5672560.541999999], [6429666.485, 5672571.668], [6429668.654, 5672583.9629999995], [6429667.757, 5672588.364], [6429664.281, 5672593.596000001], [6429651.648, 5672600.799000001], [6429642.878, 5672607.415999999], [6429629.569, 5672621.557], [6429613.1868, 5672640.9999], [6429609.112, 5672645.835999999], [6429593.931, 5672667.221000001], [6429587.485, 5672679.989], [6429583.149, 5672688.562000001], [6429574.51, 5672711.757999999], [6429571.807, 5672724.791999999], [6429571.1213, 5672731.487600001], [6429567.488, 5672766.966], [6429667.6492, 5672743.066299999], [6429687.155, 5672738.4120000005], [6429708.6126, 5672733.2897], [6429716.1619, 5672731.487600001], [6429768.144, 5672719.078600001], [6429790.4683, 5672713.749399999], [6429799.443, 5672711.607000001], [6429935.756, 5672677.789999999], [6429941.835, 5672676.0370000005], [6429963.3758, 5672670.5976], [6429968.7985, 5672669.2283], [6429983.8526, 5672665.4268], [6430027.9323, 5672654.296], [6430056.0045, 5672647.2073], [6430060.9126, 5672645.9679000005], [6430066.4056, 5672644.580800001], [6430067.2327, 5672644.3719], [6430067.7488, 5672644.241599999], [6430068.27, 5672644.109999999], [6430068.2335, 5672644.6493999995], [6430061.176, 5672735.759], [6430055.254, 5672775.223999999], [6430048.703, 5672827.948000001], [6430040.06, 5672886.176999999], [6430038.703, 5672945.777000001], [6430037.516, 5672975.7129999995], [6430036.336, 5673005.358999999], [6430046.638, 5673059.0879999995], [6430059.851, 5673107.141000001], [6430078.195, 5673165.933], [6430084.343, 5673221.093], [6430084.452, 5673231.832], [6430099.01, 5673285.4], [6430113.714, 5673348.567], [6430113.162, 5673366.574999999], [6430112.609, 5673370.532], [6430111.158, 5673383.640000001], [6430127.374, 5673398.994999999], [6430149.431, 5673412.789999999], [6430156.346, 5673428.027000001], [6430155.249, 5673439.921], [6430153.977, 5673446.397], [6430152.901, 5673452.52], [6430140.65, 5673527.1219999995], [6430133.371, 5673540.521], [6430117.355, 5673569.986], [6430073.542, 5673606.437999999], [6430070.814, 5673608.261], [6430038.483, 5673633.183], [6430037.244, 5673656.559], [6430037.148, 5673661.039999999], [6430035.502, 5673673.84], [6430034.459, 5673688.592], [6430043.193, 5673711.376], [6430055.841, 5673744.392999999], [6430076.202, 5673801.075999999], [6430075.789, 5673806.691], [6430089.041, 5673864.359999999], [6430101.222, 5673895.262], [6430126.297, 5673911.35], [6430145.572, 5673920.749], [6430170.325, 5673938.291999999], [6430176.549, 5673964.329], [6430178.995, 5673974.6899999995], [6430180.921, 5673995.958000001], [6430181.091, 5674017.468], [6430175.855, 5674055.123], [6430173.469, 5674071.243000001], [6430172.768, 5674076.942], [6430170.205, 5674092.504000001], [6430147.31, 5674105.470000001], [6430122.92, 5674119.279999999], [6430105.502, 5674129.136], [6430108.288, 5674134.573000001], [6430103.023, 5674137.476], [6430047.986, 5674172.029999999], [6430034.035, 5674180.318], [6430015.71, 5674189.198999999], [6429998.089, 5674198.401000001], [6429984.296, 5674199.846999999], [6429964.847, 5674213.432], [6429940.81, 5674227.289999999], [6429926.828, 5674235.369999999], [6429893.383, 5674248.4629999995], [6429853.798, 5674262.51], [6429833.495, 5674270.695], [6429818.919, 5674279.431], [6429811.08, 5674286.0600000005], [6429799.259, 5674296.068], [6429785.74, 5674313.109999999], [6429776.869, 5674324.329], [6429768.183, 5674337.073999999], [6429733.414, 5674384.555], [6429722.281, 5674399.249], [6429698.714, 5674426.095000001], [6429673.996, 5674453.627], [6429637.834, 5674487.408], [6429604.821, 5674504.639], [6429627.061, 5674513.611], [6429630.493, 5674519.5600000005], [6429643.938, 5674559.411], [6429599.303, 5674593.225], [6429567.537, 5674620.950999999], [6429529.422, 5674647.925000001], [6429478.151, 5674677.827], [6429472.78, 5674681.062000001], [6429433.319, 5674701.011], [6429362.967, 5674724.3440000005], [6429292.236, 5674749.572000001], [6429229.525, 5674769.762], [6429151.404, 5674793.488], [6429107.094, 5674811.164000001], [6429101.894, 5674813.737], [6429079.564, 5674822.977], [6429013.522, 5674855.647], [6428943.762, 5674882.67], [6428872.004, 5674913.197000001], [6428805.289, 5674937.323999999], [6428800.567, 5674939.651000001], [6428782.245, 5674948.732999999], [6428693.563, 5675002.970000001], [6428657.769, 5675005.418], [6428642.69, 5674980.818], [6428621.381, 5674975.304], [6428593.433, 5674959.149], [6428566.47, 5674949.174000001], [6428545.956, 5674938.16], [6428511.208, 5674930.278999999], [6428490.258, 5674918.841], [6428469.605, 5674907.949999999], [6428448.96, 5674904.289000001], [6428387.939, 5674905.3780000005], [6428361.71, 5674912.195], [6428334.073, 5674909.239], [6428294.565, 5674912.057], [6428257.066, 5674893.187999999], [6428233.48, 5674891.052999999], [6428170.775, 5674917.272], [6428146.209, 5674928.459000001], [6428094.417, 5674944.096000001], [6428058.842, 5674948.736], [6428043.55, 5674944.84], [6428013.491, 5674937.203], [6428005.141, 5674938.8440000005], [6427973.926, 5674945.252], [6427955.051, 5674971.423], [6427940.559, 5674986.319], [6427846.573, 5675007.867000001], [6427832.44, 5675004.448000001], [6427815.473, 5675011.373], [6427813.847, 5675034.184], [6427795.404, 5675072.979], [6427783.461, 5675101.795], [6427776.527, 5675121.41], [6427773.051, 5675145.034], [6427768.679, 5675175.539000001], [6427765.896, 5675210.955], [6427772.192, 5675249.541999999], [6427769.863, 5675255.450999999], [6427725.33, 5675263.759], [6427691.935, 5675269.342], [6427662.288, 5675276.42], [6427644.431, 5675284.276000001], [6427630.524, 5675289.544], [6427616.129, 5675294.238], [6427583.601, 5675306.991], [6427548.847, 5675320.971999999], [6427519.047, 5675335.302999999], [6427492.658, 5675351.2129999995], [6427466.552, 5675363.298], [6427443.351, 5675374.049000001], [6427422.257, 5675382.104], [6427402.242, 5675411.567], [6427379.547, 5675419.591], [6427365.363, 5675417.612], [6427330.975, 5675421.297]]]}, "properties": {"OBJECTID": 25, "NROSIEDLA": 46, "NAZWAOSIEDLA": "Świniary", "SHAPE.AREA": 9136642.45619225, "SHAPE.LEN": 13992.9111051752, "DATA": 1453334400000}}, {"type": "Feature", "id": 26, "geometry": {"type": "Polygon", "coordinates": [[[6430067.7488, 5672644.241599999], [6430067.2327, 5672644.3719], [6430066.4056, 5672644.580800001], [6430060.9126, 5672645.9679000005], [6430056.0045, 5672647.2073], [6430027.9323, 5672654.296], [6429983.8526, 5672665.4268], [6429968.7985, 5672669.2283], [6429963.3758, 5672670.5976], [6429941.835, 5672676.0370000005], [6429935.756, 5672677.789999999], [6429799.443, 5672711.607000001], [6429790.4683, 5672713.749399999], [6429768.144, 5672719.078600001], [6429716.1619, 5672731.487600001], [6429708.6126, 5672733.2897], [6429687.155, 5672738.4120000005], [6429667.6492, 5672743.066299999], [6429567.488, 5672766.966], [6429571.1213, 5672731.487600001], [6429571.807, 5672724.791999999], [6429574.51, 5672711.757999999], [6429583.149, 5672688.562000001], [6429587.485, 5672679.989], [6429593.931, 5672667.221000001], [6429609.112, 5672645.835999999], [6429613.1868, 5672640.9999], [6429629.569, 5672621.557], [6429642.878, 5672607.415999999], [6429651.648, 5672600.799000001], [6429664.281, 5672593.596000001], [6429667.757, 5672588.364], [6429668.654, 5672583.9629999995], [6429666.485, 5672571.668], [6429664.441, 5672560.541999999], [6429663.2032, 5672557.5024], [6429655.051, 5672537.482999999], [6429655.0344, 5672537.4646000005], [6429635.439, 5672515.788000001], [6429621.638, 5672505.034], [6429599.862, 5672484.645], [6429597.8303, 5672482.420600001], [6429578.468, 5672461.221000001], [6429561.853, 5672441.83], [6429555.8521, 5672436.211999999], [6429539.126, 5672420.552999999], [6429532.78, 5672409.319], [6429519.5, 5672391.147], [6429511.3653, 5672387.776699999], [6429502.3268, 5672384.032], [6429487.932, 5672378.068], [6429479.762, 5672371.516000001], [6429474.909, 5672364.653999999], [6429469.779, 5672352.205], [6429463.897, 5672337.1850000005], [6429461.5379, 5672334.6118], [6429451.2252, 5672323.363399999], [6429445.008, 5672316.582], [6429441.63, 5672314.2530000005], [6429434.5913, 5672310.937899999], [6429432.065, 5672309.748], [6429428.6297, 5672308.552100001], [6429420.1819, 5672305.611199999], [6429411.2069, 5672302.4868], [6429409.5788, 5672301.92], [6429409.188, 5672301.784], [6429408.8105, 5672297.8333], [6429408.548, 5672295.086300001], [6429407.4657, 5672283.7599], [6429407.425, 5672283.334000001], [6429405.458, 5672283.538000001], [6429400.8934, 5672283.4695], [6429399.4187, 5672283.4473], [6429397.1429, 5672283.4132], [6429384.6981, 5672283.226299999], [6429380.6726, 5672283.165899999], [6429374.6116, 5672283.074899999], [6429366.4843, 5672282.9529], [6429360.498, 5672282.863], [6429357.5489, 5672282.610400001], [6429354.578, 5672282.355900001], [6429347.504, 5672281.75], [6429344.1375, 5672281.3619], [6429342.1425, 5672281.1318], [6429331.3682, 5672279.889599999], [6429327.4912, 5672279.442600001], [6429317.841, 5672278.33], [6429316.056, 5672277.986400001], [6429313.1045, 5672277.418299999], [6429304.0755, 5672275.680400001], [6429298.1555, 5672274.540899999], [6429292.571, 5672273.466], [6429289.0299, 5672273.5108], [6429284.5955, 5672273.5668], [6429276.4018, 5672273.670399999], [6429273.033, 5672273.7129999995], [6429269.307, 5672274.0879999995], [6429269.2166, 5672274.0792], [6429262.6336, 5672273.4416000005], [6429258.6663, 5672273.0572999995], [6429245.8332, 5672271.814200001], [6429243.8893, 5672271.6259], [6429242.7582, 5672271.5164], [6429235.9421, 5672270.8561], [6429234.83, 5672270.748400001], [6429234.805, 5672270.745999999], [6429226.222, 5672267.8705], [6429225.342, 5672267.5757], [6429225.2604, 5672267.5484], [6429225.125, 5672267.5030000005], [6429224.9336, 5672267.245200001], [6429223.9116, 5672265.868000001], [6429222.0852, 5672263.407199999], [6429221.3588, 5672262.428400001], [6429219.005, 5672259.256999999], [6429217.7481, 5672257.557700001], [6429216.4505, 5672255.803300001], [6429215.508, 5672254.528999999], [6429215.188, 5672253.508400001], [6429214.5528, 5672251.4822], [6429214.2751, 5672250.5963], [6429211.5721, 5672241.974300001], [6429208.8541, 5672233.304199999], [6429207.8437, 5672230.0813], [6429206.9479, 5672227.2238], [6429205.751, 5672223.4059999995], [6429205.1175, 5672221.8824000005], [6429203.5264, 5672218.056], [6429201.8575, 5672214.042300001], [6429200.4634, 5672210.6896], [6429200.281, 5672210.251], [6429199.2281, 5672210.326300001], [6429196.394, 5672210.528999999], [6429191.238, 5672213.2257], [6429183.0208, 5672217.523399999], [6429179.1927, 5672219.5254999995], [6429163.9099, 5672227.5187], [6429157.8144, 5672230.706800001], [6429148.3019, 5672235.6819], [6429144.778, 5672237.525], [6429142.6603, 5672238.6174], [6429139.5052, 5672240.244899999], [6429137.055, 5672241.5088], [6429132.11, 5672244.059599999], [6429128.459, 5672245.943], [6429125.6734, 5672247.316199999], [6429120.4353, 5672249.898499999], [6429116.937, 5672251.623], [6429113.5062, 5672253.420299999], [6429110.4472, 5672255.0228], [6429107.635, 5672256.495999999], [6429100.2894, 5672260.4092], [6429096.744, 5672262.298], [6429095.6967, 5672262.8376], [6429091.0515, 5672265.230900001], [6429088.237, 5672266.681], [6429088.1891, 5672266.696699999], [6429086.753, 5672267.169], [6429080.2262, 5672270.2776], [6429077.9034, 5672271.3839], [6429071.9597, 5672274.2147], [6429066.361, 5672276.8813000005], [6429061.7504, 5672279.077199999], [6429061.4054, 5672279.241599999], [6429060.3655, 5672279.7368], [6429058.8865, 5672280.441299999], [6429058.444, 5672280.652000001], [6429043.768, 5672292.609999999], [6429043.61, 5672292.621099999], [6429042.0393, 5672292.731699999], [6429040.7642, 5672292.8215], [6429039.0576, 5672292.9417], [6429037.3453, 5672293.0622000005], [6429032.5687, 5672293.398600001], [6429028.1148, 5672293.712200001], [6429024.1351, 5672293.9924], [6429018.8935, 5672294.361500001], [6429015.0863, 5672294.6295], [6429014.611, 5672294.663000001], [6429014.147, 5672294.1809], [6429007.7196, 5672287.5022], [6429005.658, 5672285.359999999], [6429005.4038, 5672284.2039], [6429003.8133, 5672276.9714], [6429003.3499, 5672274.8641], [6429003.2156, 5672274.2532], [6429013.5048, 5672254.332], [6429019.4572, 5672243.0758], [6429026.6582, 5672229.4585], [6429034.816, 5672213.984999999], [6429044.738, 5672195.134199999], [6429054.6772, 5672176.250600001], [6429062.6873, 5672161.0320999995], [6429072.3722, 5672142.6316], [6429080.3979, 5672127.3837], [6429088.8752, 5672111.2775], [6429097.0782, 5672095.692600001], [6429104.8668, 5672080.895], [6429112.5951, 5672066.2118999995], [6429121.9173, 5672048.500600001], [6429133.2656, 5672026.9399], [6429141.6505, 5672011.009299999], [6429150.2266, 5671994.715600001], [6429162.3348, 5671971.711100001], [6429171.4504, 5671954.3924], [6429180.1527, 5671937.8588], [6429189.8347, 5671919.4637], [6429197.2164, 5671905.439300001], [6429204.9439, 5671890.762800001], [6429211.4826, 5671878.351299999], [6429218.7535, 5671864.549900001], [6429226.2651, 5671850.2917], [6429232.7808, 5671837.923900001], [6429240.7467, 5671822.803300001], [6429247.2279, 5671810.501], [6429253.9199, 5671797.7985], [6429261.1236, 5671784.124600001], [6429270.6398, 5671766.0614], [6429277.4575, 5671753.120200001], [6429285.8612, 5671737.1686], [6429295.0224, 5671719.7793000005], [6429302.453, 5671705.674699999], [6429310.4247, 5671690.543199999], [6429320.1246, 5671672.131100001], [6429326.615, 5671659.8113], [6429333.3691, 5671646.9911], [6429339.3482, 5671635.633400001], [6429345.0708, 5671624.7629], [6429351.353, 5671612.829299999], [6429359.4561, 5671597.437000001], [6429365.5972, 5671585.771600001], [6429371.3926, 5671574.762700001], [6429376.6399, 5671564.7952], [6429382.9698, 5671552.7711], [6429390.8106, 5671537.877], [6429396.9023, 5671526.305400001], [6429403.8045, 5671513.1942], [6429412.4931, 5671496.6896], [6429422.355, 5671477.9561], [6429431.0833, 5671461.3763], [6429439.5229, 5671445.359300001], [6429446.8161, 5671431.5493], [6429456.5392, 5671413.016100001], [6429464.8864, 5671396.987600001], [6429474.4057, 5671378.804], [6429484.2905, 5671359.9222], [6429498.5054, 5671332.6503], [6429509.7831, 5671310.9816], [6429519.4857, 5671292.3398], [6429528.985, 5671274.172700001], [6429538.9112, 5671255.207900001], [6429551.1714, 5671231.860200001], [6429562.5677, 5671210.2522], [6429572.5466, 5671191.3323], [6429579.8225, 5671177.507300001], [6429586.9462, 5671163.965299999], [6429596.839, 5671145.146299999], [6429608.2142, 5671123.489700001], [6429614.6992, 5671111.143300001], [6429624.6813, 5671092.1873], [6429631.4143, 5671079.501], [6429639.3547, 5671064.733100001], [6429648.0331, 5671048.100299999], [6429659.7702, 5671025.8365], [6429668.5013, 5671009.265900001], [6429676.0085, 5670995.015000001], [6429685.6721, 5670976.6708], [6429696.0473, 5670956.9758], [6429704.7642, 5670940.4288], [6429712.8943, 5670924.9957], [6429723.9992, 5670903.9155], [6429733.2897, 5670886.2795], [6429743.5926, 5670866.7217999995], [6429752.4731, 5670849.8641], [6429759.5875, 5670836.359099999], [6429767.5521, 5670821.24], [6429776.418, 5670804.41], [6429787.1559, 5670784.0265999995], [6429794.8759, 5670769.3718], [6429804.4723, 5670751.155300001], [6429812.3865, 5670736.131999999], [6429821.0389, 5670719.7073], [6429829.4861, 5670703.6722], [6429839.1481, 5670685.3311], [6429847.1357, 5670670.2093], [6429854.6103, 5670656.123299999], [6429861.807, 5670642.5615], [6429868.7083, 5670629.217700001], [6429875.7142, 5670616.356899999], [6429883.1431, 5670601.816299999], [6429890.9835, 5670586.9331], [6429898.2385, 5670573.161], [6429907.0174, 5670556.496300001], [6429914.4265, 5670542.4319], [6429921.245, 5670529.488299999], [6429930.1025, 5670512.6743], [6429937.6667, 5670498.3156], [6429945.0446, 5670484.3102], [6429950.2867, 5670474.359300001], [6429956.8215, 5670461.954299999], [6429964.3862, 5670447.5944], [6429973.3506, 5670430.5776], [6429981.597, 5670414.923699999], [6429990.2747, 5670398.4509], [6429998.9392, 5670382.0033], [6430007.1678, 5670366.447000001], [6430014.8571, 5670351.942], [6430024.5939, 5670333.5152], [6430032.6382, 5670318.231000001], [6430038.6513, 5670306.8061], [6430040.784, 5670302.5921], [6430053.8142, 5670278.154100001], [6430122.3209, 5670148.347100001], [6430192.7071, 5670012.0638999995], [6430253.1662, 5669895.001599999], [6430306.7093, 5669791.041200001], [6430344.5461, 5669701.6885], [6430368.8619, 5669634.853399999], [6430376.0256, 5669615.163000001], [6430409.0124, 5669515.8123], [6430418.2718, 5669485.971999999], [6430423.117, 5669470.3573], [6430425.5556, 5669462.498299999], [6430427.2981, 5669455.177200001], [6430430.009, 5669438.9593], [6430433.2433, 5669419.6106], [6430441.3552, 5669430.205700001], [6430466.7244, 5669463.3409], [6430515.6195, 5669506.1241], [6430566.2608, 5669538.4298], [6430619.5215, 5669568.9893], [6430661.4316, 5669589.0712], [6430702.4686, 5669608.279999999], [6430750.4906, 5669625.7425], [6430800.2588, 5669641.458799999], [6430850.9001, 5669654.5557], [6430926.8622, 5669666.7795], [6430984.4621, 5669670.562999999], [6431042.4797, 5669671.5548], [6431040.8675, 5669674.297900001], [6431039.4031, 5669676.7896], [6431036.285, 5669682.0952], [6431032.4028, 5669688.701099999], [6431029.4541, 5669693.7184], [6431026.6401, 5669698.5064], [6431021.954, 5669706.48], [6431020.5294, 5669708.9055], [6431017.5327, 5669714.0075], [6431012.2618, 5669722.9813], [6431008.885, 5669728.7305], [6431003.5592, 5669737.798], [6431001.5473, 5669741.223300001], [6430999.6865, 5669744.3915], [6430998.801, 5669745.899], [6430999.192, 5669746.437999999], [6430999.7334, 5669747.1843], [6431000.1975, 5669747.8243], [6431000.334, 5669748.0123], [6431000.3824, 5669748.0791], [6431001.9456, 5669750.234099999], [6431003.162, 5669751.911], [6431005.135, 5669756.319], [6430998.644, 5669757.853], [6430998.6501, 5669757.8664], [6430998.6671, 5669757.9034], [6430998.6843, 5669757.9421999995], [6430998.686, 5669757.945800001], [6430998.7022, 5669757.983999999], [6430998.7393, 5669758.0692], [6430998.753, 5669758.1], [6430998.7931, 5669758.1910999995], [6430998.8006, 5669758.2081], [6430998.8592, 5669758.3411], [6430998.8636, 5669758.3509], [6430998.9256, 5669758.4915], [6430998.9307, 5669758.5032], [6430998.9935, 5669758.645500001], [6430998.9975, 5669758.6546], [6430999.0516, 5669758.7772], [6430999.0565, 5669758.7884], [6430999.0611, 5669758.798800001], [6430999.1734, 5669759.0535], [6430999.1952, 5669759.103], [6430999.3029, 5669759.347200001], [6430999.3254, 5669759.3982], [6430999.4471, 5669759.6742], [6430999.4557, 5669759.693600001], [6430999.5164, 5669759.8313], [6430999.5752, 5669759.9647], [6430999.59, 5669759.998299999], [6431000.1203, 5669761.2006], [6431000.2475, 5669761.4891], [6431000.8396, 5669762.831700001], [6431000.8743, 5669762.910499999], [6431001.4837, 5669764.292199999], [6431001.5631, 5669764.4723000005], [6431002.1645, 5669765.836100001], [6431002.2657, 5669766.0655000005], [6431002.7723, 5669767.214299999], [6431002.8733, 5669767.443399999], [6431002.931, 5669767.574200001], [6431003.1475, 5669768.065199999], [6431004.5271, 5669771.193600001], [6431004.7916, 5669771.793400001], [6431006.3053, 5669775.2259], [6431006.5328, 5669775.741599999], [6431007.1266, 5669777.088300001], [6431011.5484, 5669787.1152], [6431012.911, 5669790.205], [6431013.09, 5669790.6109], [6431016.9858, 5669799.444800001], [6431020.195, 5669806.721999999], [6431020.5205, 5669807.396299999], [6431020.7411, 5669807.8533], [6431022.2763, 5669811.033399999], [6431022.3054, 5669811.093800001], [6431023.9355, 5669814.4705], [6431024.2765, 5669815.176999999], [6431024.7042, 5669816.062899999], [6431025.5063, 5669817.7245000005], [6431025.7452, 5669818.2194], [6431028.8047, 5669824.5571], [6431030.1432, 5669827.3299], [6431031.7909, 5669830.743100001], [6431032.0366, 5669831.251700001], [6431032.7473, 5669832.7238], [6431032.7764, 5669832.784], [6431034.0899, 5669835.5056], [6431034.836, 5669837.051100001], [6431035.0197, 5669837.4318], [6431035.359, 5669838.1336], [6431035.4361, 5669838.294299999], [6431035.7146, 5669838.869899999], [6431035.732, 5669838.9070999995], [6431035.7349, 5669838.9134], [6431035.7457, 5669838.9366], [6431036.4554, 5669840.4057], [6431036.7857, 5669841.0901999995], [6431037.2549, 5669842.062000001], [6431037.48, 5669842.5283], [6431038.1285, 5669843.8717], [6431038.4005, 5669844.4351], [6431039.0482, 5669845.776699999], [6431039.2128, 5669846.117799999], [6431039.6127, 5669846.9462], [6431040.0981, 5669847.9516], [6431040.1792, 5669848.1197], [6431041.0266, 5669849.8751], [6431041.1296, 5669850.088400001], [6431041.2889, 5669850.418500001], [6431042.5018, 5669852.9311], [6431042.7813, 5669853.5099], [6431043.9426, 5669855.9156], [6431044.2244, 5669856.499500001], [6431044.7357, 5669857.558700001], [6431045.4025, 5669858.9398], [6431045.6557, 5669859.464500001], [6431045.6934, 5669859.5427], [6431046.097, 5669860.3785999995], [6431047.395, 5669863.067299999], [6431047.9876, 5669864.2949], [6431050.0848, 5669868.6394], [6431050.7276, 5669869.970899999], [6431052.3954, 5669873.4257], [6431052.7441, 5669874.1481], [6431053.1842, 5669875.059900001], [6431055.3328, 5669879.510600001], [6431057.8077, 5669884.637499999], [6431058.893, 5669886.8857], [6431063.1721, 5669895.75], [6431064.3709, 5669898.2334], [6431066.405, 5669902.447000001], [6431068.5776, 5669908.086200001], [6431069.0607, 5669909.3399], [6431071.5593, 5669915.825300001], [6431072.2474, 5669917.611300001], [6431073.5731, 5669921.052200001], [6431073.699, 5669921.378900001], [6431073.877, 5669921.841], [6431074.7309, 5669924.0572], [6431074.9267, 5669924.5655000005], [6431076.7571, 5669929.316400001], [6431077.0127, 5669929.979800001], [6431078.9402, 5669934.982799999], [6431079.5217, 5669936.492000001], [6431079.9001, 5669937.474099999], [6431081.8948, 5669942.6515], [6431082.6142, 5669944.5188], [6431082.79, 5669944.975], [6431085.8021, 5669950.3138], [6431086.6818, 5669951.8729], [6431089.7908, 5669957.3835], [6431090.5692, 5669958.7632], [6431094.5196, 5669965.765000001], [6431095.371, 5669967.274], [6431100.439, 5669976.256999999], [6431101.6746, 5669978.006899999], [6431102.4162, 5669979.0572], [6431104.122, 5669981.472999999], [6431108.424, 5669987.450999999], [6431117.1767, 5669999.614600001], [6431117.454, 5670000], [6431118.9068, 5670002.0195], [6431119.918, 5670003.425000001], [6431120.4769, 5670004.354900001], [6431120.6312, 5670004.6116], [6431122.6171, 5670007.9154], [6431129.6189, 5670019.564200001], [6431129.983, 5670020.1699], [6431131.5014, 5670022.6961], [6431132.6651, 5670024.632200001], [6431137.5111, 5670032.694499999], [6431137.8825, 5670033.3124], [6431140.9421, 5670038.4026], [6431141.6522, 5670039.583900001], [6431142.9874, 5670041.805299999], [6431144.1864, 5670043.800000001], [6431146.0095, 5670046.8331], [6431150.0707, 5670053.5897], [6431150.577, 5670054.432], [6431151.5142, 5670055.819800001], [6431152.7265, 5670057.6149], [6431153.6959, 5670059.0505], [6431158.6106, 5670066.3281], [6431159.1687, 5670067.1545], [6431160.1862, 5670068.6613], [6431160.1928, 5670068.671], [6431160.7633, 5670069.515900001], [6431161.2485, 5670070.234200001], [6431163.3572, 5670073.356899999], [6431163.4001, 5670073.420399999], [6431164.1859, 5670074.584000001], [6431165.0287, 5670075.832], [6431165.5849, 5670076.6556], [6431165.6511, 5670076.753699999], [6431165.9369, 5670077.176899999], [6431166.5875, 5670078.1402], [6431166.7124, 5670078.325200001], [6431166.7445, 5670078.3728], [6431167.5278, 5670079.5327], [6431167.8952, 5670080.0768], [6431168.4252, 5670080.8616], [6431168.5728, 5670081.0801], [6431168.9172, 5670081.5901999995], [6431169.2588, 5670082.096000001], [6431169.5221, 5670082.4859], [6431169.8249, 5670082.9343], [6431170.1984, 5670083.487299999], [6431170.8257, 5670084.416300001], [6431170.9541, 5670084.6064], [6431171.3348, 5670085.17], [6431172.6463, 5670087.1121], [6431173.8437, 5670088.885199999], [6431174.8224, 5670090.3345], [6431175.2621, 5670090.9856], [6431176.5059, 5670092.827299999], [6431179.1909, 5670096.803300001], [6431180.0363, 5670098.055199999], [6431184.0861, 5670104.052200001], [6431185.0393, 5670105.4636], [6431186.6369, 5670107.829399999], [6431188.8162, 5670111.056399999], [6431189.1778, 5670111.5919], [6431189.9565, 5670112.744899999], [6431190.0434, 5670112.8736000005], [6431193.8489, 5670118.5088], [6431194.3019, 5670119.1796], [6431195.463, 5670120.899], [6431196.408, 5670122.362600001], [6431197.8478, 5670124.592599999], [6431198.4018, 5670125.4507], [6431199.4641, 5670127.096000001], [6431200, 5670127.926000001], [6431202.1148, 5670131.2015], [6431202.6631, 5670132.0507], [6431202.8141, 5670132.284499999], [6431203.1927, 5670132.870999999], [6431203.9466, 5670134.0386], [6431204.9276, 5670135.5581], [6431205.0561, 5670135.756999999], [6431205.92, 5670137.095000001], [6431205.99, 5670137.2234000005], [6431206.8708, 5670138.8386], [6431207.358, 5670139.732100001], [6431207.945, 5670140.808499999], [6431209.1504, 5670143.019099999], [6431209.2543, 5670143.2095], [6431209.5634, 5670143.7764], [6431210.0681, 5670144.7018], [6431210.2968, 5670145.121200001], [6431210.4697, 5670145.4384], [6431210.7036, 5670145.8672], [6431211.4663, 5670147.265900001], [6431211.5451, 5670147.4103999995], [6431211.5562, 5670147.4308], [6431211.7756, 5670147.8332], [6431212.6701, 5670149.4736], [6431212.7155, 5670149.5568], [6431213.0611, 5670150.1906], [6431213.1252, 5670150.3081], [6431213.641, 5670151.254000001], [6431213.8607, 5670151.805299999], [6431130.345, 5670210.7097], [6431088.0727, 5670240.512399999], [6431018.0548, 5670283.241], [6430984.7123, 5670303.885199999], [6430979.0093, 5670307.804300001], [6430953.5132, 5670312.3927], [6430866.0343, 5670327.810699999], [6430783.0678, 5670342.584100001], [6430746.3033, 5670349.0188], [6430742.1624, 5670383.720899999], [6430729.9515, 5670489.6249], [6430728.1609, 5670505.317500001], [6430727.3052, 5670509.145300001], [6430727.2606, 5670509.3445999995], [6430726.2805, 5670513.721000001], [6430725.5467, 5670517.2171], [6430721.4382, 5670536.7926], [6430719.2632, 5670547.156199999], [6430719.122, 5670547.8288], [6430715.4245, 5670565.344799999], [6430712.3927, 5670579.7074], [6430711.2214, 5670585.256200001], [6430708.8722, 5670596.385299999], [6430707.6861, 5670598.564099999], [6430704.301, 5670604.782500001], [6430694.3078, 5670623.139799999], [6430690.3011, 5670630.5001], [6430689.7885, 5670631.4416000005], [6430689.2208, 5670632.4844], [6430687.1423, 5670636.3027], [6430682.7493, 5670644.6205], [6430679.2655, 5670651.217], [6430669.3049, 5670670.0768], [6430665.2639, 5670677.7283], [6430655.189, 5670696.804500001], [6430652.1007, 5670702.6521000005], [6430647.3376, 5670711.6708], [6430643.0228, 5670719.8407000005], [6430640.9666, 5670723.6865], [6430640.7239, 5670724.1405], [6430639.1092, 5670727.160700001], [6430632.316, 5670739.866599999], [6430630.8844, 5670742.544199999], [6430628.8295, 5670746.387800001], [6430627.8766, 5670748.1702], [6430625.2223, 5670753.1347], [6430615.9983, 5670770.387399999], [6430615.2335, 5670771.8178], [6430611.7272, 5670778.376], [6430608.6718, 5670784.0907000005], [6430581.3084, 5670784.585899999], [6430579.5764, 5670784.6173], [6430494.6239, 5670786.1547], [6430385.1314, 5670788.1362], [6430319.5122, 5670789.3237], [6430187.7761, 5670791.707800001], [6430150.8424, 5670793.018999999], [6430038.2098, 5670797.0178], [6430037.134, 5670808.0723], [6430036.2085, 5670817.582599999], [6430034.7675, 5670832.3894], [6430034.2249, 5670837.965299999], [6430033.9599, 5670837.9724], [6430033.9599, 5670840.6883000005], [6430033.73, 5670843.050100001], [6430033.6937, 5670843.423599999], [6430033.5797, 5670844.5954], [6430033.548, 5670844.920499999], [6430033.3624, 5670846.8277], [6430033.2773, 5670847.702400001], [6430033.2429, 5670848.823100001], [6430033.2113, 5670849.8509], [6430033.132, 5670852.433499999], [6430032.9557, 5670858.176999999], [6430032.983, 5670858.5283], [6430033.821, 5670869.2936], [6430034.066, 5670872.4418], [6430034.2502, 5670885.861500001], [6430035.0271, 5670942.464], [6430035.2605, 5670959.467], [6430035.4289, 5670971.739800001], [6430035.4866, 5670975.9484], [6430035.6058, 5670984.634], [6430036.0597, 5671017.7190000005], [6430036.1017, 5671020.7863], [6430036.1323, 5671023.0141], [6430038.7036, 5671028.1556], [6430038.7194, 5671028.7985], [6430038.8411, 5671033.752900001], [6430039.5266, 5671061.6625], [6430039.7451, 5671070.557399999], [6430040.1518, 5671087.1951], [6430040.4953, 5671101.2497000005], [6430040.6087, 5671108.226], [6430041.1134, 5671139.2765], [6430041.2946, 5671151.621099999], [6430041.5585, 5671169.5995000005], [6430041.895, 5671192.5219], [6430048.9529, 5671192.976399999], [6430049.4111, 5671193.005899999], [6430052.224, 5671193.187000001], [6430057.445, 5671194.114], [6430061.583, 5671194.734999999], [6430082.892, 5671197.908], [6430082.9224, 5671197.912699999], [6430087.986, 5671198.6899999995], [6430099.8028, 5671200.5031], [6430105.375, 5671201.357999999], [6430126.547, 5671204.693], [6430135.0454, 5671205.999299999], [6430141.9148, 5671207.055299999], [6430148.568, 5671208.078], [6430174.948, 5671212.050000001], [6430179.4597, 5671212.725199999], [6430204.082, 5671216.41], [6430210.161, 5671217.306], [6430223.637, 5671219.294], [6430227.8747, 5671216.109099999], [6430228.87, 5671215.361], [6430244.574, 5671238.923], [6430248.63, 5671245.214], [6430250.293, 5671247.934], [6430258.09, 5671259.987], [6430256.329, 5671261.91], [6430255.898, 5671262.411], [6430255.503, 5671262.941], [6430255.142, 5671263.494999999], [6430254.819, 5671264.072000001], [6430254.535, 5671264.67], [6430254.2959, 5671265.2752], [6430256.97, 5671269.285], [6430265.6696, 5671282.3358], [6430273.8465, 5671294.602299999], [6430277.074, 5671299.444], [6430279.215, 5671302.847999999], [6430288.7724, 5671317.0492], [6430296.9794, 5671329.243799999], [6430308.8582, 5671346.894200001], [6430320.1361, 5671363.651799999], [6430324.72, 5671370.4629999995], [6430331.3756, 5671380.443499999], [6430339.3644, 5671392.4232], [6430357.5595, 5671419.707699999], [6430364.123, 5671429.550000001], [6430364.1714, 5671429.6184], [6430377.6723, 5671448.7061], [6430380.696, 5671452.981000001], [6430381.5324, 5671455.4267], [6430381.9195, 5671456.558700001], [6430382.675, 5671458.767999999], [6430389.1751, 5671465.839], [6430405.2389, 5671483.3137], [6430407.36, 5671485.620999999], [6430416.35, 5671494.1609000005], [6430436.0148, 5671512.8412], [6430447.1137, 5671523.384400001], [6430470.3295, 5671545.437999999], [6430478.7619, 5671553.448100001], [6430498.2938, 5671572.0022], [6430509.007, 5671582.179], [6430515.9075, 5671587.0515], [6430540.0087, 5671604.069700001], [6430551.8163, 5671612.407299999], [6430560.8047, 5671618.7541000005], [6430572.2417, 5671626.8299], [6430575.356, 5671629.028999999], [6430578.343, 5671631.203], [6430583.3494, 5671634.7095], [6430587.5332, 5671637.639900001], [6430591.8627, 5671640.6723], [6430593.8648, 5671642.0746], [6430598.2636, 5671645.1555], [6430603.1387, 5671648.5701], [6430606.331, 5671650.806], [6430609.7933, 5671653.7245000005], [6430616.5793, 5671659.444499999], [6430618.7506, 5671661.274700001], [6430620.9055, 5671663.0911], [6430628.4732, 5671669.470000001], [6430632.4266, 5671672.8024], [6430634.0932, 5671674.2072], [6430637.0414, 5671676.692299999], [6430642.1936, 5671681.0351], [6430646.3411, 5671684.531099999], [6430648.907, 5671686.694], [6430657.8774, 5671694.925799999], [6430659.2268, 5671696.164100001], [6430668.7256, 5671704.880799999], [6430671.4749, 5671707.4037], [6430682.2769, 5671717.316199999], [6430684.635, 5671719.4802], [6430691.1428, 5671725.452099999], [6430693.2872, 5671727.4199], [6430695.385, 5671729.345000001], [6430696.9138, 5671730.6927000005], [6430694.746, 5671733.210999999], [6430681.954, 5671810.6219999995], [6430673.82, 5671894.895], [6430667.733, 5671989.562000001], [6430666.9314, 5672004.0441], [6430672.844, 5672003.672], [6430697.642, 5672000.083000001], [6430712.996, 5671997.828], [6430742.409, 5671993.754000001], [6430831.249, 5671979.063999999], [6430845.1, 5671976.586999999], [6430901.072, 5672111.441], [6430934.044, 5672190.899], [6430941.812, 5672195.676000001], [6430943.16, 5672235.68], [6430943.837, 5672255.646], [6430945.852, 5672315.606000001], [6430947.877, 5672375.574999999], [6430949.373, 5672419.84], [6430898.173, 5672416.068], [6430867.543, 5672413.007999999], [6430836.383, 5672409.903000001], [6430835.184, 5672390.146], [6430805.672, 5672388.562999999], [6430752.614, 5672384.9629999995], [6430724.883, 5672382.547], [6430703.831, 5672380.901000001], [6430654.116, 5672376.751], [6430635.188, 5672375.369999999], [6430622.077, 5672374.5879999995], [6430608.914, 5672373.637], [6430592.957, 5672373.18], [6430533.966, 5672370.262], [6430486.0442, 5672367.977499999], [6430485.594, 5672367.956], [6430484.1594, 5672367.986300001], [6430478.4309, 5672368.1073], [6430475.7589, 5672368.163699999], [6430459.7492, 5672368.501800001], [6430457.7407, 5672368.544199999], [6430442.0555, 5672368.875499999], [6430440.1194, 5672368.9164], [6430424.0675, 5672369.2554], [6430421.4266, 5672369.3111000005], [6430416.935, 5672369.4059999995], [6430407.8936, 5672371.367799999], [6430404.5197, 5672372.0998], [6430391.8438, 5672374.850199999], [6430387.0968, 5672375.8802000005], [6430374.373, 5672378.641000001], [6430367.557, 5672384.794], [6430357.296, 5672392.249], [6430344.957, 5672403.108999999], [6430340.64, 5672405.911], [6430337.527, 5672413.899], [6430302.237, 5672413.366], [6430249.924, 5672412.677999999], [6430227.093, 5672412.774], [6430192.065, 5672412.346999999], [6430186.795, 5672362.947000001], [6430172.811, 5672358.635], [6430147.117, 5672356.835999999], [6430083.264, 5672352.936000001], [6430078.25, 5672354.2469999995], [6430078.619, 5672420.648], [6430077.855, 5672467.151000001], [6430077.303, 5672508.891000001], [6430077.238, 5672513.423], [6430074.583, 5672540.967], [6430072.161, 5672583.470000001], [6430068.275, 5672644.114], [6430068.2335, 5672644.6493999995], [6430068.27, 5672644.109999999], [6430067.7488, 5672644.241599999]]]}, "properties": {"OBJECTID": 26, "NROSIEDLA": 45, "NAZWAOSIEDLA": "Lipa Piotrowska", "SHAPE.AREA": 2886183.98990163, "SHAPE.LEN": 11077.0097153543, "DATA": 1453334400000}}, {"type": "Feature", "id": 27, "geometry": {"type": "Polygon", "coordinates": [[[6432377.6474, 5663680.509500001], [6432314.0873, 5663696.732999999], [6432173.8511, 5663701.2905], [6432144.3809, 5663702.218800001], [6432093.6912, 5663716.5777], [6432023.2325, 5663770.924900001], [6431804.9209, 5663941.2082], [6431656.1182, 5664043.0748], [6431509.2871, 5664120.409499999], [6431472.19, 5664128.639], [6431466.467, 5664128.478], [6431210.2322, 5664109.5065], [6431203.5398, 5664108.592], [6431195.8045, 5664107.5951000005], [6431190.1406, 5664106.8651], [6431182.6177, 5664105.8956], [6431173.9176, 5664104.657400001], [6431165.6293, 5664102.948899999], [6431153.7194, 5664100.494000001], [6431144.2149, 5664098.5349], [6431135.314, 5664096.700099999], [6431126.5753, 5664094.898800001], [6431121.197, 5664093.790200001], [6431109.26, 5664091.329700001], [6431104.2673, 5664090.116800001], [6431086.907, 5664085.693], [6431073.7219, 5664082.3332], [6431058.9956, 5664078.580600001], [6431039.1169, 5664073.5152], [6431028.6968, 5664070.8599], [6431022.0387, 5664069.1633], [6431014.741, 5664067.3037], [6431009.349, 5664065.9297], [6430979.0383, 5664058.4968], [6430942.4572, 5664043.4241], [6430901.9013, 5664026.1237], [6430858.2284, 5664007.4936], [6430822.8686, 5663993.1280000005], [6430777.2851, 5663975.5757], [6430737.0519, 5663960.0836], [6430735.185, 5663959.328199999], [6430404.2318, 5663830.467599999], [6430195.9446, 5663744.8748], [6430195.9568, 5663744.858899999], [6430190.4749, 5663742.6041], [6430180.1255, 5663738.3357], [6430193.0296, 5663720.9888], [6430219.5047, 5663685.3989], [6430229.6427, 5663673.6578], [6430246.2553, 5663657.6503], [6430269.8701, 5663634.8956], [6430286.8261, 5663618.5572], [6430311.9339, 5663594.3639], [6430341.6974, 5663570.7128], [6430368.495, 5663549.9332], [6430384.2855, 5663539.9353], [6430416.325, 5663517.2293], [6430456.7085, 5663498.022299999], [6430496.3036, 5663478.7739], [6430553.6649, 5663453.716499999], [6430593.4011, 5663436.764900001], [6430620.2941, 5663425.292300001], [6430654.4118, 5663410.952], [6430682.0875, 5663399.7939], [6430714.9508, 5663386.7859000005], [6430735.0865, 5663379.3747000005], [6430764.6371, 5663369.577400001], [6430785.5778, 5663362.744899999], [6430802.9989, 5663358.5538], [6430823.5527, 5663353.608899999], [6430842.2559, 5663349.109300001], [6430862.9069, 5663344.578299999], [6430883.2188, 5663340.669500001], [6430902.9229, 5663337.373199999], [6430916.0679, 5663336.1424], [6430935.6143, 5663334.250600001], [6430959.712, 5663333.4782], [6430986.1442, 5663333.013800001], [6431005.9683, 5663332.6654], [6431036.7016, 5663333.2382], [6431060.926, 5663334.4582], [6431079.3768, 5663336.1141], [6431100.098, 5663338.0589000005], [6431130.8659, 5663340.946599999], [6431156.5278, 5663343.3551], [6431183.6725, 5663346.0561], [6431218.4293, 5663350.511499999], [6431256.602, 5663355.4048], [6431300.9445, 5663361.089], [6431344.831, 5663366.7148], [6431371.5974, 5663369.9209], [6431398.2325, 5663372.4701000005], [6431435.5342, 5663376.040100001], [6431476.4593, 5663379.956900001], [6431513.1873, 5663381.132999999], [6431545.0834, 5663380.437899999], [6431559.328, 5663379.746300001], [6431567.6196, 5663378.8825], [6431576.5394, 5663377.953199999], [6431584.8915, 5663377.0831], [6431586.949, 5663376.829299999], [6431591.7815, 5663376.232999999], [6431605.1552, 5663374.225400001], [6431611.8761, 5663372.989399999], [6431620.374, 5663371.4267], [6431630.529, 5663369.5593], [6431640.3066, 5663367.761299999], [6431651.1202, 5663365.176899999], [6431652.0305, 5663364.9593], [6431651.3763, 5663364.1731], [6431650.0161, 5663362.5383], [6431647.632, 5663359.673], [6431647.1686, 5663358.988500001], [6431646.456, 5663357.936000001], [6431645.8796, 5663357.084000001], [6431657.8275, 5663352.2938], [6431918.8036, 5663256.264900001], [6431937.2392, 5663248.2666], [6432103.2671, 5663176.234999999], [6432205.1444, 5663129.620100001], [6432294.2577, 5663099.681299999], [6432294.5619, 5663099.5791], [6432296.534, 5663098.9165], [6432299.5285, 5663097.910499999], [6432483.4034, 5663038.3857], [6432496.618, 5663034.668400001], [6432504.9854, 5663032.3146], [6432515.3731, 5663029.3925], [6432522.444, 5663027.4034], [6432527.8038, 5663025.8958], [6432539.0584, 5663022.729800001], [6432547.9837, 5663020.2191], [6432555.5672, 5663018.085899999], [6432563.9346, 5663015.732100001], [6432571.4784, 5663013.827299999], [6432578.6175, 5663012.277000001], [6432587.5938, 5663010.3277], [6432596.1289, 5663008.474199999], [6432603.6442, 5663006.8421], [6432614.9279, 5663004.3917], [6432623.0145, 5663002.635600001], [6432630.1536, 5663001.0853], [6432635.1085, 5663000.009299999], [6432635.399, 5663001.2378], [6432643.7737, 5663024.407], [6432683.7313, 5663134.9529], [6432687.0153, 5663143.5437], [6432687.2219, 5663144.0912], [6432702.6814, 5663184.5669], [6432727.1901, 5663324.319], [6432778.0314, 5663585.0801], [6432790.5564, 5663623.0441], [6432796.6184, 5663641.418199999], [6432773.161, 5663634.140799999], [6432628.5484, 5663674.416999999], [6432558.1068, 5663697.910599999], [6432490.2361, 5663712.4769], [6432461.263, 5663689.586300001], [6432436.1087, 5663669.8281], [6432377.6474, 5663680.509500001]]]}, "properties": {"OBJECTID": 27, "NROSIEDLA": 2, "NAZWAOSIEDLA": "Przedmieście Świdnickie", "SHAPE.AREA": 1506738.62105381, "SHAPE.LEN": 6171.66211252226, "DATA": 1453334400000}}, {"type": "Feature", "id": 28, "geometry": {"type": "Polygon", "coordinates": [[[6437176.2735, 5667511.729599999], [6437174.6617, 5667511.817], [6437173.5037, 5667511.8599], [6437172.5803, 5667511.954399999], [6437171.3664, 5667512.1061], [6437170.1339, 5667512.252900001], [6437168.8398, 5667512.4235], [6437167.5529, 5667512.5755], [6437166.7175, 5667512.6819], [6437165.5874, 5667512.869000001], [6437164.6704, 5667513.077], [6437162.4853, 5667513.4693], [6437160.6988, 5667513.6351], [6437159.8804, 5667513.7238], [6437159.1811, 5667513.8738], [6437158.1302, 5667514.143300001], [6437156.6217, 5667514.4344], [6437155.6352, 5667514.658299999], [6437154.5238, 5667514.921499999], [6437153.5816, 5667515.1427], [6437152.2986, 5667515.4597], [6437151.1482, 5667515.707], [6437149.9433, 5667515.978499999], [6437149.0704, 5667516.195900001], [6437148.352, 5667516.4410999995], [6437147.3987, 5667516.7949], [6437146.3188, 5667517.1687], [6437144.5379, 5667517.793], [6437143.0516, 5667518.2158], [6437141.3848, 5667518.6456], [6437140.2753, 5667518.9376], [6437138.7451, 5667519.4267], [6437137.2983, 5667520.0908], [6437135.9029, 5667520.705], [6437134.1714, 5667521.429099999], [6437133.2435, 5667521.8133000005], [6437132.2741, 5667522.2763], [6437131.4739, 5667522.702500001], [6437129.8213, 5667523.561799999], [6437128.4233, 5667524.231000001], [6437126.9364, 5667524.8884], [6437125.8534, 5667525.400699999], [6437124.8374, 5667525.990599999], [6437123.4911, 5667526.903899999], [6437122.1432, 5667527.8434999995], [6437120.0701, 5667529.251800001], [6437118.4832, 5667530.327500001], [6437117.5472, 5667530.924000001], [6437116.59, 5667531.5622000005], [6437114.8107, 5667532.6537], [6437113.3501, 5667533.566500001], [6437112.1307, 5667534.385399999], [6437111.1485, 5667535.063100001], [6437110.4188, 5667535.648399999], [6437109.1387, 5667536.6787], [6437107.9151, 5667537.6282], [6437106.7862, 5667538.5524], [6437105.4531, 5667539.6873], [6437104.0624, 5667540.8396000005], [6437104.007, 5667540.887], [6437103.8739, 5667541.0714], [6437102.4332, 5667542.9113], [6437100.2672, 5667544.8858], [6437098.8783, 5667545.989399999], [6437097.2564, 5667547.111300001], [6437096.1334, 5667547.851500001], [6437094.8369, 5667548.663699999], [6437092.9414, 5667549.9231], [6437091.6913, 5667550.729599999], [6437090.5128, 5667551.5076], [6437089.8683, 5667551.980799999], [6437089.435, 5667552.3814], [6437088.431, 5667553.4201], [6437087.4015, 5667554.508400001], [6437086.4587, 5667555.498400001], [6437084.9559, 5667556.9506], [6437083.3575, 5667558.0627], [6437082.2491, 5667558.8083999995], [6437080.7661, 5667559.8347], [6437079.9444, 5667560.4275], [6437079.562, 5667560.753699999], [6437078.9603, 5667561.363399999], [6437077.5385, 5667562.7118999995], [6437076.2678, 5667563.6511], [6437075.4462, 5667564.275800001], [6437074.7445, 5667564.8726], [6437074.0284, 5667565.568299999], [6437072.9055, 5667566.7752], [6437071.7127, 5667567.889], [6437070.7156, 5667568.7787], [6437069.3535, 5667569.985400001], [6437068.0934, 5667571.1472], [6437066.8607, 5667572.2467], [6437065.4374, 5667573.4629999995], [6437064.3016, 5667574.3956], [6437063.638, 5667575.0184], [6437063.1256, 5667575.602499999], [6437060.85, 5667578.364399999], [6437059.2027, 5667580.0132], [6437057.6855, 5667581.2959], [6437056.3991, 5667582.3204], [6437055.5791, 5667582.9625], [6437054.1967, 5667584.145400001], [6437052.9145, 5667585.1471], [6437051.6797, 5667586.002], [6437050.8196, 5667586.6894000005], [6437049.8783, 5667587.474400001], [6437048.6164, 5667588.544], [6437047.6368, 5667589.349099999], [6437046.6313, 5667590.190400001], [6437045.6799, 5667590.9592], [6437044.7159, 5667591.7864], [6437043.6908, 5667592.705600001], [6437041.7829, 5667594.2697], [6437040.4391, 5667595.336200001], [6437039.5131, 5667595.968800001], [6437038.9312, 5667596.4552], [6437037.9321, 5667597.3411], [6437036.6853, 5667598.3091], [6437035.7554, 5667599.0638], [6437035.1607, 5667599.5868999995], [6437034.6722, 5667600.051200001], [6437034.0001, 5667600.7794], [6437033.3022, 5667601.466600001], [6437032.8017, 5667602.0177], [6437032.5697, 5667602.323999999], [6437032.1364, 5667603.075300001], [6437027.6158, 5667609.6127], [6437022.9499, 5667616.453], [6437018.0436, 5667629.9333], [6437006.1549, 5667667.577199999], [6437004.9665, 5667674.1866], [6436998.8888, 5667699.5989], [6436992.1291, 5667722.9485], [6436979.8885, 5667762.890000001], [6436972.344, 5667789.0647], [6436964.5081, 5667813.5671], [6436958.5609, 5667833.8912], [6436954.3685, 5667855.5329], [6436949.885, 5667881.923699999], [6436949.171, 5667888.6592999995], [6436948.8804, 5667891.3752], [6436946.1311, 5667916.9452], [6436944.92, 5667938.616], [6436943.3649, 5667948.7468], [6436932.1235, 5667988.1216], [6436930.7078, 5667990.910599999], [6436923.2148, 5668013.137499999], [6436917.4319, 5668032.9135], [6436912.9805, 5668042.7369], [6436898.3576, 5668069.728499999], [6436883.6131, 5668092.801999999], [6436864.8724, 5668117.3661], [6436848.7175, 5668137.869200001], [6436836.4255, 5668153.530300001], [6436821.2521, 5668174.6416], [6436804.5827, 5668221.872199999], [6436758.9853, 5668204.8715], [6436612.6255, 5668154.039799999], [6436461.883, 5668103.2611], [6436117.118, 5667985.0666000005], [6436093.7851, 5667977.6872000005], [6436061.2016, 5667966.7599], [6435797.0305, 5667874.2271], [6435750.7324, 5667858.0648], [6435744.1667, 5667855.8453], [6435733.7254, 5667852.3156], [6435733.9279, 5667850.770400001], [6435734.3908, 5667847.2389], [6435734.536, 5667846.130999999], [6435735.1147, 5667841.6993], [6435735.2495, 5667840.666999999], [6435736.0193, 5667834.771600001], [6435736.042, 5667834.5974], [6435736.5876, 5667830.4186], [6435736.8832, 5667828.1554000005], [6435737.6914, 5667821.965299999], [6435739.273, 5667809.853], [6435739.6489, 5667806.431700001], [6435739.6604, 5667806.327199999], [6435740.1833, 5667801.5681], [6435740.5146, 5667798.5518], [6435741.2484, 5667791.873299999], [6435742.7173, 5667778.503799999], [6435742.9388, 5667776.220899999], [6435743.3189, 5667772.3050999995], [6435745.241, 5667752.499], [6435746.8591, 5667733.7445], [6435747.493, 5667726.398], [6435748.117, 5667720.1821], [6435748.469, 5667716.676000001], [6435750.477, 5667696.657], [6435751.1608, 5667692.8596], [6435753.7211, 5667678.6424], [6435758.3642, 5667652.859099999], [6435758.863, 5667650.089], [6435760.2711, 5667636.7676], [6435761.2341, 5667627.6567], [6435761.6456, 5667618.603700001], [6435761.8233, 5667614.6951], [6435761.992, 5667610.983899999], [6435762.2263, 5667605.828600001], [6435762.205, 5667605.5252], [6435760.9056, 5667587.021400001], [6435747.4956, 5667536.873199999], [6435732.5636, 5667480.0702], [6435707.7151, 5667388.5638999995], [6435684.1816, 5667274.8815], [6435654.2411, 5667154.945], [6435622.6988, 5667033.445], [6435594.4557, 5666922.985200001], [6435559.71, 5666798.358100001], [6435531.5051, 5666691.0636], [6435513.2358, 5666620.055], [6435506.0652, 5666596.4186], [6435504.0015, 5666581.0199], [6435501.4085, 5666549.745999999], [6435498.4419, 5666487.276000001], [6435497.9961, 5666469.384400001], [6435484.4491, 5666249.6983], [6435492.6937, 5666249.046], [6435516.3629, 5666246.9778], [6435690.4245, 5666231.767899999], [6435836.3191, 5666216.856000001], [6435848.7205, 5666215.634500001], [6435985.1348, 5666202.197899999], [6436060.0665, 5666190.257200001], [6436147.6238, 5666168.2146000005], [6436220.0426, 5666145.3627], [6436271.9465, 5666124.8508], [6436401.5157, 5666066.264900001], [6436528.4215, 5665991.602299999], [6436611.2908, 5665928.9332], [6436699.0066, 5665854.512], [6436786.7385, 5665762.7227], [6436827.4596, 5665714.206499999], [6436867.4065, 5665656.734099999], [6437065.2179, 5665367.5315000005], [6437177.1446, 5665204.9036], [6437287.3292, 5665042.356799999], [6437380.75, 5664919.2294], [6437466.2315, 5664818.3881], [6437565.5337, 5664706.792199999], [6437569.666, 5664702.1483], [6437576.5682, 5664694.4856], [6437576.6545, 5664694.5622000005], [6437577.5841, 5664693.5252], [6437593.376, 5664707.756999999], [6437595.4539, 5664709.6087], [6437608.205, 5664720.971999999], [6437616.0746, 5664728.1163], [6437618.1218, 5664729.9748], [6437625.49, 5664736.664000001], [6437636.3014, 5664746.3577], [6437639.951, 5664749.630000001], [6437646.052, 5664754.82], [6437649.0724, 5664757.6095], [6437650.565, 5664758.988], [6437653.103, 5664761.309], [6437665.9584, 5664772.9355999995], [6437684.769, 5664789.948000001], [6437685.1187, 5664790.261700001], [6437686.402, 5664791.413000001], [6437692.5205, 5664796.8049], [6437692.585, 5664796.8618], [6437693.282, 5664797.476], [6437710.9762, 5664813.4366999995], [6437715.554, 5664817.566], [6437724.3263, 5664825.351600001], [6437728.8347, 5664829.3529], [6437728.8407, 5664829.358200001], [6437728.9104, 5664829.4201], [6437729.334, 5664829.796], [6437736.01, 5664835.801999999], [6437736.9369, 5664836.6358], [6437737.3198, 5664836.9803], [6437740.8266, 5664840.1351], [6437751.98, 5664850.169], [6437768.774, 5664864.0304000005], [6437797.4736, 5664884.5309], [6437831.5256, 5664904.6128], [6437878.6744, 5664929.0604], [6437905.8826, 5664950.434699999], [6437922.197, 5664972.596000001], [6437932.3338, 5664987.8134], [6437946.1359, 5665008.533299999], [6437948.5981, 5665012.229499999], [6437950.726, 5665015.424000001], [6437952.1045, 5665018.4341], [6437970.7623, 5665059.174699999], [6437976.4005, 5665071.486099999], [6437988.5808, 5665098.082599999], [6437994.273, 5665110.512], [6437997.008, 5665116.4835], [6438000.4323, 5665123.960000001], [6438021.7293, 5665170.458699999], [6438024.0372, 5665175.4975000005], [6438036.2225, 5665202.102299999], [6438039.1918, 5665208.585200001], [6438040.2708, 5665210.9410999995], [6438041.19, 5665212.948000001], [6438041.4609, 5665214.5747], [6438041.9352, 5665217.4223], [6438043.755, 5665228.347999999], [6438045.4081, 5665233.0857], [6438046.521, 5665236.275], [6438053.8344, 5665257.1863], [6438058.3604, 5665270.1274], [6438058.888, 5665271.636], [6438066.391, 5665289.196], [6438072.8636, 5665304.328600001], [6438077.7227, 5665315.6887], [6438078.34, 5665317.131999999], [6438083.9197, 5665331.6995], [6438089.2662, 5665345.6581], [6438096.2721, 5665363.948799999], [6438104.9205, 5665386.528000001], [6438112.902, 5665407.366], [6438113.3082, 5665408.557700001], [6438117.692, 5665421.419], [6438117.5562, 5665421.7139], [6438135.8138, 5665433.2633], [6438138.8201, 5665435.164999999], [6438139.2251, 5665436.2535], [6438144.1136, 5665449.3914], [6438144.4174, 5665449.981699999], [6438614.934, 5665910.817], [6438644.674, 5665929.9629999995], [6438657.08, 5665937.948999999], [6438665.769, 5665946.647], [6438685.3042, 5665966.203400001], [6438687.937, 5665968.839], [6438711.749, 5665989.027000001], [6438733.295, 5666006.174000001], [6438744.4237, 5666014.426200001], [6438750.279, 5666018.767999999], [6438768.4681, 5666033.2762], [6438786.91, 5666047.986], [6438797.133, 5666056.140000001], [6438814.9854, 5666070.379799999], [6438871.0514, 5666115.100400001], [6438914.9653, 5666150.127800001], [6438936.7296, 5666167.488], [6438965.2247, 5666190.2169], [6438979.161, 5666201.333000001], [6438981.55, 5666203.238500001], [6439008.4448, 5666224.691], [6439009.4392, 5666225.484200001], [6439031.7639, 5666243.291200001], [6439033.3533, 5666244.5591], [6439037.9005, 5666248.186000001], [6439046.4942, 5666255.0407], [6439060.3903, 5666266.1248], [6439080.1249, 5666281.866], [6439082.448, 5666283.7190000005], [6439087.2861, 5666287.8736000005], [6439113.5371, 5666310.416200001], [6439154.8786, 5666345.917400001], [6439156.0182, 5666346.896], [6439165.478, 5666355.0195], [6439172.9592, 5666361.4438000005], [6439155.399, 5666370.5919], [6439151.2724, 5666372.192399999], [6439146.9241, 5666374.227499999], [6439141.7191, 5666376.194], [6439132.1289, 5666381.243799999], [6439128.8473, 5666383.1570999995], [6439124.9252, 5666384.917199999], [6439121.0546, 5666386.928200001], [6439116.442, 5666389.4702], [6439111.2301, 5666393.1907], [6439105.8464, 5666397.3204], [6439101.1127, 5666401.5977], [6439097.0826, 5666405.326099999], [6439093.2236, 5666408.837300001], [6439089.2495, 5666413.759299999], [6439086.6925, 5666417.221000001], [6439083.2258, 5666421.574200001], [6439080.0774, 5666426.407], [6439076.5499, 5666432.0537], [6439075.004, 5666436.1863], [6439074.4147, 5666439.4781], [6439074.0681, 5666442.7962], [6439073.231, 5666445.453500001], [6439071.7331, 5666450.069700001], [6439070.0379, 5666454.3168], [6439066.3056, 5666463.1952], [6439064.969, 5666466.9792], [6439063.6047, 5666470.9235], [6439061.6853, 5666474.532], [6439059.67, 5666478.146], [6439056.2824, 5666484.034399999], [6439054.0986, 5666488.2259], [6439051.707, 5666492.205800001], [6439048.5443, 5666496.772600001], [6439046.0943, 5666500.623], [6439042.1753, 5666504.7564], [6439040.3799, 5666506.490900001], [6439038.7035, 5666508.2906], [6439036.2201, 5666509.317399999], [6439030.1974, 5666511.6809], [6439026.1077, 5666514.3423999995], [6439019.1928, 5666516.4953000005], [6439016.9232, 5666517.2019], [6438995.9369, 5666523.7357], [6438990.6294, 5666523.6414], [6438983.634, 5666521.036900001], [6438978.8493, 5666519.7567], [6438975.9998, 5666519.619899999], [6438971.266, 5666520.9714], [6438963.552, 5666524.0954], [6438962.4475, 5666524.5441], [6438951.7822, 5666526.230799999], [6438944.2175, 5666527.3771], [6438938.0259, 5666529.493799999], [6438933.6939, 5666531.130000001], [6438923.9174, 5666535.461100001], [6438920.0909, 5666536.770099999], [6438912.8922, 5666541.6239], [6438910.0176, 5666544.453400001], [6438909.8038, 5666544.751499999], [6438909.5811, 5666545.4197], [6438908.9127, 5666547.984200001], [6438905.0465, 5666555.1077], [6438902.2687, 5666558.325200001], [6438901.0613, 5666560.2149], [6438900.0165, 5666562.5614], [6438898.0805, 5666566.228700001], [6438896.5846, 5666569.470899999], [6438894.4424, 5666573.9275], [6438887.2957, 5666582.9726], [6438884.8436, 5666586.6908], [6438883.1469, 5666590.7806], [6438879.6337, 5666597.2645], [6438874.3939, 5666606.8608], [6438872.7271, 5666609.616900001], [6438869.1623, 5666616.0293000005], [6438866.7856, 5666619.3665], [6438865.026, 5666621.982799999], [6438863.5772, 5666625.6358], [6438861.1294, 5666629.0309], [6438860.2298, 5666630.7467], [6438859.0218, 5666634.696599999], [6438856.4911, 5666638.995999999], [6438854.689, 5666641.487500001], [6438852.2156, 5666645.6007], [6438849.3536, 5666649.747400001], [6438843.7872, 5666657.3146], [6438840.3856, 5666661.1842], [6438836.7319, 5666665.6657], [6438833.6047, 5666669.8321], [6438829.7999, 5666675.1578], [6438825.4905, 5666679.560799999], [6438822.7721, 5666682.0613], [6438820.2841, 5666684.8795], [6438818.0755, 5666687.0394], [6438813.5582, 5666692.536599999], [6438807.9026, 5666696.2469], [6438804.0091, 5666699.0309], [6438800.3049, 5666702.225400001], [6438795.6161, 5666705.566], [6438791.6016, 5666709.507300001], [6438782.0871, 5666715.730699999], [6438760.739, 5666730.4056], [6438749.3312, 5666736.4746], [6438737.4943, 5666742.397600001], [6438724.5671, 5666748.8814], [6438719.2873, 5666751.256999999], [6438713.8938, 5666752.705499999], [6438675.2646, 5666771.490900001], [6438647.4833, 5666788.6888999995], [6438635.027, 5666796.8651], [6438633.9017, 5666797.9803], [6438630.9778, 5666801.1998], [6438624.9479, 5666806.106000001], [6438617.8229, 5666812.829399999], [6438612.1261, 5666816.8347], [6438601.5202, 5666824.2618], [6438591.2751, 5666831.3445], [6438587.1848, 5666832.988], [6438586.1665, 5666833.8595], [6438581.6904, 5666838.239399999], [6438576.2092, 5666842.055500001], [6438569.9946, 5666846.8638], [6438567.1803, 5666848.1686], [6438567.1357, 5666848.196599999], [6438566.4535, 5666848.726299999], [6438565.7808, 5666849.2743999995], [6438565.0218, 5666849.919500001], [6438564.4784, 5666850.4888], [6438563.5146, 5666851.5055], [6438562.0793, 5666852.7555], [6438560.9799, 5666853.622199999], [6438559.8286, 5666854.5263], [6438558.3729, 5666855.5239], [6438557.1761, 5666856.1973], [6438556.5172, 5666856.603700001], [6438556.033, 5666856.959100001], [6438555.2937, 5666857.5331], [6438554.2536, 5666858.3543], [6438552.8557, 5666859.309900001], [6438551.8042, 5666859.9427000005], [6438551.0526, 5666860.402899999], [6438549.986, 5666861.146299999], [6438548.7714, 5666862.0254999995], [6438547.9106, 5666862.6764], [6438546.2684, 5666863.8334], [6438544.8054, 5666864.7281], [6438543.8244, 5666865.3157], [6438542.2118, 5666866.2949], [6438540.9995, 5666866.981699999], [6438539.5608, 5666867.7708], [6438538.0762, 5666868.5527], [6438537.0934, 5666869.0441], [6438535.9552, 5666869.683599999], [6438534.109, 5666870.935900001], [6438533.2676, 5666871.5978], [6438532.5004, 5666872.2882], [6438531.5414, 5666873.227700001], [6438530.2264, 5666874.4279], [6438528.4534, 5666875.8477], [6438527.4166, 5666876.6196], [6438526.0665, 5666877.6094], [6438524.7744, 5666878.4803], [6438523.6437, 5666879.183800001], [6438522.4371, 5666879.882999999], [6438521.4775, 5666880.4473], [6438520.4078, 5666881.071900001], [6438519.4225, 5666881.6548999995], [6438518.4518, 5666882.306], [6438517.5096, 5666882.9639], [6438516.7118, 5666883.591399999], [6438515.9656, 5666884.2349], [6438514.7374, 5666885.2918], [6438513.471, 5666886.3214], [6438512.4046, 5666887.217499999], [6438511.2261, 5666888.2574000005], [6438510.0971, 5666889.2136], [6438509.5867, 5666889.675899999], [6438508.8047, 5666890.5155], [6438507.4595, 5666891.894099999], [6438506.0439, 5666893.273600001], [6438504.8328, 5666894.2961], [6438504.2698, 5666894.725400001], [6438503.6525, 5666895.330499999], [6438502.8182, 5666896.1765], [6438501.6333, 5666897.247199999], [6438500.6838, 5666898.003699999], [6438500.2846, 5666898.371300001], [6438499.6584, 5666899.014799999], [6438498.7865, 5666899.898], [6438497.4723, 5666901.154100001], [6438496.7098, 5666901.833900001], [6438496.1493, 5666902.394400001], [6438495.782, 5666902.82], [6438495.4958, 5666903.227399999], [6438495.0132, 5666903.964], [6438494.4399, 5666904.853700001], [6438493.3478, 5666906.5317], [6438491.9812, 5666908.164100001], [6438490.7883, 5666909.2585], [6438490.093, 5666909.920700001], [6438489.2526, 5666910.7611], [6438488.6297, 5666911.317600001], [6438488.4544, 5666911.508400001], [6438488.1582, 5666911.9662], [6438487.6889, 5666912.776000001], [6438486.9295, 5666914.0035], [6438486.3638, 5666914.948799999], [6438485.8468, 5666915.956700001], [6438485.0717, 5666917.4156], [6438483.8452, 5666919.151699999], [6438483.2362, 5666919.8215], [6438483.0687, 5666920.1425], [6438482.7258, 5666920.9198], [6438482.5091, 5666921.5699000005], [6438482.0609, 5666922.8619], [6438481.3643, 5666924.5253], [6438480.7542, 5666925.7336], [6438480.2036, 5666926.7917], [6438479.5965, 5666927.9309], [6438479.1321, 5666928.986400001], [6438478.7636, 5666929.9416000005], [6438478.2876, 5666931.330499999], [6438477.5927, 5666933.2359], [6438476.8916, 5666934.967], [6438476.3197, 5666936.6303], [6438475.7599, 5666938.041200001], [6438475.3525, 5666939.086200001], [6438475.0292, 5666939.9956], [6438474.747, 5666940.8213], [6438474.4689, 5666941.7535], [6438474.1471, 5666942.978399999], [6438473.5441, 5666944.917199999], [6438473.0704, 5666946.1127], [6438472.7855, 5666946.9232], [6438472.4745, 5666947.8816], [6438472.0098, 5666949.275800001], [6438471.3371, 5666951.269300001], [6438470.454, 5666953.2597], [6438469.783, 5666954.6252999995], [6438469.505, 5666955.213400001], [6438469.213, 5666955.9713], [6438468.7882, 5666957.1263], [6438468.5117, 5666957.8518], [6438468.2154, 5666958.8565], [6438468.0005, 5666959.784600001], [6438467.6054, 5666961.345899999], [6438467.169, 5666962.7828], [6438466.8948, 5666963.771400001], [6438466.7246, 5666964.629000001], [6438466.6285, 5666965.2425], [6438466.603, 5666965.8421], [6438466.5763, 5666967.3478999995], [6438466.3042, 5666969.330800001], [6438465.834, 5666971.0956], [6438465.5359, 5666972.410800001], [6438465.2615, 5666973.7454], [6438465.1245, 5666974.636600001], [6438465.0012, 5666976.0929000005], [6438464.456, 5666978.513900001], [6438463.8504, 5666980.3561], [6438463.4262, 5666981.627599999], [6438463.2084, 5666982.3388], [6438463.07, 5666982.964299999], [6438462.8439, 5666984.296399999], [6438462.6654, 5666985.460999999], [6438462.3703, 5666987.062999999], [6438461.9852, 5666988.4575], [6438461.5153, 5666990.139599999], [6438461.3837, 5666990.9749], [6438461.1507, 5666992.3824000005], [6438460.9274, 5666993.906099999], [6438460.6261, 5666995.6633], [6438460.2795, 5666997.1041], [6438460.0905, 5666998.0448], [6438459.8546, 5666999.3035], [6438459.5153, 5667000.831499999], [6438459.1553, 5667002.2202], [6438458.8155, 5667003.554], [6438458.3681, 5667005.093900001], [6438458.0111, 5667006.143999999], [6438457.7748, 5667006.9186], [6438457.6208, 5667007.6273], [6438457.4087, 5667008.709000001], [6438457.1311, 5667009.969900001], [6438456.8353, 5667011.192600001], [6438456.6134, 5667012.2223000005], [6438456.0647, 5667014.8736000005], [6438455.6903, 5667016.2763], [6438455.3891, 5667017.264799999], [6438455.2054, 5667018], [6438455.0069, 5667018.946799999], [6438454.7221, 5667020.228], [6438454.2208, 5667022.1259], [6438453.8252, 5667023.412799999], [6438453.5451, 5667024.3563], [6438453.3635, 5667025.1086], [6438453.2256, 5667025.8507], [6438453.1086, 5667026.6919], [6438452.9676, 5667028.019300001], [6438452.5673, 5667030.125399999], [6438451.9494, 5667031.9087000005], [6438451.5675, 5667033.0481], [6438451.2317, 5667034.147700001], [6438450.8912, 5667035.3488], [6438450.6154, 5667036.313100001], [6438450.0231, 5667038.433499999], [6438449.2592, 5667040.437100001], [6438448.7355, 5667041.718], [6438448.3208, 5667042.778899999], [6438448.0173, 5667043.7509], [6438447.9154, 5667044.1983], [6438447.7509, 5667045.2268], [6438447.6309, 5667046.840299999], [6438446.9581, 5667049.3774999995], [6438446.5582, 5667050.548800001], [6438446.3847, 5667051.162900001], [6438446.0232, 5667052.698899999], [6438445.3367, 5667054.9366999995], [6438444.5678, 5667057.0042], [6438443.9032, 5667058.7213], [6438443.4939, 5667059.8345], [6438443.1467, 5667060.9431], [6438442.9468, 5667061.8904], [6438442.8014, 5667063.077500001], [6438442.6445, 5667064.748400001], [6438442.2997, 5667066.7597], [6438441.6948, 5667068.4858], [6438441.3857, 5667069.4288], [6438440.9855, 5667070.779200001], [6438440.6564, 5667071.8103], [6438440.4396, 5667072.619000001], [6438440.2033, 5667073.634400001], [6438439.8805, 5667074.9098000005], [6438439.4364, 5667076.388800001], [6438439.2162, 5667077.2782000005], [6438438.9069, 5667078.488], [6438438.6677, 5667079.6008], [6438438.2841, 5667081.036], [6438438.1784, 5667081.3531], [6438438.093, 5667082.4562], [6438437.3805, 5667084.953500001], [6438436.7144, 5667086.361], [6438436.4822, 5667086.9936], [6438436.2138, 5667087.8905], [6438435.8803, 5667089.082599999], [6438435.4842, 5667090.238299999], [6438435.111, 5667091.3474], [6438434.286, 5667093.6752], [6438433.848, 5667094.773], [6438433.4663, 5667095.8071], [6438433.1136, 5667096.637], [6438432.8232, 5667097.6051], [6438432.1883, 5667099.2545], [6438431.7684, 5667100.230699999], [6438431.4038, 5667101.1436], [6438431.1278, 5667101.8562], [6438430.7374, 5667103.083000001], [6438430.1225, 5667104.793199999], [6438429.7104, 5667105.7304], [6438429.5359, 5667106.2127], [6438429.281, 5667107.3595], [6438428.4874, 5667109.5945], [6438427.8496, 5667110.7674], [6438427.7825, 5667110.9374], [6438427.6137, 5667111.511499999], [6438427.5143, 5667112.243000001], [6438427.1216, 5667114.077099999], [6438426.3762, 5667116.101], [6438425.6431, 5667117.7205], [6438424.8899, 5667119.1622], [6438424.423, 5667120.1327], [6438424.1034, 5667120.793], [6438423.7617, 5667121.6504], [6438423.5444, 5667122.361], [6438423.116, 5667123.704299999], [6438422.6452, 5667124.9823], [6438421.9156, 5667126.7272], [6438421.2364, 5667128.1570999995], [6438420.9729, 5667128.689300001], [6438420.6029, 5667129.7403], [6438419.7941, 5667131.3741], [6438419.0298, 5667132.732999999], [6438417.9333, 5667134.5272], [6438416.7211, 5667135.906099999], [6438415.6507, 5667137.2464000005], [6438413.6932, 5667138.9147], [6438411.6117, 5667140.1735], [6438409.9069, 5667140.9585], [6438408.1043, 5667141.616], [6438406.639, 5667142.0492], [6438405.1465, 5667142.4585], [6438404.177, 5667142.677300001], [6438403.6314, 5667142.8824000005], [6438402.853, 5667143.2609], [6438401.7692, 5667143.779200001], [6438400.4912, 5667144.4299], [6438398.2779, 5667145.313100001], [6438395.4522, 5667145.7655], [6438393.8524, 5667145.837300001], [6438393.4581, 5667145.8763999995], [6438392.7917, 5667146.044399999], [6438390.1641, 5667146.585000001], [6438388.9813, 5667146.454600001], [6438387.3033, 5667146.7597], [6438376.2436, 5667148.870100001], [6438361.2284, 5667152.197899999], [6438359.5192, 5667152.549000001], [6438358.5525, 5667152.800000001], [6438357.3457, 5667153.071699999], [6438356.2619, 5667153.3364], [6438354.6585, 5667153.708799999], [6438353.1168, 5667153.9202], [6438352.1036, 5667154.0756], [6438351.1364, 5667154.25], [6438349.8394, 5667154.497099999], [6438348.4736, 5667154.6557], [6438347.594, 5667154.7654], [6438347.0618, 5667154.861500001], [6438346.5973, 5667155.0187], [6438345.2168, 5667155.500600001], [6438343.4917, 5667155.9254], [6438342.0681, 5667156.2689], [6438340.992, 5667156.58], [6438339.7599, 5667156.9583], [6438338.2655, 5667157.351500001], [6438336.8665, 5667157.644300001], [6438335.7014, 5667157.8572], [6438334.7601, 5667158.0231], [6438332.0792, 5667158.5693], [6438331.2438, 5667158.732100001], [6438330.5403, 5667158.9099], [6438329.729, 5667159.130999999], [6438328.9448, 5667159.3774999995], [6438327.8017, 5667159.7764], [6438326.1059, 5667160.2828], [6438324.8551, 5667160.6382], [6438323.1513, 5667161.1908], [6438321.1233, 5667161.6229], [6438319.4414, 5667161.865599999], [6438318.061, 5667162.0265], [6438316.8126, 5667162.1522], [6438315.4092, 5667162.4024], [6438314.3581, 5667162.567299999], [6438313.5928, 5667162.7116], [6438312.347, 5667163.020400001], [6438310.9697, 5667163.3114], [6438309.9797, 5667163.568299999], [6438308.9134, 5667163.887499999], [6438307.7006, 5667164.203199999], [6438306.602, 5667164.5254], [6438305.3491, 5667164.933499999], [6438303.8173, 5667165.4122], [6438302.4889, 5667165.7499], [6438301.2208, 5667166.0934999995], [6438300.0615, 5667166.4802], [6438298.6197, 5667166.9494], [6438297.2692, 5667167.329299999], [6438296.1259, 5667167.5989], [6438295.319, 5667167.807399999], [6438294.559, 5667168.044199999], [6438293.3292, 5667168.456499999], [6438291.9602, 5667168.938999999], [6438290.8711, 5667169.3303], [6438289.6913, 5667169.7645], [6438288.2599, 5667170.3093], [6438286.8208, 5667170.7993], [6438285.9907, 5667171.071], [6438285.1327, 5667171.3937], [6438284.2248, 5667171.7772], [6438283.0674, 5667172.305400001], [6438282.0853, 5667172.7497000005], [6438281.2029, 5667173.1757], [6438280.6226, 5667173.506899999], [6438279.7636, 5667174.0825], [6438278.2332, 5667175.024900001], [6438276.2172, 5667175.990700001], [6438274.842, 5667176.568299999], [6438273.09, 5667177.198000001], [6438271.0653, 5667177.829399999], [6438270.92, 5667177.934800001], [6438270.254, 5667178.482100001], [6438269.6106, 5667179.068299999], [6438268.5631, 5667180.0934999995], [6438267.0226, 5667181.3947], [6438265.5009, 5667182.4015], [6438264.1301, 5667183.1559999995], [6438263.8075, 5667183.3235], [6438263.5384, 5667183.544600001], [6438262.6962, 5667184.224400001], [6438262.1607, 5667184.660800001], [6438261.7352, 5667185.0714], [6438261.259, 5667185.5856], [6438260.5635, 5667186.407199999], [6438259.4174, 5667187.709799999], [6438258.2401, 5667188.9169], [6438256.773, 5667190.179400001], [6438256.015, 5667190.839], [6438255.3303, 5667191.4614], [6438254.7105, 5667192.041200001], [6438254.1097, 5667192.642000001], [6438253.3666, 5667193.4037], [6438252.5353, 5667194.270099999], [6438251.829, 5667195.0701], [6438250.9763, 5667196.0462], [6438250.4082, 5667196.745100001], [6438249.7719, 5667197.6406], [6438249.3142, 5667198.2576], [6438249.074, 5667198.702199999], [6438248.5941, 5667199.710999999], [6438247.9564, 5667200.9079], [6438247.5601, 5667201.5876], [6438247.1455, 5667202.5079], [6438246.6272, 5667203.513499999], [6438246.1216, 5667204.6066], [6438245.206, 5667206.3685], [6438244.2096, 5667207.916999999], [6438243.3656, 5667209.1327], [6438242.5404, 5667210.2831999995], [6438241.8384, 5667211.194800001], [6438241.2242, 5667212.0068], [6438240.7132, 5667212.7886], [6438239.9899, 5667213.780300001], [6438239.3185, 5667214.786599999], [6438238.8523, 5667215.571], [6438238.2151, 5667216.592599999], [6438237.6147, 5667217.543299999], [6438236.8725, 5667218.7096], [6438236.1464, 5667219.811000001], [6438234.9885, 5667221.419199999], [6438233.3704, 5667223.0878], [6438232.1353, 5667224.151000001], [6438231.5951, 5667224.627699999], [6438222.1812, 5667234.595899999], [6438210.5403, 5667248.725500001], [6438199.3674, 5667262.572000001], [6438193.2788, 5667269.374500001], [6438182.9485, 5667282.786], [6438174.0371, 5667293.2458999995], [6438167.0807, 5667301.2565], [6438160.2611, 5667308.3028], [6438151.9128, 5667318.646500001], [6438141.912, 5667330.6844999995], [6438132.9334, 5667341.539799999], [6438123.6862, 5667350.8412999995], [6438113.066, 5667360.511600001], [6438104.2695, 5667368.724099999], [6438095.5397, 5667374.8266], [6438081.507, 5667385.1099], [6438066.8433, 5667394.876700001], [6438052.5888, 5667405.167199999], [6438038.2802, 5667416.7793000005], [6438021.1034, 5667428.849400001], [6438003.6691, 5667441.665200001], [6437983.9854, 5667456.57], [6437970.5151, 5667466.1839000005], [6437953.6903, 5667474.727399999], [6437938.9241, 5667481.9168], [6437929.3756, 5667486.0955], [6437923.7172, 5667486.6691], [6437916.7509, 5667486.0648], [6437909.7169, 5667484.8484000005], [6437902.2945, 5667482.425000001], [6437891.7856, 5667478.863399999], [6437884.156, 5667475.5447], [6437877.4966, 5667471.895500001], [6437867.4026, 5667462.7434], [6437857.8939, 5667454.3313], [6437842.4821, 5667437.9311], [6437818.7571, 5667414.8189], [6437815.2529, 5667411.8278], [6437805.3738, 5667402.910800001], [6437796.6727, 5667395.9321], [6437790.3104, 5667388.459899999], [6437786.4587, 5667382.035599999], [6437783.197, 5667378.751599999], [6437777.2255, 5667374.311799999], [6437772.8791, 5667372.144099999], [6437764.2264, 5667365.646], [6437757.6471, 5667361.232799999], [6437747.0366, 5667351.544199999], [6437735.0765, 5667342.029999999], [6437721.5877, 5667334.4213], [6437711.0654, 5667329.288000001], [6437700.4711, 5667324.134199999], [6437690.1456, 5667319.6357], [6437674.7759, 5667316.2851], [6437660.9556, 5667314.9779], [6437648.9226, 5667314.0799], [6437624.114, 5667312.6533], [6437603.7314, 5667312.412799999], [6437587.3165, 5667311.285], [6437583.7656, 5667310.736400001], [6437581.8293, 5667311.2097], [6437572.9912, 5667311.4606], [6437548.499, 5667310.693], [6437530.0738, 5667311.574899999], [6437515.8076, 5667314.763900001], [6437507.7686, 5667317.1555], [6437496.6239, 5667322.604599999], [6437485.0114, 5667330.2972], [6437471.1378, 5667341.623199999], [6437462.5234, 5667350.1558], [6437455.4661, 5667361.7269], [6437447.4689, 5667375.351600001], [6437438.0662, 5667391.8836], [6437429.9083, 5667406.7347], [6437423.7269, 5667415.992900001], [6437417.1146, 5667426.0879], [6437407.5339, 5667442.103499999], [6437398.8957, 5667457.2815000005], [6437390.6947, 5667468.7936], [6437379.4775, 5667485.0526], [6437370.7229, 5667499.6765], [6437365.7361, 5667507.5044], [6437360.3863, 5667515.664899999], [6437352.7988, 5667525.5689], [6437347.654, 5667531.071599999], [6437340.6278, 5667537.206700001], [6437333.619, 5667541.7815000005], [6437326.4854, 5667544.7652], [6437319.1871, 5667547.319700001], [6437307.7785, 5667549.7675], [6437300.0688, 5667550.182], [6437287.5008, 5667549.0679], [6437279.2933, 5667547.752900001], [6437271.2229, 5667545.1183], [6437259.3907, 5667540.7236], [6437249.4296, 5667536.273800001], [6437240.207, 5667531.7083], [6437231.2093, 5667527.5265], [6437228.5339, 5667526.1206], [6437224.4461, 5667524.0417], [6437214.9294, 5667518.632300001], [6437204.7598, 5667515.4471], [6437188.7515, 5667512.6709], [6437187.7839, 5667512.508300001], [6437186.7914, 5667512.3628], [6437185.4575, 5667512.1963], [6437184.5949, 5667512.0956], [6437183.3412, 5667511.989], [6437182.3021, 5667511.909], [6437181.2689, 5667511.8214], [6437179.698, 5667511.758199999], [6437178.6541, 5667511.714], [6437177.2342, 5667511.705600001], [6437176.2735, 5667511.729599999]]]}, "properties": {"OBJECTID": 28, "NROSIEDLA": 38, "NAZWAOSIEDLA": "Kowale", "SHAPE.AREA": 6429978.46088671, "SHAPE.LEN": 11449.6087207125, "DATA": 1453334400000}}, {"type": "Feature", "id": 29, "geometry": {"type": "Polygon", "coordinates": [[[6432865.2707, 5665020.173], [6432808.8675, 5665073.0156], [6432747.6365, 5665142.2204], [6432704.072, 5665180.3248], [6432688.3675, 5665186.5294], [6432606.9223, 5665162.429500001], [6432494.9348, 5665085.4717999995], [6432385.8044, 5664997.66], [6432427.7436, 5664880.1689], [6432366.417, 5664858.278000001], [6432346.5883, 5664850.1073], [6432308.055, 5664828.982000001], [6432262.471, 5664804.7674], [6432240.8941, 5664793.305600001], [6432188.716, 5664765.588199999], [6432179.209, 5664760.538000001], [6432178.8388, 5664760.3992], [6432171.1379, 5664757.511700001], [6432170.1913, 5664757.1568], [6432168.9906, 5664756.706599999], [6432161.124, 5664753.756999999], [6432160.7379, 5664753.461200001], [6432153.0522, 5664747.571799999], [6432146.992, 5664742.927999999], [6432101.6164, 5664754.6239], [6432098.14, 5664755.52], [6432082.947, 5664758.2848000005], [6432066.4804, 5664761.281400001], [6432039.265, 5664766.233999999], [6432028.1774, 5664767.079399999], [6431990.4919, 5664769.9527], [6431961.333, 5664772.176000001], [6431929.081, 5664775.1833], [6431911.3284, 5664776.838500001], [6431850.45, 5664782.515000001], [6431849.6338, 5664782.732799999], [6431814.5966, 5664792.081900001], [6431800.2361, 5664795.913799999], [6431790.6791, 5664798.4639], [6431787.647, 5664799.273], [6431746.6514, 5664804.532400001], [6431718.0184, 5664808.205800001], [6431708.6043, 5664809.4136], [6431692.4647, 5664811.484200001], [6431688.1296, 5664812.0404], [6431679.7922, 5664813.109999999], [6431676.5605, 5664813.524599999], [6431675.809, 5664813.620999999], [6431675.0487, 5664813.987], [6431673.2917, 5664814.832800001], [6431672.812, 5664815.0638], [6431672.0428, 5664815.434], [6431671.6038, 5664815.645400001], [6431671.1847, 5664815.847100001], [6431668.7392, 5664817.0243999995], [6431666.9176, 5664806.3565], [6431665.814, 5664799.892999999], [6431665.5656, 5664798.484099999], [6431664.6339, 5664793.1982], [6431664.459, 5664792.206], [6431663.5619, 5664787.117000001], [6431663.2557, 5664785.3796999995], [6431662.3042, 5664779.9822], [6431661.5207, 5664775.5372], [6431660.8593, 5664771.785499999], [6431660.622, 5664770.438999999], [6431660.4981, 5664769.8291], [6431658.622, 5664760.5940000005], [6431658.5439, 5664760.361199999], [6431658.458, 5664760.105], [6431657.2073, 5664756.384], [6431654.871, 5664749.433], [6431649.249, 5664736.333000001], [6431663.5961, 5664730.175799999], [6431663.2589, 5664718.4793], [6431576.1202, 5664549.339299999], [6431524.5146, 5664431.130899999], [6431524.6175, 5664430.057499999], [6431536.3291, 5664307.9439], [6431509.2871, 5664120.409499999], [6431656.1182, 5664043.0748], [6431804.9209, 5663941.2082], [6432023.2325, 5663770.924900001], [6432093.6912, 5663716.5777], [6432144.3809, 5663702.218800001], [6432173.8511, 5663701.2905], [6432314.0873, 5663696.732999999], [6432377.6474, 5663680.509500001], [6432436.1087, 5663669.8281], [6432461.263, 5663689.586300001], [6432490.2361, 5663712.4769], [6432558.1068, 5663697.910599999], [6432628.5484, 5663674.416999999], [6432773.161, 5663634.140799999], [6432796.6184, 5663641.418199999], [6432806.067, 5663683.9191], [6432836.9988, 5663911.741900001], [6432850.34, 5663991.999399999], [6432863.5997, 5664011.9551], [6432890.908, 5664053.051000001], [6432891.0422, 5664053.211999999], [6432893.6882, 5664056.388499999], [6432896.7327, 5664060.043099999], [6432901.9151, 5664066.2641], [6432903.632, 5664068.325099999], [6432906.8275, 5664072.161], [6432909.759, 5664075.68], [6432914.045, 5664080.824999999], [6432914.8632, 5664081.5436], [6432920.9907, 5664086.924799999], [6432931.3877, 5664096.055600001], [6432938.7481, 5664102.5196], [6432953.3362, 5664115.331], [6432957.8667, 5664119.309800001], [6432970.1457, 5664130.0934], [6432976.7953, 5664135.9331], [6432988.9578, 5664146.614399999], [6432996.0082, 5664152.8061999995], [6433003.4649, 5664159.354800001], [6433009.302, 5664164.481000001], [6433009.8209, 5664165.876599999], [6433010.7488, 5664168.372099999], [6433013.4166, 5664175.5471], [6433013.9095, 5664176.8727], [6433014.9563, 5664179.687899999], [6433015.1719, 5664180.2678], [6433015.4029, 5664180.8891], [6433015.4494, 5664181.0142], [6433015.639, 5664181.524], [6433015.7724, 5664181.4923], [6433026.5981, 5664178.9234], [6433030.338, 5664178.036], [6433040.9564, 5664178.657], [6433042.3617, 5664178.7392], [6433064.5382, 5664180.0361], [6433066.7095, 5664180.150800001], [6433079.5153, 5664180.827], [6433084.5565, 5664181.0932], [6433096.7342, 5664181.736300001], [6433096.7242, 5664181.918400001], [6433100.6271, 5664182.1467], [6433101.4229, 5664182.1932], [6433124.3154, 5664183.532], [6433133.7771, 5664184.0854], [6433138.815, 5664184.380000001], [6433157.7793, 5664185.375700001], [6433177.2892, 5664186.4], [6433213.8181, 5664188.3179], [6433223.914, 5664188.847999999], [6433249.6872, 5664189.0308], [6433261.2845, 5664189.1131], [6433284.278, 5664189.2762], [6433289.8898, 5664189.316], [6433291.9283, 5664196.2717], [6433308.8664, 5664254.068], [6433349.7208, 5664345.497199999], [6433363.2166, 5664375.9659], [6433364.9308, 5664380.182499999], [6433368.7111, 5664389.2566], [6433371.8075, 5664396.6372], [6433373.4554, 5664400.3248], [6433374.9985, 5664403.9059], [6433376.6405, 5664407.579299999], [6433378.1884, 5664411.268200001], [6433379.8385, 5664414.8638], [6433381.4864, 5664418.552300001], [6433383.2272, 5664422.2234000005], [6433384.2559, 5664424.6099], [6433385.3912, 5664427.009099999], [6433386.5178, 5664429.488600001], [6433392.3741, 5664442.2237], [6433404.0801, 5664467.4848], [6433410.9834, 5664482.3705], [6433411.9326, 5664484.417199999], [6433415.9303, 5664493.0375], [6433417.6484, 5664496.7422], [6433418.5682, 5664498.7256000005], [6433420.4055, 5664502.6875], [6433436.6305, 5664537.8925], [6433440.6099, 5664546.473200001], [6433441.6733, 5664548.466700001], [6433452.9496, 5664573.080499999], [6433454.4925, 5664576.66], [6433456.1335, 5664580.2333], [6433460.7511, 5664591.2393], [6433461.0861, 5664592.0933], [6433461.9999, 5664593.9845], [6433462.7689, 5664596.421399999], [6433465.0706, 5664602.4432], [6433467.7508, 5664609.9779], [6433468.9968, 5664613.763900001], [6433470.335, 5664617.5262], [6433471.478, 5664621.395099999], [6433472.7239, 5664625.1809], [6433473.8604, 5664629.031199999], [6433477.3065, 5664641.566199999], [6433490.1064, 5664691.200099999], [6433492.9301, 5664702.437000001], [6433497.2457, 5664719.273499999], [6433498.5778, 5664724.7469999995], [6433499.4824, 5664728.113500001], [6433500.2215, 5664730.703400001], [6433501.7912, 5664735.830700001], [6433510.5347, 5664762.4355999995], [6433514.5231, 5664774.4387], [6433516.4923, 5664780.575300001], [6433518.09, 5664785.4373], [6433518.2771, 5664785.8189], [6433518.5423, 5664786.755999999], [6433520.145, 5664791.7015], [6433520.9445, 5664794.1687], [6433522.1747, 5664798.0526], [6433523.3822, 5664801.945800001], [6433524.5483, 5664805.772299999], [6433525.6818, 5664809.6062], [6433526.7837, 5664813.452500001], [6433527.8602, 5664817.3036], [6433528.9149, 5664821.1642], [6433529.947, 5664825.0274], [6433540.0517, 5664864.3082], [6433545.9514, 5664887.5713], [6433546.0671, 5664888.0688000005], [6433546.8074, 5664891.249600001], [6433549.7484, 5664902.306399999], [6433552.2278, 5664912.4811], [6433553.7488, 5664919.564099999], [6433554.6333, 5664923.397700001], [6433555.3328, 5664927.406400001], [6433556.1093, 5664931.7678], [6433557.3306, 5664940.0611000005], [6433558.8889, 5664950.890900001], [6433562.5273, 5664978.770300001], [6433566.5761, 5665008.1829], [6433568.0475, 5665018.840500001], [6433568.9768, 5665025.3467999995], [6433570.9561, 5665036.9662999995], [6433573.368, 5665050.6318], [6433575.2131, 5665061.0864], [6433575.4512, 5665062.4353], [6433563.2963, 5665064.580600001], [6433561.9083, 5665064.767899999], [6433557.4011, 5665065.3761], [6433552.1931, 5665065.987199999], [6433543.7929, 5665066.8981], [6433539.0094, 5665067.333000001], [6433531.0201, 5665067.9629], [6433514.5695, 5665069.498400001], [6433492.955, 5665071.683499999], [6433484.3986, 5665072.600400001], [6433470.1005, 5665073.8715], [6433458.3431, 5665075.112199999], [6433430.1782, 5665078.090399999], [6433417.2091, 5665079.612299999], [6433417.1153, 5665079.6075], [6433416.5899, 5665079.684900001], [6433410.3745, 5665080.4143], [6433392.9628, 5665082.4575], [6433362.6684, 5665086.1446], [6433354.4315, 5665087.1371], [6433346.429, 5665088.520199999], [6433339.1009, 5665090.168500001], [6433331.7456, 5665091.8423], [6433319.307, 5665095.077500001], [6433301.3658, 5665099.9065000005], [6433299.8125, 5665100.2828], [6433298.0014, 5665100.858999999], [6433296.9876, 5665101.0701], [6433293.2003, 5665101.9878], [6433285.889, 5665103.759199999], [6433279.4652, 5665105.064099999], [6433273.2588, 5665106.1653], [6433263.6917, 5665107.762399999], [6433257.1812, 5665108.9617], [6433246.5445, 5665110.165899999], [6433244.4009, 5665110.3473000005], [6433242.6482, 5665110.489], [6433232.4328, 5665111.3016], [6433214.1835, 5665112.872199999], [6433203.1937, 5665113.9188], [6433165.5159, 5665117.2829], [6433149.0126, 5665119.000399999], [6433141.4598, 5665119.5188], [6433135.2456, 5665119.572899999], [6433132.9262, 5665119.443], [6433132.8864, 5665119.443299999], [6433124.2152, 5665119.7424], [6433116.8178, 5665119.8137], [6433107.7272, 5665119.519300001], [6433082.9281, 5665118.249399999], [6433065.6509, 5665117.3519], [6433029.8413, 5665116.0063000005], [6433007.298, 5665115.022500001], [6432975.7876, 5665113.734300001], [6432960.9376, 5665113.137], [6432956.4364, 5665112.913899999], [6432942.869, 5665112.3533], [6432936.1226, 5665112.5199], [6432932.321, 5665112.649499999], [6432932.2873, 5665111.035599999], [6432932.2543, 5665109.4493], [6432932.1805, 5665105.911800001], [6432932.1728, 5665105.543199999], [6432932.097, 5665101.910599999], [6432932.0518, 5665099.7412], [6432931.9244, 5665093.6326], [6432912.8981, 5665051.8838], [6432883.8873, 5664988.226199999], [6432865.2707, 5665020.173]]]}, "properties": {"OBJECTID": 29, "NROSIEDLA": 1, "NAZWAOSIEDLA": "Stare Miasto", "SHAPE.AREA": 2001683.04409141, "SHAPE.LEN": 6346.3218395515405, "DATA": 1453334400000}}, {"type": "Feature", "id": 30, "geometry": {"type": "Polygon", "coordinates": [[[6435484.4491, 5666249.6983], [6435457.8021, 5666251.806500001], [6435142.8372, 5666277.209100001], [6434946.1809, 5666295.6963], [6434745.0323, 5666315.343800001], [6434624.6201, 5666325.6347], [6434506.3022, 5666348.0429], [6434327.5022, 5666402.2475000005], [6434154.1138, 5666513.319800001], [6434224.8898, 5666440.933700001], [6434318.9386, 5666323.1098], [6434429.9475, 5666229.3278], [6434572.9588, 5666150.3136], [6434705.2171, 5666059.306], [6434826.4116, 5665930.5463], [6434897.7506, 5665814.5122], [6434946.3616, 5665698.752699999], [6434982.8051, 5665579.351500001], [6435009.9471, 5665442.635299999], [6435005.3063, 5665309.333900001], [6434987.5741, 5665095.8729], [6434993.9241, 5664994.262599999], [6435018.3102, 5664880.3111000005], [6435030.4999, 5664821.079299999], [6435030.6132, 5664820.5286], [6435031.1338, 5664817.9991999995], [6435028.9951, 5664808.8958], [6435019.6376, 5664769.0646], [6434989.3631, 5664651.601500001], [6434932.6701, 5664536.862], [6434904.5677, 5664400.135299999], [6434878.1437, 5664203.271600001], [6434850.8361, 5664101.046700001], [6434850.5416, 5664099.9442], [6434851.4091, 5664099.625399999], [6434851.4206, 5664099.621200001], [6434867.1253, 5664093.8497], [6434880.1068, 5664089.079], [6434880.7779, 5664088.8324], [6434885.658, 5664087.039000001], [6434887.7664, 5664086.3401999995], [6434893.716, 5664084.3683], [6434894.5436, 5664084.0940000005], [6434895.283, 5664083.848999999], [6434899.262, 5664082.494999999], [6434902.7103, 5664081.196699999], [6434903.7762, 5664080.795399999], [6434909.8292, 5664078.5165], [6434910.4192, 5664078.294399999], [6434931.7184, 5664070.2754], [6434931.8909, 5664070.573899999], [6434936.2094, 5664078.0482], [6434938.5976, 5664082.181700001], [6434943.1223, 5664087.228499999], [6434945.4767, 5664089.854599999], [6434957.328, 5664096.158], [6434963.373, 5664098.418], [6434974.334, 5664103.277000001], [6434984.905, 5664107.961999999], [6434986.0293, 5664108.454500001], [6434992.0937, 5664111.111099999], [6434997.9124, 5664113.6601], [6435001.8574, 5664115.3882], [6435024, 5664125.0879999995], [6435052.278, 5664137.472999999], [6435053.8182, 5664138.147500001], [6435058.4195, 5664140.1625], [6435069.2093, 5664144.887599999], [6435120.0146, 5664167.1362], [6435125.949, 5664169.734999999], [6435136.9572, 5664174.555500001], [6435137.8713, 5664174.955800001], [6435142.955, 5664177.182], [6435142.9485, 5664177.2948], [6435147.3261, 5664179.178200001], [6435154.6992, 5664182.5452], [6435158.325, 5664184.200999999], [6435160.38, 5664185.140000001], [6435189.3487, 5664198.5383], [6435202.178, 5664204.471999999], [6435203.9695, 5664205.260500001], [6435259.2386, 5664229.5868999995], [6435273.7494, 5664235.9737], [6435306.569, 5664250.419], [6435328.4388, 5664260.0732], [6435338.455, 5664264.4947], [6435346.8262, 5664268.190099999], [6435407.967, 5664295.18], [6435427.425, 5664303.789799999], [6435434.4134, 5664306.881999999], [6435495.1416, 5664333.7530000005], [6435508.967, 5664339.8704], [6435542.475, 5664354.697000001], [6435575.9455, 5664369.4605], [6435589.1754, 5664375.2961], [6435612.268, 5664385.482000001], [6435619.702, 5664388.76], [6435626.823, 5664391.903999999], [6435654.2094, 5664403.994899999], [6435664.3781, 5664408.484300001], [6435667.288, 5664409.768999999], [6435713.345, 5664429.817], [6435728.6633, 5664436.828400001], [6435731.105, 5664437.946], [6435745.3586, 5664444.2345], [6435814.3885, 5664474.6894000005], [6435819.066, 5664476.7530000005], [6435826.0146, 5664479.8335], [6435892.298, 5664509.2190000005], [6435897.0974, 5664511.3396000005], [6435905.9266, 5664515.240700001], [6435927.306, 5664524.687000001], [6435939.5568, 5664530.1], [6435944.219, 5664532.16], [6435951.3349, 5664535.380799999], [6435960.78, 5664539.6559999995], [6435963.363, 5664540.804], [6435964.821, 5664541.452], [6435981.55, 5664548.881999999], [6435981.9672, 5664549.059699999], [6435995.858, 5664554.977], [6436007.4317, 5664560.0856], [6436035.548, 5664572.495999999], [6436037.7502, 5664573.3714000005], [6436049.0412, 5664577.8598], [6436054.659, 5664580.093], [6436065.42, 5664583.217], [6436076.1678, 5664586.418400001], [6436096.474, 5664592.467], [6436099.9303, 5664593.491599999], [6436124.993, 5664600.921], [6436146.391, 5664607.046], [6436154.5904, 5664609.467499999], [6436168.1092, 5664613.459899999], [6436203.434, 5664623.892000001], [6436229.9968, 5664631.6439], [6436242.8993, 5664635.4092999995], [6436243.779, 5664635.665999999], [6436255.489, 5664639.083000001], [6436262.363, 5664641.092], [6436286.084, 5664648.027000001], [6436296.3545, 5664651.0944], [6436311.748, 5664655.692], [6436315.6434, 5664656.8552], [6436327.106, 5664660.278000001], [6436345.599, 5664665.608999999], [6436350.6471, 5664667.0637], [6436352.9464, 5664667.726299999], [6436360.6234, 5664669.9385], [6436362.388, 5664670.447000001], [6436382.7882, 5664676.2125], [6436383.961, 5664676.544], [6436386.08, 5664677.142999999], [6436397.909, 5664679.82], [6436406.178, 5664680.862], [6436408.9084, 5664681.139799999], [6436410.08, 5664681.259], [6436419.409, 5664682.210000001], [6436431.3128, 5664682.8027], [6436439.071, 5664683.188999999], [6436476.2186, 5664684.444], [6436490.751, 5664684.9350000005], [6436501.0017, 5664685.2599], [6436535.264, 5664686.346000001], [6436545.733, 5664686.658], [6436556.23, 5664686.9690000005], [6436566.088, 5664687.429], [6436571.1907, 5664687.6669], [6436574.562, 5664687.823999999], [6436629.2539, 5664689.8387], [6436646.3068, 5664690.4668000005], [6436672.807, 5664691.443], [6436681.931, 5664691.778000001], [6436691.223, 5664692.16], [6436700.0565, 5664692.5242], [6436705.678, 5664692.755999999], [6436714.8504, 5664693.076400001], [6436756.8891, 5664694.5447], [6436780.6, 5664695.372099999], [6436784.896, 5664695.523], [6436787.086, 5664695.571], [6436801.519, 5664695.892000001], [6436812.871, 5664696.227], [6436823.199, 5664696.533], [6436832.1368, 5664696.952099999], [6436838.206, 5664697.2366], [6436844.488, 5664697.531199999], [6436853.144, 5664697.937000001], [6436905.0032, 5664700.0085], [6436913.2774, 5664700.3390999995], [6436915.479, 5664700.426999999], [6436926.312, 5664700.859999999], [6436934.809, 5664701.187000001], [6436963.551, 5664702.291999999], [6436971.9958, 5664702.5353], [6436986.3058, 5664702.9475], [6436995.628, 5664703.216], [6437038.708, 5664705.092], [6437047.896, 5664705.492000001], [6437054.0697, 5664705.7422], [6437057.249, 5664705.870999999], [6437064.3118, 5664706.1558], [6437069.425, 5664706.362], [6437088.075, 5664707.025], [6437102.996, 5664707.348999999], [6437112.4898, 5664707.3992], [6437113.771, 5664707.4059999995], [6437113.8401, 5664707.4012], [6437122.8926, 5664706.778100001], [6437123.81, 5664706.715], [6437132.258, 5664705.726], [6437143.867, 5664703.9758], [6437144.854, 5664703.827], [6437151.185, 5664702.602], [6437159.8441, 5664700.773], [6437181.3875, 5664696.2226], [6437184.747, 5664695.513], [6437195.313, 5664693.282], [6437200.351, 5664691.857000001], [6437202.4954, 5664691.2511], [6437206.5439, 5664690.1072], [6437222.283, 5664685.66], [6437236.104, 5664681.754000001], [6437237.9026, 5664681.7138], [6437255.1397, 5664681.329], [6437255.677, 5664681.317], [6437257.8274, 5664680.8717], [6437265.553, 5664679.272], [6437278.831, 5664676.522], [6437282.1891, 5664675.827], [6437304.5777, 5664671.193700001], [6437319.087, 5664668.191], [6437320.4395, 5664667.9069], [6437366.213, 5664658.291999999], [6437388.5566, 5664653.486400001], [6437397.1062, 5664651.647500001], [6437416.641, 5664647.446], [6437459.8355, 5664638.4157], [6437468.846, 5664636.532], [6437473.7817, 5664635.7345], [6437475.3781, 5664635.476600001], [6437477.0163, 5664635.2118999995], [6437483.7093, 5664634.1304], [6437487.45, 5664633.526000001], [6437491.4437, 5664633.2184], [6437493.8041, 5664633.036599999], [6437495.89, 5664632.876], [6437498.284, 5664632.692], [6437498.7376, 5664632.7313], [6437499.1041, 5664632.7631], [6437506.629, 5664633.414999999], [6437510.3419, 5664635.490599999], [6437511.3048, 5664636.028999999], [6437512.6373, 5664636.7739], [6437513.8227, 5664637.4365], [6437515.5825, 5664638.420299999], [6437517.648, 5664639.574999999], [6437521.5194, 5664642.9122], [6437527.1824, 5664647.7938], [6437528.021, 5664648.5167], [6437529.8533, 5664649.946599999], [6437539.6672, 5664659.303300001], [6437541.671, 5664661.16], [6437553.6608, 5664671.965299999], [6437557.4657, 5664675.394300001], [6437559.569, 5664677.289799999], [6437570.9319, 5664687.530099999], [6437576.2553, 5664692.3276], [6437577.5009, 5664693.450200001], [6437576.5682, 5664694.4856], [6437569.666, 5664702.1483], [6437565.5337, 5664706.792199999], [6437466.2315, 5664818.3881], [6437380.75, 5664919.2294], [6437287.3292, 5665042.356799999], [6437177.1446, 5665204.9036], [6437065.2179, 5665367.5315000005], [6436867.4065, 5665656.734099999], [6436827.4596, 5665714.206499999], [6436786.7385, 5665762.7227], [6436699.0066, 5665854.512], [6436611.2908, 5665928.9332], [6436528.4215, 5665991.602299999], [6436401.5157, 5666066.264900001], [6436271.9465, 5666124.8508], [6436220.0426, 5666145.3627], [6436147.6238, 5666168.2146000005], [6436060.0665, 5666190.257200001], [6435985.1348, 5666202.197899999], [6435848.7205, 5666215.634500001], [6435836.3191, 5666216.856000001], [6435690.4245, 5666231.767899999], [6435516.3629, 5666246.9778], [6435492.6937, 5666249.046], [6435484.4491, 5666249.6983]]]}, "properties": {"OBJECTID": 30, "NROSIEDLA": 8, "NAZWAOSIEDLA": "Zacisze - Zalesie - Szczytniki", "SHAPE.AREA": 3669587.76799563, "SHAPE.LEN": 9833.61965238696, "DATA": 1453334400000}}, {"type": "Feature", "id": 31, "geometry": {"type": "Polygon", "coordinates": [[[6427783.5279, 5662383.9209], [6427783.5269, 5662383.915899999], [6427782.5934, 5662377.986199999], [6427780.8509, 5662366.9178], [6427778.9746, 5662356.224199999], [6427777.0982, 5662345.5306], [6427773.7127, 5662328.6581999995], [6427770.6246, 5662313.755000001], [6427766.9929, 5662294.0755], [6427763.334, 5662276.030200001], [6427759.6993, 5662259.1291000005], [6427756.2157, 5662236.0843], [6427753.8889, 5662222.8586], [6427747.6532, 5662194.261499999], [6427744.3537, 5662183.1884], [6427740.4696, 5662172.7742], [6427735.8012, 5662161.775699999], [6427730.6206, 5662150.0383], [6427725.3064, 5662138.1897], [6427718.6899, 5662126.5945], [6427712.549, 5662114.4923], [6427707.421, 5662105.0383], [6427700.606, 5662093.054300001], [6427694.1982, 5662082.4991], [6427682.144, 5662062.1676], [6427672.7045, 5662043.6515999995], [6427665.1642, 5662030.0836], [6427653.3641, 5662009.8476], [6427646.5843, 5661997.7215], [6427637.5757, 5661982.3423999995], [6427632.4985, 5661972.9222], [6427628.3397, 5661964.062899999], [6427624.6735, 5661953.3028], [6427622.8344, 5661945.708900001], [6427620.088, 5661933.244100001], [6427617.7642, 5661920.5353999995], [6427617.4093, 5661914.5769], [6427617.4705, 5661902.0030000005], [6427618.1343, 5661888.4427000005], [6427619.7391, 5661876.1248], [6427623.4074, 5661864.3707], [6427628.2665, 5661851.609099999], [6427629.1921, 5661849.6983], [6427635.0864, 5661837.7897], [6427644.3998, 5661818.739700001], [6427646.8106, 5661812.6995], [6427653.065, 5661800.7993], [6427653.8195, 5661799.3101], [6427653.9307, 5661799.382099999], [6427656.1311, 5661795.635199999], [6427660.6325, 5661786.3795], [6427667.1267, 5661772.5677000005], [6427669.7018, 5661766.948899999], [6427675.3913, 5661754.9607], [6427680.9534, 5661744.285], [6427685.3573, 5661735.6052], [6427689.252, 5661727.7872], [6427693.2587, 5661719.2237], [6427700.1696, 5661705.142100001], [6427705.5976, 5661694.2071], [6427709.2158, 5661686.901000001], [6427713.6503, 5661677.7267], [6427718.7774, 5661667.113299999], [6427722.363, 5661659.727399999], [6427725.4502, 5661653.357799999], [6427729.3983, 5661645.1237], [6427738.3912, 5661626.342], [6427748.4611, 5661605.7151999995], [6427750.963, 5661600.6172], [6427753.7626, 5661594.912599999], [6427758.7024, 5661584.846899999], [6427764.613, 5661573.1328], [6427767.8032, 5661567.0822], [6427775.2817, 5661553.951300001], [6427780.6006, 5661545.4618], [6427786.5238, 5661536.6372], [6427797.1531, 5661524.8912], [6427805.0467, 5661517.538699999], [6427815.0869, 5661509.1448], [6427822.2809, 5661503.1428], [6427837.6114, 5661491.338400001], [6427848.5846, 5661482.5941], [6427861.1524, 5661473.047800001], [6427870.433, 5661465.6335], [6427875.464, 5661461.619100001], [6427884.9819, 5661453.9526], [6427894.1231, 5661447.408500001], [6427899.2508, 5661443.786], [6427910.1262, 5661434.4848], [6427920.6587, 5661424.302999999], [6427932.5524, 5661410.490599999], [6427939.7935, 5661400.433499999], [6427948.0427, 5661388.478599999], [6427954.765, 5661377.6427], [6427960.357, 5661369.2005], [6427966.2288, 5661360.8727], [6427969.7891, 5661355.9991999995], [6427975.5786, 5661348.701400001], [6427986.648, 5661335.815300001], [6427992.5898, 5661329.761299999], [6427997.7872, 5661324.531099999], [6428007.1459, 5661316.0668], [6428021.7113, 5661304.2468], [6428030.4419, 5661297.3891], [6428045.1051, 5661289.2542], [6428063.8407, 5661280.063100001], [6428075.2469, 5661275.2017], [6428100.5303, 5661266.000399999], [6428121.2175, 5661258.717599999], [6428135.3739, 5661253.919600001], [6428154.6506, 5661246.7513], [6428168.4671, 5661241.703299999], [6428183.7113, 5661236.2731], [6428197.9179, 5661231.0922], [6428209.6233, 5661226.782299999], [6428224.6588, 5661221.2689], [6428234.273, 5661217.7815000005], [6428244.6731, 5661214.0962000005], [6428254.3483, 5661210.6669], [6428260.1905, 5661208.5962000005], [6428285.8087, 5661199.447799999], [6428298.261, 5661195.3026], [6428309.4872, 5661190.962300001], [6428331.2604, 5661183.2436], [6428338.3615, 5661180.710000001], [6428346.4969, 5661177.8115], [6428354.9497, 5661174.832800001], [6428362.9401, 5661172.645400001], [6428369.7813, 5661169.098200001], [6428376.6486, 5661166.476600001], [6428387.8277, 5661162.249], [6428396.9032, 5661158.798800001], [6428403.0679, 5661156.405099999], [6428403.0361, 5661156.3243], [6428444.5984, 5661134.517000001], [6428456.5047, 5661128.431600001], [6428465.7651, 5661123.4045], [6428486.1381, 5661107.5295], [6428503.0714, 5661090.331499999], [6428509.9263, 5661082.5962000005], [6428510.9867, 5661081.632300001], [6428511.4636, 5661081.174799999], [6428511.994, 5661080.4583], [6428513.0332, 5661079.280300001], [6428513.6622, 5661078.6041], [6428514.5523, 5661077.517200001], [6428515.3614, 5661076.5604], [6428516.1383, 5661075.5133], [6428517.0951, 5661074.377699999], [6428517.8461, 5661073.4387], [6428518.6578, 5661072.535800001], [6428519.3916, 5661071.737], [6428519.9968, 5661071.1163], [6428520.4122, 5661070.565400001], [6428521.1381, 5661069.512800001], [6428521.7519, 5661068.5776], [6428522.5452, 5661067.518300001], [6428523.4527, 5661066.424900001], [6428524.116, 5661065.642899999], [6428524.8178, 5661064.7162], [6428525.6732, 5661063.564200001], [6428526.3751, 5661062.524800001], [6428527.0979, 5661061.4986000005], [6428527.7912, 5661060.3969], [6428528.3455, 5661059.5494], [6428529.1141, 5661058.338500001], [6428529.832, 5661057.322799999], [6428530.6055, 5661056.341700001], [6428531.1063, 5661055.5735], [6428531.6498, 5661054.704], [6428532.4366, 5661053.480699999], [6428533.0075, 5661052.4386], [6428533.6115, 5661051.358899999], [6428534.3428, 5661049.9671], [6428535.2636, 5661048.7027], [6428536.1579, 5661047.633400001], [6428536.7848, 5661046.7355], [6428537.4591, 5661045.745100001], [6428538.0841, 5661044.9055], [6428538.7818, 5661043.793], [6428539.4742, 5661042.781199999], [6428540.2526, 5661041.5931], [6428540.9069, 5661040.670700001], [6428541.3188, 5661039.9706], [6428541.7633, 5661039.100099999], [6428542.2748, 5661038.067], [6428543.0186, 5661036.794600001], [6428543.5834, 5661035.9386], [6428543.9906, 5661035.152799999], [6428544.2841, 5661034.471100001], [6428544.678, 5661033.3289], [6428545.1693, 5661032.1576000005], [6428545.7024, 5661030.787900001], [6428546.0862, 5661029.676999999], [6428546.7625, 5661027.9691], [6428547.4248, 5661026.597200001], [6428547.9699, 5661025.5865], [6428548.526, 5661024.611500001], [6428549.1113, 5661023.6172], [6428549.7273, 5661022.497099999], [6428550.2114, 5661021.581599999], [6428550.6436, 5661020.6183], [6428551.1523, 5661019.5030000005], [6428551.7849, 5661018.2184], [6428552.2872, 5661017.057399999], [6428552.7348, 5661015.9066], [6428553.4765, 5661014.512800001], [6428553.9886, 5661013.664100001], [6428554.5269, 5661012.6064], [6428555.0412, 5661011.682499999], [6428555.4271, 5661010.872199999], [6428555.5829, 5661010.476600001], [6428555.8847, 5661008.1017], [6428556.4062, 5661006.6406], [6428556.7609, 5661005.5792], [6428557.1986, 5661004.375600001], [6428557.6319, 5661003.283600001], [6428558.2236, 5661002.0132], [6428558.7721, 5661000.876800001], [6428559.1528, 5661000.006100001], [6428559.3786, 5660999.334899999], [6428559.6543, 5660998.3178], [6428560.1162, 5660996.809800001], [6428560.6783, 5660995.4387], [6428561.1912, 5660994.281400001], [6428561.637, 5660993.170299999], [6428562.1525, 5660991.9399999995], [6428562.6236, 5660990.7457], [6428563.1122, 5660989.5890999995], [6428563.6386, 5660988.247099999], [6428564.1019, 5660986.987400001], [6428564.597, 5660985.798], [6428565.357, 5660983.507999999], [6428565.887, 5660981.9618999995], [6428566.3714, 5660980.495999999], [6428566.8372, 5660979.026799999], [6428567.269, 5660977.8802000005], [6428567.6952, 5660976.8147], [6428568.0563, 5660975.8796], [6428568.3684, 5660974.998199999], [6428568.7639, 5660973.8314], [6428569.1064, 5660972.842599999], [6428569.5453, 5660971.6304], [6428570.0241, 5660970.362600001], [6428570.3916, 5660969.290200001], [6428571.0655, 5660967.7831999995], [6428571.6763, 5660966.6151], [6428572.0989, 5660965.7718], [6428572.3979, 5660965.115900001], [6428572.6815, 5660964.0944], [6428573.2736, 5660962.760299999], [6428573.6242, 5660961.748299999], [6428573.972, 5660960.610200001], [6428574.4252, 5660959.420299999], [6428574.801, 5660958.373400001], [6428575.3434, 5660957.1437], [6428575.6947, 5660956.244000001], [6428576.0816, 5660955.1316], [6428576.5706, 5660953.8017], [6428577.0489, 5660952.593], [6428577.7154, 5660951.150599999], [6428578.3299, 5660949.859300001], [6428578.9401, 5660948.697000001], [6428579.2956, 5660947.907], [6428579.5738, 5660947.161800001], [6428579.9174, 5660946.121200001], [6428580.4997, 5660944.512], [6428580.9271, 5660943.398], [6428581.4809, 5660942.0383], [6428581.9651, 5660941], [6428582.6233, 5660939.6445], [6428583.1067, 5660938.6592], [6428583.5343, 5660937.6766], [6428583.9563, 5660936.6866999995], [6428584.3805, 5660935.5666000005], [6428584.7756, 5660934.4438000005], [6428585.4091, 5660932.8791000005], [6428585.9153, 5660931.8978], [6428586.2825, 5660931.0348000005], [6428586.6343, 5660930.093800001], [6428587.1105, 5660928.7191], [6428587.6817, 5660927.3596], [6428588.1721, 5660926.3509], [6428588.5064, 5660925.5537], [6428588.6967, 5660924.673599999], [6428589.1048, 5660923.254000001], [6428589.6305, 5660922.045299999], [6428590.0188, 5660921.0163], [6428590.6486, 5660919.5001], [6428591.2625, 5660918.3147], [6428591.6116, 5660917.554400001], [6428591.9967, 5660916.522], [6428592.3552, 5660915.3989], [6428592.8598, 5660913.964199999], [6428593.9797, 5660911.3585], [6428594.5373, 5660910.282500001], [6428599.2758, 5660898.8223], [6428600.1992, 5660896.3672], [6428601.906, 5660891.786599999], [6428604.3284, 5660887.511499999], [6428605.6988, 5660883.818], [6428606.9521, 5660880.454500001], [6428607.489, 5660879.4089], [6428607.7537, 5660878.6118], [6428608.1632, 5660877.3969], [6428608.6957, 5660875.9365], [6428609.1154, 5660874.987199999], [6428609.3514, 5660874.339], [6428609.6301, 5660873.247300001], [6428609.9958, 5660871.8005], [6428610.5443, 5660870.2546999995], [6428611.056, 5660869.0766], [6428611.6813, 5660867.760199999], [6428612.232, 5660866.6872000005], [6428612.6405, 5660865.6921999995], [6428613.03, 5660864.494000001], [6428613.6007, 5660863.1624], [6428614.1255, 5660862.015900001], [6428614.5857, 5660861.0282000005], [6428615.1154, 5660859.830600001], [6428615.4239, 5660858.9496], [6428615.8613, 5660857.818], [6428616.3343, 5660856.7071], [6428616.7678, 5660855.7158], [6428617.1824, 5660854.5558], [6428617.6021, 5660853.4397], [6428617.8926, 5660852.546599999], [6428618.3714, 5660851.147700001], [6428618.5747, 5660850.4026999995], [6428618.8057, 5660849.148700001], [6428619.4022, 5660847.373], [6428620.5783, 5660844.892899999], [6428621.2157, 5660843.3463], [6428622.0768, 5660841.2289], [6428622.5918, 5660840.0342], [6428622.9739, 5660839.1416], [6428623.4781, 5660837.842700001], [6428623.8159, 5660836.852700001], [6428624.2363, 5660835.8029], [6428624.6332, 5660834.8181], [6428625.0071, 5660833.876800001], [6428625.433, 5660832.588400001], [6428626.0443, 5660831.2168000005], [6428626.3538, 5660830.246200001], [6428626.7867, 5660829.007999999], [6428627.3727, 5660827.3763], [6428627.9768, 5660826.1214000005], [6428628.4825, 5660825.1382], [6428628.9026, 5660824.2293], [6428629.3303, 5660823.1943], [6428629.8077, 5660822.077099999], [6428630.3552, 5660820.786599999], [6428630.8729, 5660819.518999999], [6428631.1731, 5660818.6098], [6428631.5363, 5660817.469799999], [6428632.0496, 5660816.282500001], [6428632.4421, 5660815.352600001], [6428633.0126, 5660813.7815000005], [6428633.5461, 5660812.4614], [6428634.0959, 5660811.1884], [6428634.5913, 5660809.910800001], [6428635.1576, 5660808.466700001], [6428635.787, 5660807.061000001], [6428636.3405, 5660805.786499999], [6428636.7352, 5660804.780300001], [6428637.2715, 5660803.3068], [6428637.8913, 5660801.6293], [6428638.5557, 5660800.0854], [6428639.0088, 5660799.169500001], [6428639.4434, 5660797.954299999], [6428639.8828, 5660796.8455], [6428640.3237, 5660795.707800001], [6428640.6936, 5660794.7391], [6428641.0906, 5660793.714199999], [6428641.4893, 5660792.5076], [6428642.0379, 5660791.207699999], [6428642.5666, 5660790.063999999], [6428643.0855, 5660788.9772], [6428643.4365, 5660788.191500001], [6428644.0502, 5660786.6184], [6428644.7295, 5660785.226199999], [6428644.9835, 5660784.7018], [6428645.2127, 5660783.670399999], [6428645.7242, 5660782.1997], [6428646.1975, 5660781.0427], [6428646.6743, 5660779.6907], [6428647.1549, 5660778.4997000005], [6428647.5648, 5660777.4321], [6428648.0873, 5660776.024599999], [6428648.6972, 5660774.6335], [6428649.1666, 5660773.5393], [6428649.5155, 5660772.616699999], [6428649.9235, 5660771.489399999], [6428650.3247, 5660770.547599999], [6428650.7095, 5660769.4506], [6428651.0151, 5660768.2140999995], [6428651.4766, 5660766.8683], [6428652.0581, 5660765.426200001], [6428652.6067, 5660764.2588], [6428653.372, 5660762.8111000005], [6428653.9882, 5660761.5867], [6428654.4728, 5660760.4571], [6428655.1111, 5660759.0759], [6428655.5671, 5660758.104900001], [6428656.1011, 5660756.8619], [6428656.5153, 5660755.827500001], [6428656.8601, 5660754.941], [6428657.0316, 5660753.8357], [6428657.4723, 5660752.6041], [6428657.7159, 5660751.557399999], [6428658.0378, 5660750.113600001], [6428658.4976, 5660748.8452], [6428661.4492, 5660742.150900001], [6428665.6433, 5660731.538899999], [6428665.8212, 5660731.0887], [6428669.999, 5660731.977299999], [6428686.754, 5660735.540999999], [6428693.6583, 5660737.468], [6428712.5223, 5660742.7171], [6428731.327, 5660747.200999999], [6428734.444, 5660747.722999999], [6428743.5084, 5660748.7729], [6428759.3, 5660750.602], [6428775.01, 5660745.966], [6428782.9087, 5660743.635600001], [6428790.72, 5660741.331], [6428806.8826, 5660733.8665], [6428807.308, 5660733.67], [6428810.282, 5660734.8440000005], [6428813.6322, 5660736.179500001], [6428814.835, 5660736.659], [6428818.4943, 5660738.117000001], [6428845.4087, 5660748.840299999], [6428854.0341, 5660752.276900001], [6428857.975, 5660753.846999999], [6428862.6203, 5660755.7870000005], [6428871.228, 5660759.3817], [6428910.3376, 5660775.714299999], [6428940.3377, 5660788.242799999], [6428978.2827, 5660804.0890999995], [6428991.905, 5660809.778000001], [6429001.2644, 5660813.473200001], [6429055.4354, 5660834.8607], [6429071.6067, 5660841.2454], [6429105.8121, 5660854.7502], [6429127.8255, 5660863.441500001], [6429147.0129, 5660871.016899999], [6429266.2161, 5660918.0801], [6429320.1553, 5660939.3762], [6429438.8571, 5660986.2414], [6429461.8154, 5660995.3057], [6429562.8808, 5661035.207800001], [6429606.5776, 5661052.460000001], [6429615.088, 5661055.82], [6429629.875, 5661061.3719999995], [6429656.255, 5661071.264], [6429703.1102, 5661088.8125], [6429747.3009, 5661105.363], [6429751.0833, 5661106.7797], [6429787.6448, 5661120.4728999995], [6429843.0503, 5661141.2237], [6429848.4197, 5661143.2346], [6429850.0865, 5661143.858899999], [6429853.5791, 5661145.166999999], [6429857.9992, 5661146.8224], [6429858.3211, 5661146.943], [6429861.5959, 5661148.169500001], [6429867.45, 5661150.362], [6429871.2162, 5661152.2458], [6429877.6109, 5661155.4443], [6429883.354, 5661158.3168], [6429883.7516, 5661158.515699999], [6429862.1176, 5661202.568600001], [6429797.4954, 5661358.2885], [6429739.9893, 5661527.764699999], [6429736.3393, 5661552.184900001], [6429735.8425, 5661555.5089], [6429734.7439, 5661557.069399999], [6429711.4033, 5661657.0864], [6429690.7707, 5661758.9055], [6429685.2206, 5661813.4114], [6429681.1013, 5661859.1731], [6429675.0485, 5661931.355900001], [6429669.4401, 5661998.239600001], [6429657.8256, 5662136.9647], [6429657.1774, 5662144.8298], [6429654.0961, 5662183.115700001], [6429642.0249, 5662333.0984000005], [6429635.5404, 5662431.6885], [6429627.2538, 5662564.209899999], [6429622.7149, 5662637.1888999995], [6429618.7547, 5662701.0253], [6429615.121, 5662759.599400001], [6429612.5192, 5662801.5385], [6429610.6849, 5662828.5273], [6429607.2883, 5662854.6657], [6429602.8571, 5662888.7667], [6429598.0447, 5662925.8007], [6429588.2576, 5663001.118000001], [6429583.4164, 5663038.3741999995], [6429578.4971, 5663076.230900001], [6429573.4894, 5663114.7677], [6429567.9244, 5663153.1087], [6429562.1068, 5663193.0934], [6429561.4336, 5663197.720000001], [6429559.2588, 5663212.6667], [6429557.6326, 5663223.843800001], [6429555.8615, 5663236.0166], [6429555.2185, 5663241.7502999995], [6429554.9778, 5663246.6173], [6429554.6511, 5663253.2226], [6429554.0812, 5663264.748500001], [6429553.1746, 5663283.081499999], [6429552.8363, 5663289.9219], [6429549.8636, 5663350.033], [6429545.3621, 5663441.0944], [6429545.2942, 5663442.468900001], [6429543.6498, 5663475.7389], [6429519.8253, 5663465.5966], [6429425.9421, 5663425.2477], [6429298.3731, 5663370.7103], [6429213.3564, 5663335.57], [6428645.6823, 5663101.6274], [6428362.6315, 5662986.828400001], [6428348.7885, 5662981.355599999], [6428339.3991, 5662977.3904], [6428312.8952, 5662966.3638], [6428174.7944, 5662909.8605], [6428149.1886, 5662899.182], [6428112.816, 5662884.3554], [6428016.034, 5662844.403899999], [6427967.752, 5662824.567600001], [6427911.1697, 5662801.9531], [6427882.3817, 5662790.4473], [6427871.1518, 5662785.810699999], [6427845.4736, 5662775.208699999], [6427819.8154, 5662764.615], [6427809.0471, 5662760.372099999], [6427808.1292, 5662759.988600001], [6427729.3216, 5662727.072000001], [6427723.4086, 5662724.581499999], [6427659.1155, 5662697.246200001], [6427643.61, 5662690.8443], [6427619.2484, 5662681.1675], [6427532.5663, 5662645.2412], [6427523.7991, 5662641.6075], [6427514.4366, 5662637.7271], [6427459.6282, 5662615.230900001], [6427405.9569, 5662593.011399999], [6427402.2492, 5662591.476399999], [6427399.3495, 5662590.275900001], [6427387.7841, 5662585.4879], [6427385.7613, 5662584.6504999995], [6427383.1812, 5662583.4816], [6427380.4056, 5662582.3356], [6427379.545, 5662571.009199999], [6427373.8922, 5662557.279200001], [6427367.8929, 5662542.7082], [6427356.9391, 5662502.6501], [6427353.23, 5662479.539999999], [6427352.4531, 5662474.674000001], [6427355.171, 5662467.801200001], [6427365.3944, 5662468.7837000005], [6427369.207, 5662469.15], [6427382.623, 5662469.647], [6427401.1931, 5662469.561000001], [6427418.317, 5662469.062000001], [6427430.8741, 5662468.759099999], [6427445.639, 5662468.329], [6427459.2401, 5662467.7301], [6427482.892, 5662466.700099999], [6427485.407, 5662461.27], [6427485.5989, 5662460.8542], [6427498.446, 5662433.002], [6427543.55, 5662425.7652], [6427597.6951, 5662416.927999999], [6427647.4501, 5662408.825200001], [6427666.6329, 5662405.633199999], [6427675.8489, 5662400.210999999], [6427723.592, 5662392.6041], [6427727.325, 5662392.039100001], [6427764.5228, 5662387.594699999], [6427783.7928, 5662385.292300001], [6427783.5279, 5662383.9209]]]}, "properties": {"OBJECTID": 31, "NROSIEDLA": 27, "NAZWAOSIEDLA": "Grabiszyn - Grabiszynek", "SHAPE.AREA": 4102149.71646419, "SHAPE.LEN": 8759.50623922227, "DATA": 1453334400000}}, {"type": "Feature", "id": 32, "geometry": {"type": "Polygon", "coordinates": [[[6424388.1815, 5674368.3291], [6424362.414, 5674429.046], [6424338.753, 5674457.233999999], [6424298.335, 5674513.927999999], [6424280.975, 5674533.84], [6424238.166, 5674582.961999999], [6424178.82, 5674645.684], [6424095.82, 5674712.194], [6424018.043, 5674755.839], [6423924.747, 5674789.971999999], [6423828.339, 5674823.142999999], [6423756.953, 5674857.811000001], [6423682.848, 5674907.4120000005], [6423665.949, 5674924.117000001], [6423614.353, 5674974.244999999], [6423562.557, 5675057.375], [6423521.251, 5675147.8780000005], [6423493.361, 5675239.619000001], [6423477.347, 5675337.618000001], [6423477.247, 5675428.426000001], [6423492.761, 5675520.445], [6423424.556, 5675565.784], [6423370.062, 5675589.6559999995], [6423347.808, 5675589.484999999], [6423272.162, 5675567.092], [6423188.595, 5675522.473999999], [6423152.964, 5675500.395], [6423134.368, 5675485.9399999995], [6423084.023, 5675438.017000001], [6423052.3, 5675409.140000001], [6422966.69, 5675319.979], [6422934.397, 5675272.681], [6422908.847, 5675226.472999999], [6422906.38, 5675221.703], [6422886.103, 5675184.937000001], [6422850.055, 5675106.751], [6422823.411, 5675058.743000001], [6422801.836, 5675031.017000001], [6422791.257, 5675017.422], [6422768.784, 5674998.274], [6422730.067, 5675005.351], [6422701.002, 5674977.039000001], [6422659.912, 5674945.851], [6422618.978, 5674957.255000001], [6422606.574, 5674951.233999999], [6422420.657, 5675003.7129999995], [6422399.565, 5674994.637], [6422388.707, 5674989.038000001], [6422366.297, 5675047.845000001], [6422317.16, 5675157.552999999], [6422293.86, 5675154.302999999], [6422265.431, 5675138.004000001], [6422256.137, 5675132.795], [6422237.262, 5675135.7530000005], [6422216.06, 5675131.596999999], [6422202.664, 5675111.316], [6422167.904, 5675102.5030000005], [6422170.75, 5675082.257999999], [6422174.612, 5675075.7809999995], [6422174.379, 5675032.450999999], [6422151.989, 5675015.109999999], [6422146.318, 5675015.038000001], [6422115.346, 5675045.645], [6422097.096, 5675036.615], [6422106.667, 5675013.487], [6422107.187, 5674984.489], [6422085.398, 5674937.49], [6422051.695, 5674946.398], [6422035.506, 5674973.126], [6422002.827, 5674967.620999999], [6422002.444, 5674945.895], [6421999.282, 5674938.403000001], [6421978.335, 5674922.325999999], [6421944.82, 5674928.772], [6421878.958, 5674893.608999999], [6421894.102, 5674871.595000001], [6421892.298, 5674843.0940000005], [6421878.747, 5674822.415999999], [6421850.108, 5674773.819], [6421862.105, 5674723.859999999], [6421851.253, 5674665.075999999], [6421897.367, 5674619.733999999], [6421950.566, 5674616.140000001], [6421987.499, 5674607.932], [6421996.696, 5674592.799000001], [6421996.783, 5674515.782], [6422029.95, 5674479.8379999995], [6422037.333, 5674424.705], [6422040.157, 5674313.494000001], [6422056.747, 5674257.130000001], [6422076.843, 5674196.403999999], [6422092.169, 5674169.557], [6422097.898, 5674159.517000001], [6422100.877, 5674156.941], [6422103.43, 5674154.73], [6422139.162, 5674123.335000001], [6422153.843, 5674102.716], [6422149.179, 5674085.0309999995], [6422147.487, 5674064.109999999], [6422154.967, 5674036.847999999], [6422160.375, 5674023.3719999995], [6422167.76, 5674005.581], [6422174.886, 5673989.524], [6422177.947, 5673981.276000001], [6422188.195, 5673954.609999999], [6422194.594, 5673931.321], [6422196.308, 5673916.74], [6422203.625, 5673907.380000001], [6422205.288, 5673899.32], [6422211.846, 5673876.809], [6422222.581, 5673865.528000001], [6422240.934, 5673842.525], [6422259.259, 5673824.652000001], [6422282.258, 5673735.177999999], [6422265.903, 5673691.004000001], [6422262.865, 5673676.359999999], [6422254.176, 5673626.852], [6422246.498, 5673622.994999999], [6422236.891, 5673619.111], [6422228.163, 5673585.505000001], [6422237.807, 5673522.186000001], [6422240.74, 5673513.300000001], [6422249.596, 5673485.601], [6422314.941, 5673396.794], [6422357.179, 5673360.688999999], [6422365.856, 5673399.256999999], [6422404.602, 5673383.024], [6422413.792, 5673361.5], [6422427.487, 5673317.18], [6422477.658, 5673277.297], [6422492.276, 5673261.347999999], [6422540.11, 5673259.7469999995], [6422568.167, 5673243.695], [6422598.032, 5673217.460999999], [6422654.352, 5673218.839], [6422706.887, 5673201.561000001], [6422783.686, 5673176.298], [6422785.56, 5673177.456], [6422831.97, 5673206.196], [6422870.471, 5673209.35], [6422892.353, 5673203.664999999], [6422930.364, 5673204.3440000005], [6422974.46, 5673187.159], [6423010.657, 5673191.641000001], [6423033.253, 5673218.58], [6423066.78, 5673228.875], [6423077.931, 5673220.550000001], [6423092.995, 5673196.795], [6423108.036, 5673206.754000001], [6423130.551, 5673222.812999999], [6423166.431, 5673220.979], [6423198.748, 5673218.937999999], [6423214.907, 5673213.721999999], [6423228.407, 5673216.179], [6423236.655, 5673200.198000001], [6423239.048, 5673189.708000001], [6423241.243, 5673183.491], [6423258.51, 5673173.152000001], [6423268.863, 5673165.846000001], [6423273.596, 5673161.979], [6423281.882, 5673156.5879999995], [6423285.192, 5673108.534], [6423330.743, 5673097.524], [6423291.143, 5673089.501], [6423266.453, 5673073.998], [6423238.181, 5673051.637], [6423227.037, 5673039.771], [6423212.527, 5673022.445], [6423198.431, 5673014.615], [6423194.665, 5673000.858999999], [6423187.363, 5672984.146], [6423175.594, 5672961.886], [6423175.562, 5672942.6850000005], [6423170.263, 5672917.947000001], [6423169.21, 5672896.958000001], [6423168.528, 5672873.5649999995], [6423165.383, 5672845.001], [6423165.494, 5672820.998], [6423168.135, 5672799.464], [6423173.568, 5672777.298], [6423185.329, 5672757.355], [6423189.5001, 5672746.220000001], [6423203.6726, 5672722.021], [6423212.3585, 5672690.149700001], [6423232.6255, 5672642.7863], [6423253.3695, 5672563.6589], [6423255.8447, 5672533.049799999], [6423265.0929, 5672472.044600001], [6423273.621, 5672437.249], [6423280.6527, 5672406.2378], [6423299.9865, 5672345.9638], [6423307.1733, 5672320.9191], [6423313.5567, 5672293.277000001], [6423317.9837, 5672245.926100001], [6423313.5944, 5672217.3061], [6423296.7416, 5672189.956800001], [6423264.7821, 5672161.390000001], [6423217.2335, 5672138.542099999], [6423186.0888, 5672119.804199999], [6423163.7091, 5672101.101399999], [6423148.3932, 5672085.645400001], [6423122.6409, 5672050.035], [6423115.3228, 5672036.4975000005], [6423106.1002, 5672014.577400001], [6423070.1389, 5671939.729699999], [6423059.2834, 5671917.6543000005], [6423039.4082, 5671876.057499999], [6423033.2058, 5671862.1614], [6423021.6076, 5671844.018300001], [6423009.2766, 5671820.5086], [6422987.2318, 5671777.630999999], [6422967.5608, 5671739.197000001], [6422959.3459, 5671729.9826], [6422941.2061, 5671689.9779], [6422937.0435, 5671682.373400001], [6422927.207, 5671664.4033], [6422926.5692, 5671655.4638], [6422920.2216, 5671643.9399], [6422912.3268, 5671629.607100001], [6422909.5908, 5671624.6401], [6422900.7562, 5671606.5934], [6422892.5164, 5671589.761600001], [6422889.1731, 5671582.9322999995], [6422881.2801, 5671566.809], [6422877.8713, 5671559.8456], [6422869.2991, 5671542.335000001], [6422866.7507, 5671537.1292], [6422858.2382, 5671519.7404], [6422847.6782, 5671498.169], [6422811.6948, 5671432.552200001], [6422798.4656, 5671414.031300001], [6422796.1076, 5671409.505100001], [6422791.1133, 5671399.918299999], [6422784.7147, 5671387.636], [6422779.4799, 5671377.587400001], [6422770.3366, 5671360.036499999], [6422765.5562, 5671350.860300001], [6422756.7643, 5671333.983999999], [6422752.428, 5671325.6603], [6422751.8286, 5671323.6623], [6422749.3292, 5671315.330800001], [6422745.207, 5671301.5901999995], [6422743.9019, 5671297.239800001], [6422742.903, 5671293.9102], [6422741.9956, 5671292.258300001], [6422738.3038, 5671285.5374], [6422734.7887, 5671279.138], [6422729.0315, 5671268.6569], [6422724.759, 5671260.878699999], [6422722.2655, 5671256.339299999], [6422718.5854, 5671249.183499999], [6422715.8501, 5671243.865], [6422710.1761, 5671232.8323], [6422707.5045, 5671227.637499999], [6422703.2154, 5671219.297599999], [6422701.6017, 5671214.6818], [6422700.3064, 5671210.976600001], [6422697.9389, 5671204.204299999], [6422695.1853, 5671196.3279], [6422690.8289, 5671183.8665], [6422686.7302, 5671172.1423], [6422680.4612, 5671154.210000001], [6422671.4654, 5671121.9307], [6422658.2362, 5671046.2597], [6422651.2777, 5670999.3815], [6422648.182, 5670978.5263], [6422651.2628, 5670947.205], [6422651.357, 5670946.2469999995], [6422651.9697, 5670944.7765], [6422652.8348, 5670942.700300001], [6422653.9927, 5670939.921399999], [6422654.1783, 5670939.4759], [6422664.5862, 5670914.4969999995], [6422670.7663, 5670900.3708], [6422671.9945, 5670897.5636], [6422671.9945, 5670889.886399999], [6422671.9945, 5670875.752699999], [6422671.9945, 5670872.6927000005], [6422671.5395, 5670870.215299999], [6422669.8071, 5670860.783299999], [6422667.232, 5670846.763499999], [6422662.0058, 5670836.6185], [6422659.4123, 5670831.584000001], [6422658.2362, 5670829.301000001], [6422649.6938, 5670823.537900001], [6422638.1013, 5670815.7172], [6422631.5626, 5670812.8325], [6422608.415, 5670802.6203000005], [6422599.6215, 5670802.294600001], [6422596.132, 5670802.1654], [6422578.6695, 5670801.5186], [6422561.2662, 5670800.8741], [6422553.8946, 5670799.8674], [6422544.3811, 5670798.568299999], [6422530.1212, 5670796.620999999], [6422521.1199, 5670794.689300001], [6422511.8037, 5670792.690099999], [6422517.5346, 5670768.8113], [6422520.104, 5670757.266000001], [6422520.5587, 5670754.776699999], [6422521.321, 5670750.604], [6422521.4281, 5670749.920600001], [6422522.0662, 5670745.847200001], [6422522.8247, 5670741.005100001], [6422522.894, 5670740.562999999], [6422523.0096, 5670736.838300001], [6422523.2634, 5670728.6622], [6422523.305, 5670727.322000001], [6422523.1224, 5670724.109099999], [6422522.991, 5670721.7963], [6422522.9508, 5670721.0890999995], [6422522.7787, 5670718.0592], [6422522.6753, 5670716.24], [6422522.361, 5670710.708699999], [6422522.2807, 5670709.2947], [6422522.0697, 5670705.5811], [6422521.677, 5670698.67], [6422521.6402, 5670698.1425], [6422521.3234, 5670693.603499999], [6422520.859, 5670686.9506], [6422520.6108, 5670683.3945], [6422520.2028, 5670677.5495], [6422520.0362, 5670675.1634], [6422519.96, 5670674.071], [6422519.9887, 5670671.837300001], [6422520.11, 5670662.4], [6422520.1119, 5670662.3443], [6422520.1968, 5670659.8127999995], [6422520.2028, 5670659.633099999], [6422520.462, 5670651.904999999], [6422520.5721, 5670651.3905], [6422521.4958, 5670647.0759], [6422523.0956, 5670639.6033], [6422523.2359, 5670638.948000001], [6422523.7169, 5670636.916999999], [6422523.758, 5670636.791999999], [6422524.1951, 5670635.460999999], [6422524.447, 5670634.694], [6422526.8081, 5670627.4986000005], [6422527.5373, 5670625.2761], [6422528.023, 5670623.796], [6422528.2768, 5670623.130000001], [6422528.7585, 5670621.865900001], [6422533.0904, 5670610.4991], [6422533.385, 5670609.726], [6422538.1679, 5670600.5856], [6422541.029, 5670595.118000001], [6422544.8367, 5670589.0678], [6422550.8694, 5670579.482100001], [6422550.911, 5670579.415999999], [6422559.6156, 5670566.445900001], [6422563.3369, 5670560.9011], [6422572.822, 5670546.767999999], [6422574.7226, 5670544.022399999], [6422576.2304, 5670541.8441], [6422583.1933, 5670531.7853999995], [6422587.92, 5670524.957], [6422589.4517, 5670522.634], [6422596.966, 5670511.238], [6422597.9193, 5670509.7588], [6422600.6367, 5670505.541999999], [6422603.806, 5670500.624], [6422607.276, 5670494.646600001], [6422609.3085, 5670491.145300001], [6422610.212, 5670489.589], [6422610.4027, 5670489.2535], [6422610.8314, 5670488.499500001], [6422613.1131, 5670484.4859], [6422615.0731, 5670481.0382], [6422616.5622, 5670478.4188], [6422616.5697, 5670478.4056], [6422617.5474, 5670476.685799999], [6422617.6602, 5670476.487400001], [6422620.35, 5670471.755999999], [6422621.4575, 5670470.087300001], [6422623.3033, 5670467.306299999], [6422623.5755, 5670466.896199999], [6422626.1345, 5670463.0404], [6422626.5168, 5670462.464400001], [6422626.918, 5670461.859999999], [6422630.7893, 5670457.0644000005], [6422631.676, 5670455.966], [6422635.2162, 5670452.4969], [6422638.146, 5670449.626], [6422638.7084, 5670449.2249], [6422645.048, 5670444.703], [6422649.8616, 5670441.471100001], [6422652.7256, 5670439.6382], [6422657.6443, 5670437.015900001], [6422659.743, 5670435.897], [6422661.9918, 5670434.828299999], [6422667.764, 5670432.085000001], [6422673.1107, 5670429.4614], [6422685.3749, 5670423.443499999], [6422692.4718, 5670419.961100001], [6422697.412, 5670417.5370000005], [6422700.8459, 5670416.070800001], [6422715.1593, 5670409.9594], [6422717.645, 5670408.898], [6422727.278, 5670405.65], [6422729.0522, 5670405.244200001], [6422725.065, 5670397.698000001], [6422722.2914, 5670393.2182], [6422721.4658, 5670391.8847], [6422717.3912, 5670385.3035], [6422716.6431, 5670384.0953], [6422713.0684, 5670378.3215], [6422711.9778, 5670376.559900001], [6422708.9007, 5670371.5901], [6422708.3411, 5670370.6862], [6422708.0594, 5670370.2311], [6422706.8504, 5670368.2784], [6422705.9953, 5670366.897299999], [6422705.5105, 5670366.114600001], [6422705.0166, 5670365.317], [6422704.9738, 5670365.247300001], [6422608.334, 5670209.158], [6422608.3257, 5670209.1439], [6422608.0112, 5670208.636399999], [6422607.8586, 5670208.389799999], [6422606.8519, 5670206.763699999], [6422607.8135, 5670206.253799999], [6422609.4326, 5670205.395400001], [6422610.8971, 5670204.618899999], [6422613.9198, 5670203.0162], [6422621.2396, 5670199.135199999], [6422623.533, 5670197.919299999], [6422624.9462, 5670197.1764], [6422634.7003, 5670192.048599999], [6422640.008, 5670189.258300001], [6422649.7816, 5670184.1203000005], [6422654.0473, 5670181.877800001], [6422655.8559, 5670180.926999999], [6422656.0806, 5670180.8089000005], [6422659.9565, 5670178.771299999], [6422662.3824, 5670177.4958999995], [6422665.559, 5670175.825999999], [6422666.7697, 5670175.2842], [6422673.2724, 5670172.3738], [6422674.0572, 5670172.022600001], [6422674.4594, 5670171.842599999], [6422674.463, 5670171.841], [6422677.3645, 5670170.542400001], [6422679.6383, 5670169.524800001], [6422685.9304, 5670166.708699999], [6422685.9965, 5670166.679099999], [6422694.9412, 5670162.675799999], [6422695.9515, 5670162.2236], [6422696.934, 5670161.7839], [6422698.8289, 5670160.935799999], [6422702.285, 5670159.389], [6422703.7561, 5670158.7104], [6422714.4062, 5670153.797700001], [6422716.5174, 5670152.823799999], [6422729.1237, 5670147.0088], [6422733.115, 5670145.1677], [6422733.847, 5670144.83], [6422739.0125, 5670142.272600001], [6422745.2333, 5670139.1927000005], [6422753.267, 5670135.2151999995], [6422753.932, 5670134.886], [6422755.4331, 5670134.1589], [6422767.4884, 5670128.319499999], [6422770.4712, 5670126.8747000005], [6422777.4103, 5670123.513599999], [6422783.1071, 5670120.7541000005], [6422783.929, 5670120.356000001], [6422785.447, 5670119.645099999], [6422785.656, 5670119.5472], [6422788.2807, 5670118.318], [6422789.5004, 5670117.7468], [6422790.542, 5670117.259], [6422791.581, 5670116.65], [6422791.8411, 5670116.524], [6422792.7627, 5670116.077400001], [6422793.4605, 5670115.7392], [6422795.3424, 5670114.827299999], [6422796.9373, 5670114.054500001], [6422798.548, 5670113.274], [6422799.8911, 5670112.623299999], [6422800.5733, 5670112.2928], [6422802.1366, 5670111.5353999995], [6422804.4468, 5670110.416200001], [6422807.3222, 5670109.0231], [6422810.7333, 5670107.3705], [6422813.2098, 5670106.170700001], [6422813.4156, 5670106.071], [6422816.4007, 5670104.6248], [6422819.045, 5670103.343699999], [6422831.3073, 5670097.402899999], [6422835.9264, 5670095.165100001], [6422850.1722, 5670088.2634], [6422851.7067, 5670087.5199], [6422854.3837, 5670086.222999999], [6422877.2259, 5670075.1566], [6422882.024, 5670072.832], [6422888.1696, 5670069.854699999], [6422889.585, 5670069.169], [6422898.663, 5670064.813999999], [6422909.4389, 5670059.644200001], [6422916.8207, 5670056.102700001], [6422939.6676, 5670045.141799999], [6422948.6365, 5670040.8389], [6422971.8146, 5670029.7191], [6422979.633, 5670025.9682], [6423005.9459, 5670013.3444], [6423013.0278, 5670009.946799999], [6423037.2329, 5669998.3343], [6423045.2392, 5669994.4932], [6423072.5561, 5669981.387800001], [6423072.8195, 5669981.261399999], [6423076.7262, 5669979.3871], [6423081.456, 5669977.118000001], [6423084.192, 5669975.908], [6423085.9446, 5669975.1328], [6423094.787, 5669971.221999999], [6423098.2195, 5669972.603800001], [6423099.6963, 5669973.1983], [6423107.9952, 5669976.539000001], [6423113.572, 5669978.784], [6423127.2576, 5669984.293199999], [6423133.368, 5669986.7530000005], [6423155.5681, 5669995.8456999995], [6423163.1304, 5669998.943], [6423181.122, 5670006.312000001], [6423185.0692, 5670007.9299], [6423193.919, 5670011.557399999], [6423216.148, 5670020.669], [6423216.5547, 5670020.8356], [6423223.6477, 5670023.741900001], [6423246.8574, 5670033.251700001], [6423247.8862, 5670033.6732], [6423262.015, 5670027.6219999995], [6423273.4003, 5670022.7458], [6423278.7984, 5670020.4339000005], [6423285.128, 5670017.722999999], [6423294.828, 5670013.5649999995], [6423322.556, 5670001.630999999], [6423332.5568, 5669997.353399999], [6423333.839, 5669996.805], [6423339.052, 5669994.582], [6423344.4971, 5669992.2557], [6423355.191, 5669987.687000001], [6423356.832, 5669986.987], [6423360.8963, 5669985.2487], [6423361.807, 5669984.859200001], [6423364.7602, 5669983.5962000005], [6423367.0356, 5669982.623], [6423370.98, 5669980.936000001], [6423375.9509, 5669978.810900001], [6423379.815, 5669977.159], [6423380.9894, 5669976.658500001], [6423386.77, 5669974.195], [6423393.2912, 5669971.4081], [6423396.3912, 5669970.0833], [6423397.8199, 5669969.4727], [6423402.808, 5669967.341], [6423404.2229, 5669966.7357], [6423407.684, 5669965.254899999], [6423411.564, 5669963.595000001], [6423416.2234, 5669961.608999999], [6423420.1464, 5669959.936799999], [6423420.16, 5669959.931], [6423425.792, 5669957.523], [6423428.438, 5669956.391000001], [6423429.1523, 5669956.0858], [6423430.9142, 5669955.333000001], [6423437.641, 5669952.459000001], [6423441.7422, 5669950.7052], [6423443.5824, 5669949.918299999], [6423444.7042, 5669949.4386], [6423448.784, 5669947.694], [6423448.9201, 5669947.6358], [6423450.0882, 5669947.1362], [6423454.197, 5669945.379000001], [6423455.5208, 5669944.813200001], [6423457.4771, 5669943.9771], [6423462.0931, 5669942.0043], [6423462.542, 5669941.8124], [6423462.8361, 5669941.6866999995], [6423463.8548, 5669941.2513], [6423465.8812, 5669940.385299999], [6423466.2803, 5669940.2147], [6423466.792, 5669939.995999999], [6423468.9736, 5669939.0615], [6423469.2926, 5669938.924900001], [6423471.767, 5669937.865], [6423471.9526, 5669937.785700001], [6423472.4449, 5669937.5755], [6423474.221, 5669936.8171], [6423474.9475, 5669936.5068], [6423477.2092, 5669935.540999999], [6423477.9571, 5669935.2216], [6423479.8186, 5669934.4266], [6423480.4064, 5669934.1756], [6423481.8091, 5669933.5766], [6423482.9312, 5669933.0974], [6423484.7104, 5669932.3376], [6423485.9516, 5669931.807600001], [6423487.1481, 5669931.296599999], [6423488.0117, 5669930.9278], [6423488.0534, 5669930.91], [6423489.1592, 5669930.4377999995], [6423489.5397, 5669930.2753], [6423490.6449, 5669929.803300001], [6423490.7867, 5669929.742799999], [6423491.194, 5669929.5689], [6423492.2239, 5669929.129000001], [6423492.7925, 5669928.8862], [6423493.4786, 5669928.5932], [6423494.2094, 5669928.281099999], [6423494.2144, 5669928.278999999], [6423494.4262, 5669928.1886], [6423494.6041, 5669928.112600001], [6423494.76, 5669928.046], [6423494.7533, 5669928.030300001], [6423548.288, 5669905.307], [6423726.264, 5669829.759], [6423735.314, 5669825.7412], [6423733.218, 5669820.925000001], [6423757.545, 5669810.68], [6423800.99, 5669792.220000001], [6423823.6, 5669782.76], [6423831.0292, 5669779.670600001], [6423834.83, 5669778.09], [6423846.09, 5669773.380000001], [6423868.358, 5669764.017999999], [6423874.517, 5669761.392999999], [6423886.2478, 5669756.393200001], [6423890.068, 5669754.765000001], [6423896.3814, 5669752.071799999], [6423909.8121, 5669746.3423999995], [6423910.842, 5669745.903000001], [6423916.1194, 5669743.652899999], [6423926.8647, 5669739.071599999], [6423933.438, 5669736.268999999], [6423936.1219, 5669735.1252], [6423943.4263, 5669732.0123], [6423951.3553, 5669728.633300001], [6423953.5253, 5669727.7085], [6423954.451, 5669727.313999999], [6423956.1774, 5669726.596899999], [6423961.8725, 5669724.2311], [6423966.9132, 5669722.1373], [6423971.2322, 5669720.3432], [6423974.213, 5669719.105], [6423981.1489, 5669716.124299999], [6423983.5684, 5669715.0845], [6423992.9866, 5669711.0370000005], [6423994.997, 5669710.173], [6423995.4787, 5669709.966], [6423998.3851, 5669708.7168000005], [6423999.2699, 5669708.3365], [6424001.3842, 5669707.4277], [6424005.6758, 5669705.5831], [6424005.7208, 5669705.5638], [6424006.5435, 5669705.210200001], [6424007.4961, 5669704.800799999], [6424009.0063, 5669704.1515999995], [6424010.2424, 5669703.6203000005], [6424012.0045, 5669702.863], [6424013.1237, 5669702.381899999], [6424014.915, 5669701.612], [6424035.42, 5669692.449999999], [6424036.2864, 5669692.0923999995], [6424037.5149, 5669691.585200001], [6424040.4517, 5669690.3729], [6424042.5763, 5669689.4958999995], [6424044.1691, 5669688.838400001], [6424047.4372, 5669687.4893], [6424049.1169, 5669686.7959], [6424050.3852, 5669686.272399999], [6424050.7135, 5669686.136299999], [6424054.6477, 5669684.512800001], [6424054.9076, 5669684.4055], [6424055.89, 5669684], [6424056.6867, 5669683.658500001], [6424057.9339, 5669683.1238], [6424063.9669, 5669680.5375], [6424067.446, 5669679.046], [6424069.8314, 5669678.0198], [6424073.4348, 5669676.4695], [6424077.564, 5669674.693], [6424084.553, 5669671.6877999995], [6424087.1607, 5669670.566500001], [6424087.662, 5669670.351], [6424097.866, 5669666.448000001], [6424124.631, 5669655.143999999], [6424127.0294, 5669653.9603], [6424129.5246, 5669652.7289], [6424134.6985, 5669650.1755], [6424135.901, 5669649.582], [6424137.9236, 5669648.583799999], [6424138.5904, 5669648.2546999995], [6424138.6792, 5669648.210899999], [6424140.6874, 5669647.219799999], [6424145.2554, 5669645.2443], [6424146.3846, 5669648.682499999], [6424147.6952, 5669652.6734], [6424149.0251, 5669656.7226], [6424150.2418, 5669660.4274], [6424156.0581, 5669679.638900001], [6424158.9731, 5669689.267000001], [6424159.6361, 5669691.255999999], [6424159.699, 5669691.444800001], [6424163.4665, 5669702.747400001], [6424168.2335, 5669717.0484], [6424168.7817, 5669718.7973], [6424173.2202, 5669732.9573], [6424180.1927, 5669755.201300001], [6424181.3315, 5669758.669500001], [6424184.355, 5669767.877599999], [6424187.0309, 5669776.026799999], [6424187.1777, 5669776.4739], [6424187.9961, 5669778.929], [6424190.194, 5669785.522700001], [6424194.4601, 5669798.320699999], [6424198.9807, 5669829.667300001], [6424202, 5669828.778000001], [6424211.716, 5669825.915999999], [6424222.589, 5669822.7129999995], [6424232.4763, 5669819.801000001], [6424243.056, 5669816.6850000005], [6424247.2709, 5669815.443399999], [6424273.75, 5669807.6435], [6424282.348, 5669805.111], [6424289.7587, 5669802.866], [6424295.5568, 5669801.1096], [6424327.6162, 5669791.397500001], [6424351.2664, 5669784.232999999], [6424360.09, 5669781.5600000005], [6424367.3038, 5669779.409600001], [6424370.469, 5669778.466], [6424384.042, 5669774.870999999], [6424388.878, 5669773.7466], [6424398.213, 5669771.575999999], [6424406.477, 5669770.246200001], [6424410.495, 5669769.5996], [6424415.464, 5669768.800000001], [6424428.0025, 5669767.103], [6424429.5062, 5669774.710000001], [6424429.5395, 5669774.705800001], [6424429.509, 5669774.723999999], [6424429.882, 5669775.782], [6424434.2977, 5669788.3226], [6424437.5536, 5669797.569399999], [6424438.713, 5669800.862], [6424440.373, 5669805.574999999], [6424441.3089, 5669808.2325], [6424443.4513, 5669814.316299999], [6424448.8094, 5669829.5315000005], [6424450.7514, 5669835.0461], [6424453.625, 5669843.206], [6424454.865, 5669846.726], [6424456.7532, 5669852.087300001], [6424458.4349, 5669856.862199999], [6424460.685, 5669863.251], [6424464.9762, 5669875.436799999], [6424466.0045, 5669878.356899999], [6424474.2004, 5669901.6306], [6424474.515, 5669902.523800001], [6424483.1451, 5669927.0306], [6424483.9784, 5669929.3971], [6424486.086, 5669935.381999999], [6424491.181, 5669949.851], [6424493.0243, 5669955.085999999], [6424495.06, 5669960.867000001], [6424498.4016, 5669970.3563], [6424499.875, 5669974.540100001], [6424502.1231, 5669980.9241], [6424504.3182, 5669987.157299999], [6424505.964, 5669991.831], [6424506.8017, 5669995.5535], [6424509.8244, 5670008.9855], [6424510.9883, 5670014.1576000005], [6424513.137, 5670023.706], [6424514.3178, 5670032.0043], [6424514.867, 5670035.8642], [6424516.7273, 5670048.9377], [6424517.7228, 5670055.9333], [6424518.859, 5670063.918400001], [6424519.1331, 5670065.8445999995], [6424519.331, 5670067.235300001], [6424519.496, 5670068.395], [6424518.2263, 5670094.0231], [6424505.061, 5670131.499], [6424502.158, 5670139.764], [6424500.0682, 5670145.7796], [6424498.717, 5670149.669], [6424495.5617, 5670158.751800001], [6424486.1376, 5670185.8793], [6424473.964, 5670220.921399999], [6424470.1, 5670232.044], [6424444.8824, 5670303.4716], [6424443.0684, 5670308.6097], [6424421.4921, 5670369.7234000005], [6424412.8416, 5670394.225500001], [6424407.463, 5670409.460000001], [6424404.076, 5670418.3719999995], [6424401.647, 5670426.475], [6424399.475, 5670433.044], [6424396.1983, 5670442.325200001], [6424393.0319, 5670451.2937], [6424376.664, 5670497.654999999], [6424374.1404, 5670504.767000001], [6424368.8354, 5670519.717599999], [6424366.07, 5670527.511], [6424363.999, 5670532.316], [6424361.494, 5670536.731000001], [6424357.957, 5670542.097999999], [6424354.459, 5670546.203], [6424340.446, 5670564.2455], [6424330.1659, 5670577.4815], [6424325.264, 5670583.793], [6424317.612, 5670595.854], [6424314.225, 5670602.085000001], [6424311.316, 5670608.841], [6424303.291, 5670633.950999999], [6424302.1745, 5670637.4823], [6424297.6465, 5670651.8029], [6424289.242, 5670678.384], [6424286.388, 5670687.4120000005], [6424283.391, 5670696.892999999], [6424278.4837, 5670712.4124], [6424274.2136, 5670725.9169], [6424254.6567, 5670787.765900001], [6424250.2888, 5670801.579600001], [6424249.0514, 5670805.493000001], [6424245.6219, 5670816.3387], [6424244.9955, 5670818.319700001], [6424253.328, 5670819.492000001], [6424262.9171, 5670820.8411], [6424266.1503, 5670821.2959], [6424271.51, 5670822.050000001], [6424272.0065, 5670822.120100001], [6424288.7801, 5670824.489499999], [6424296.5, 5670825.58], [6424320.9271, 5670829.025900001], [6424329.1548, 5670830.1865], [6424346.5256, 5670832.637], [6424356.5647, 5670834.053200001], [6424368.6845, 5670835.7629], [6424378.7005, 5670837.175799999], [6424379.51, 5670837.289999999], [6424390.1158, 5670838.784600001], [6424399.4423, 5670840.0989], [6424405.1174, 5670840.898600001], [6424405.4974, 5670840.952199999], [6424409.03, 5670841.449999999], [6424421.55, 5670843.214299999], [6424423.37, 5670847.176999999], [6424423.4659, 5670847.4091], [6424424.3469, 5670849.541300001], [6424424.5609, 5670850.0592], [6424432.295, 5670868.7765], [6424433.1478, 5670870.840299999], [6424434.813, 5670874.870200001], [6424447.9945, 5670906.7708], [6424448.916, 5670909.001], [6424450.8128, 5670914.5547], [6424460.8054, 5670943.8125], [6424463.6009, 5670951.9975000005], [6424464.155, 5670953.619999999], [6424468.5829, 5670985.9343], [6424469.5689, 5670993.1296], [6424470.678, 5671001.223999999], [6424472.6755, 5671024.245999999], [6424472.8288, 5671026.0119], [6424472.839, 5671026.130000001], [6424473.012, 5671028.723200001], [6424473.497, 5671035.992000001], [6424474.6404, 5671047.358899999], [6424476.0074, 5671060.948799999], [6424476.031, 5671061.183], [6424476.8932, 5671069.7544], [6424477.0059, 5671070.875399999], [6424477.735, 5671078.124], [6424478.796, 5671109.759500001], [6424479.0033, 5671115.940300001], [6424479.358, 5671126.517999999], [6424481.1055, 5671149.8704], [6424481.3933, 5671153.7172], [6424483.9565, 5671187.9705], [6424484.4279, 5671194.2699], [6424484.988, 5671201.754899999], [6424485.246, 5671205.203], [6424490.9543, 5671232.9498], [6424491.8353, 5671237.231799999], [6424495.996, 5671257.456], [6424505.1452, 5671276.129799999], [6424506.8692, 5671279.648499999], [6424508.208, 5671282.380999999], [6424516.5917, 5671303.9640999995], [6424520.685, 5671314.502], [6424522.7992, 5671318.6041], [6424530.3494, 5671333.2535], [6424532.287, 5671337.013], [6424532.7739, 5671337.963099999], [6424533.311, 5671339.011], [6424533.988, 5671340.413000001], [6424534.324, 5671340.889], [6424535.3677, 5671342.3949], [6424536.187, 5671343.577], [6424536.217, 5671343.626], [6424537.0512, 5671344.885299999], [6424537.1177, 5671344.9858], [6424538.1202, 5671346.4991999995], [6424538.3481, 5671346.8432], [6424538.55, 5671347.148], [6424539.3195, 5671348.3133000005], [6424540.5992, 5671350.251], [6424541.4205, 5671351.4946], [6424544.0676, 5671355.5030000005], [6424545.9864, 5671358.408399999], [6424548.909, 5671362.834000001], [6424549.6022, 5671363.6776], [6424560.2949, 5671376.6895], [6424562.205, 5671379.014], [6424565.0074, 5671383.6216], [6424570.8006, 5671393.1467], [6424571.184, 5671393.777000001], [6424573.9464, 5671398.8752999995], [6424574.753, 5671400.364], [6424592.182, 5671436.688999999], [6424595.7597, 5671444.423], [6424601.7566, 5671457.3869], [6424610.921, 5671477.198000001], [6424619.0476, 5671506.176899999], [6424619.751, 5671508.6850000005], [6424621.3996, 5671518.245200001], [6424628.816, 5671561.251], [6424629.1051, 5671563.009500001], [6424631.245, 5671576.0261], [6424634.093, 5671593.35], [6424639.0686, 5671620.0009], [6424641.813, 5671634.700999999], [6424642.793, 5671640.1258000005], [6424646.85, 5671662.583000001], [6424649.304, 5671675.5635], [6424651.7329, 5671688.4112], [6424656.112, 5671711.574999999], [6424658.313, 5671723.289999999], [6424665.0439, 5671739.0636], [6424668.698, 5671747.627], [6424678.328, 5671770.802999999], [6424680.2374, 5671780.3387], [6424682.5746, 5671792.0108], [6424684.511, 5671801.681], [6424684.6042, 5671802.7938], [6424685.8846, 5671818.0789], [6424686.4599, 5671824.9475], [6424687.9297, 5671842.4936999995], [6424688.215, 5671845.9], [6424688.3275, 5671848.717700001], [6424688.6592, 5671857.025699999], [6424688.688, 5671857.745999999], [6424689.2178, 5671859.5921], [6424690.1372, 5671862.7962], [6424690.3297, 5671863.4669], [6424691.1607, 5671866.363], [6424693.4316, 5671874.2765], [6424694.3282, 5671877.4013], [6424694.7147, 5671878.748199999], [6424695.6175, 5671881.893999999], [6424695.975, 5671883.140000001], [6424697.9388, 5671889.744100001], [6424698.06, 5671890.1515999995], [6424699.2472, 5671894.143999999], [6424700.6471, 5671898.8518], [6424701.4431, 5671901.5287], [6424701.9867, 5671903.357000001], [6424702.8608, 5671906.2963], [6424703.6854, 5671909.0693], [6424704.4377, 5671911.599099999], [6424704.699, 5671912.478], [6424704.805, 5671915.467], [6424708.0473, 5671921.137], [6424709.7688, 5671924.147399999], [6424715.5594, 5671934.273600001], [6424715.869, 5671934.8149999995], [6424717.9058, 5671938.307], [6424720.044, 5671941.972999999], [6424723.7709, 5671948.3627], [6424726.2509, 5671952.614700001], [6424730.646, 5671960.15], [6424746.857, 5671988.397], [6424748.5568, 5671991.3179], [6424755.7439, 5672003.6679], [6424763.687, 5672017.317], [6424766.567, 5672022.312999999], [6424786.484, 5672038.585000001], [6424788.933, 5672040.6457], [6424797.8305, 5672048.1324000005], [6424812.146, 5672060.177999999], [6424818.535, 5672064.991], [6424823.695, 5672069.129000001], [6424833.72, 5672081.09], [6424838.4965, 5672086.700300001], [6424844.128, 5672093.3149999995], [6424846.6493, 5672096.316299999], [6424873.8005, 5672128.6369], [6424885.679, 5672142.777000001], [6424889.1968, 5672145.8313], [6424921.236, 5672173.649], [6424924.281, 5672176.262], [6424935.541, 5672185.9245], [6424949.2708, 5672197.7064], [6424955.689, 5672203.214], [6424963.307, 5672209.828600001], [6424965.9313, 5672212.107100001], [6424967.3007, 5672213.2962], [6424971.852, 5672217.248], [6424982.8333, 5672211.362600001], [6424987.272, 5672208.9837], [6424989.8977, 5672207.576400001], [6424998.7886, 5672202.8113], [6425001.9362, 5672201.124299999], [6425005.092, 5672199.433], [6425007.2752, 5672201.027000001], [6425012.0379, 5672204.5045], [6425030.379, 5672217.896299999], [6425035.5119, 5672221.644099999], [6425039.3936, 5672224.4783], [6425043.0513, 5672227.1489], [6425046.3909, 5672229.587300001], [6425047.204, 5672230.181], [6425049.747, 5672223.970899999], [6425050.12, 5672223.0600000005], [6425056.0219, 5672227.5317], [6425060.049, 5672230.582900001], [6425061.663, 5672231.8059], [6425078.6425, 5672244.6708], [6425079.9223, 5672245.6405], [6425081.9042, 5672247.142100001], [6425087.1, 5672251.0788], [6425096.4847, 5672258.1894000005], [6425117.9166, 5672274.4278], [6425133.1235, 5672285.9498], [6425136.5751, 5672288.5649], [6425138.3214, 5672289.888], [6425144.671, 5672294.698999999], [6425144.2087, 5672296.3094], [6425144.0852, 5672296.739600001], [6425143.3688, 5672299.2349], [6425143.0886, 5672300.2107], [6425141.1008, 5672307.1349], [6425138.951, 5672314.623], [6425137.2099, 5672318.956499999], [6425121.8574, 5672357.1677], [6425115.649, 5672372.619999999], [6425106.0301, 5672396.3407000005], [6425087.5712, 5672441.861], [6425087.484, 5672442.075999999], [6425052.322, 5672512.013], [6425046.5682, 5672523.3528], [6425018.52, 5672578.630999999], [6424984.156, 5672648.551999999], [6424950.754, 5672715.159], [6424917.258, 5672781.866], [6424882.593, 5672851.085999999], [6424851.718, 5672911.359999999], [6424817.425, 5672978.577], [6424783.524, 5673045.187999999], [6424748.581, 5673116.312999999], [6424722.9077, 5673165.9592], [6424713.402, 5673184.341], [6424681.172, 5673248.134], [6424645.223, 5673318.873], [6424613.785, 5673382.255000001], [6424579.784, 5673448.768999999], [6424548.536, 5673527.550000001], [6424521.677, 5673597.277000001], [6424494.485, 5673664.509], [6424468.722, 5673734.1219999995], [6424442.766, 5673796.139], [6424409.108, 5673891.051000001], [6424397.869, 5673953.989], [6424401.067, 5674052.653999999], [6424405.228, 5674148.407], [6424405.0001, 5674181.299799999], [6424404.499, 5674253.623], [6424399.357, 5674324.691], [6424397.146, 5674340.419], [6424388.1815, 5674368.3291]]]}, "properties": {"OBJECTID": 32, "NROSIEDLA": 36, "NAZWAOSIEDLA": "Pracze Odrzańskie", "SHAPE.AREA": 10021903.6910105, "SHAPE.LEN": 17789.9530519769, "DATA": 1453334400000}}, {"type": "Feature", "id": 33, "geometry": {"type": "Polygon", "coordinates": [[[6427783.5279, 5662383.9209], [6427783.7928, 5662385.292300001], [6427764.5228, 5662387.594699999], [6427727.325, 5662392.039100001], [6427723.592, 5662392.6041], [6427675.8489, 5662400.210999999], [6427666.6329, 5662405.633199999], [6427647.4501, 5662408.825200001], [6427597.6951, 5662416.927999999], [6427543.55, 5662425.7652], [6427498.446, 5662433.002], [6427485.5989, 5662460.8542], [6427485.407, 5662461.27], [6427482.892, 5662466.700099999], [6427459.2401, 5662467.7301], [6427445.639, 5662468.329], [6427430.8741, 5662468.759099999], [6427418.317, 5662469.062000001], [6427401.1931, 5662469.561000001], [6427382.623, 5662469.647], [6427369.207, 5662469.15], [6427365.3944, 5662468.7837000005], [6427355.171, 5662467.801200001], [6427352.4531, 5662474.674000001], [6427353.23, 5662479.539999999], [6427356.9391, 5662502.6501], [6427367.8929, 5662542.7082], [6427373.8922, 5662557.279200001], [6427379.545, 5662571.009199999], [6427380.4056, 5662582.3356], [6427208.7973, 5662511.4823], [6427120.3296, 5662475.130799999], [6427083.8158, 5662459.884400001], [6426940.4583, 5662400.8324], [6426931.9696, 5662397.6225000005], [6426874.3666, 5662373.9158], [6426845.6308, 5662361.935799999], [6426715.7213, 5662308.505899999], [6426696.18, 5662300.298699999], [6426581.1545, 5662252.937000001], [6426551.7804, 5662240.8058], [6426548.0349, 5662239.475400001], [6426327.335, 5662148.3291], [6426239.9918, 5662111.9318], [6426186.5891, 5662089.989499999], [6426098.3531, 5662053.142100001], [6425935.2854, 5661985.954500001], [6425842.3816, 5661947.520099999], [6425837.4222, 5661945.4684], [6425830.2512, 5661942.501800001], [6425736.6183, 5661903.765799999], [6425649.9917, 5661867.656400001], [6425474.6849, 5661795.4123], [6425452.105, 5661786.059699999], [6425436.6295, 5661779.3969], [6425404.746, 5661766.4662], [6425395.7689, 5661762.709899999], [6425388.6176, 5661760.1537], [6425384.0265, 5661758.3323], [6424992.7072, 5661595.2466], [6424976.9871, 5661588.9964000005], [6424960.3084, 5661582.0046], [6424956.1765, 5661579.920600001], [6424955.8069, 5661577.955], [6424954.9699, 5661573.503900001], [6424920.0448, 5661387.766000001], [6424887.7656, 5661224.782299999], [6424886.4475, 5661215.702299999], [6424929.588, 5661212.668], [6424949.813, 5661211.243000001], [6424986.186, 5661216.152000001], [6425072.991, 5661233.0600000005], [6425131.857, 5661242.513], [6425155.831, 5661244.414999999], [6425166.731, 5661248.473999999], [6425191.754, 5661257.784], [6425215.705, 5661263.566], [6425220.127, 5661262.073000001], [6425247.01, 5661266.3100000005], [6425265.629, 5661273.665999999], [6425352.24, 5661318.117000001], [6425370.609, 5661320.494999999], [6425409.116, 5661329.200999999], [6425495.324, 5661315.101], [6425541.003, 5661310.491], [6425557.713, 5661307.899], [6425572.775, 5661309.517999999], [6425578.523, 5661310.138], [6425578.837, 5661300.603], [6425584.615, 5661267.359999999], [6425593.091, 5661248.015000001], [6425600.957, 5661235.198999999], [6425631.021, 5661199.823000001], [6425642.488, 5661179.693], [6425661.079, 5660932.709000001], [6425663.601, 5660903.895], [6425675.467, 5660728.1899999995], [6425683.56, 5660729.211999999], [6425688.218, 5660725.725], [6425817.949, 5660628.688999999], [6425978.79, 5660509.5030000005], [6425974.026, 5660505.029999999], [6425921.288, 5660466.004000001], [6425933.821, 5660452.821], [6425985.294, 5660426.085999999], [6426043.422, 5660398.049000001], [6426142.462, 5660362.357000001], [6426179.555, 5660338.176999999], [6426211.917, 5660309.833000001], [6426230.548, 5660288.206], [6426234.987, 5660283.051999999], [6426262.063, 5660241.890000001], [6426299.581, 5660179.209000001], [6426326.609, 5660134.057], [6426353.718, 5660097.223999999], [6426369.516, 5660081.9120000005], [6426376.772, 5660074.884], [6426398.804, 5660058.176999999], [6426471.801, 5660016.293], [6426521.435, 5659996.183], [6426603.684, 5659956.116], [6426631.037, 5659942.795], [6426641.763, 5659924.134], [6426626.002, 5659861.916999999], [6426627.436, 5659842.267000001], [6426640.177, 5659823.971999999], [6426642.77, 5659826.691], [6426656.043, 5659821.0600000005], [6426694.647, 5659804.675000001], [6426741.311, 5659784.8719999995], [6426789.185, 5659764.274], [6426801.234, 5659758.328], [6426815.09, 5659752.130999999], [6426820.642, 5659748.964], [6426837.787, 5659739.266000001], [6426854.028, 5659730.09], [6426889.925, 5659709.6850000005], [6426927.132, 5659689.204], [6426971.359, 5659665.438999999], [6426976.208, 5659662.84], [6426973.612, 5659652.481000001], [6426956.821, 5659585.556], [6426947.401, 5659590.619999999], [6426944.573, 5659585.854], [6426932.437, 5659539.8149999995], [6426916.1331, 5659447.863500001], [6426970.3501, 5659432.1051], [6426970.353, 5659432.105599999], [6426970.5786, 5659432.2508000005], [6426970.946, 5659432.485200001], [6426971.4589, 5659432.8124], [6426975.8248, 5659435.597200001], [6426976.907, 5659436.288000001], [6426977.1524, 5659436.2532], [6426991.873, 5659434.168], [6427005.9, 5659432.182], [6427009.4401, 5659431.680500001], [6427012.5714, 5659431.2369], [6427019.2039, 5659430.2974], [6427019.24, 5659430.050000001], [6427026.7548, 5659428.9912], [6427051.2444, 5659425.5407], [6427069.1722, 5659423.014799999], [6427097.3878, 5659419.0394], [6427108.8768, 5659417.420700001], [6427122.9995, 5659415.4308], [6427139.6992, 5659413.0779], [6427158.4538, 5659410.4355], [6427165.489, 5659409.4443], [6427191.4738, 5659405.7831999995], [6427202.1752, 5659404.2754], [6427205.6555, 5659403.785], [6427219.6791, 5659401.8092], [6427225.8168, 5659400.944399999], [6427233.5154, 5659399.8597], [6427242.4327, 5659398.6033], [6427251.225, 5659397.364499999], [6427260.7346, 5659396.024700001], [6427276.4053, 5659393.8168], [6427283.7692, 5659392.779200001], [6427295.7199, 5659391.0954], [6427297.8895, 5659390.789799999], [6427302.3024, 5659390.168], [6427336.1218, 5659385.403000001], [6427341.4042, 5659384.6588], [6427354.097, 5659382.8707], [6427354.1, 5659382.869999999], [6427365.7817, 5659381.5296], [6427370.4913, 5659380.9891], [6427376.7571, 5659380.2699], [6427377.6882, 5659380.163000001], [6427390.5619, 5659378.6855], [6427413.5391, 5659376.0481], [6427427.012, 5659374.501700001], [6427438.4193, 5659373.192500001], [6427441.1881, 5659372.8747000005], [6427483.0578, 5659368.0692], [6427484.8249, 5659367.8663], [6427517.9664, 5659364.062100001], [6427518.132, 5659364.043199999], [6427520.5746, 5659363.7634], [6427522.0211, 5659363.5973000005], [6427523.2337, 5659363.4582], [6427525.1447, 5659363.2388], [6427525.7234, 5659363.1724], [6427526.496, 5659363.083799999], [6427527.6108, 5659362.955800001], [6427532.0205, 5659362.4497], [6427533.3827, 5659362.293400001], [6427536.8015, 5659361.901000001], [6427537.1799, 5659361.8576], [6427539.0096, 5659361.647600001], [6427542.639, 5659361.231000001], [6427543.1939, 5659361.1609000005], [6427544.3581, 5659361.013900001], [6427546.0529, 5659360.799900001], [6427552.3595, 5659360.0035999995], [6427553.0629, 5659359.9147], [6427558.366, 5659359.244899999], [6427560.8, 5659358.9373], [6427561.8206, 5659358.8089000005], [6427565.6327, 5659358.3281], [6427569.4141, 5659357.851600001], [6427573.0763, 5659357.3892], [6427578.3306, 5659356.726500001], [6427580.5531, 5659356.446], [6427583.2611, 5659356.1043], [6427586.6121, 5659355.681500001], [6427588.0885, 5659355.495200001], [6427588.7579, 5659355.410700001], [6427589.3566, 5659355.335200001], [6427590.1798, 5659355.2235], [6427590.192, 5659355.221999999], [6427590.201, 5659355.220899999], [6427590.2123, 5659355.2194], [6427590.2972, 5659355.208699999], [6427590.3134, 5659355.206700001], [6427590.3883, 5659355.1972], [6427590.42, 5659355.1932], [6427590.5636, 5659355.175000001], [6427590.8338, 5659355.140900001], [6427591.2585, 5659355.087200001], [6427592.9173, 5659354.8774999995], [6427596.7528, 5659354.3927], [6427597.0819, 5659354.3511], [6427609.6197, 5659352.7662], [6427616.159, 5659351.9396], [6427626.7424, 5659350.6019], [6427642.0671, 5659348.6647], [6427643.5831, 5659348.473099999], [6427645.9247, 5659348.177100001], [6427651.477, 5659347.475299999], [6427651.5557, 5659347.465299999], [6427651.7721, 5659347.438100001], [6427715.0254, 5659339.4428], [6427785.8481, 5659377.7820999995], [6427785.8496, 5659377.7907], [6427785.8585, 5659377.8365], [6427785.9029, 5659378.0691], [6427786.0564, 5659378.878699999], [6427786.6823, 5659382.1807], [6427787.9476, 5659388.856699999], [6427788.7136, 5659392.8968], [6427789.0215, 5659394.5209], [6427789.7738, 5659398.489700001], [6427790.6698, 5659403.2173999995], [6427791.5965, 5659408.1052], [6427792.921, 5659415.0923], [6427794.3202, 5659422.474199999], [6427795.3374, 5659427.8419], [6427796.997, 5659436.5940000005], [6427799.4364, 5659449.4618], [6427801.1613, 5659458.5602], [6427802.52, 5659465.727], [6427805.2548, 5659480.1535], [6427806.2312, 5659485.3048], [6427807.3512, 5659491.213099999], [6427809.702, 5659503.614], [6427810.284, 5659506.862], [6427810.8659, 5659510.109999999], [6427811.2869, 5659512.4582], [6427811.4485, 5659513.359099999], [6427811.6758, 5659514.628799999], [6427812.03, 5659516.607000001], [6427815.005, 5659533.914000001], [6427816.8604, 5659544.7051], [6427816.8641, 5659544.726], [6427817.6528, 5659549.3157], [6427818.715, 5659555.4969999995], [6427820.7047, 5659567.0723], [6427821.3079, 5659570.581499999], [6427821.4933, 5659571.6598000005], [6427822.3188, 5659576.461999999], [6427822.425, 5659577.08], [6427823.107, 5659577.8498], [6427826.4721, 5659581.648399999], [6427829.7882, 5659585.3917], [6427831.3944, 5659587.2048], [6427835.242, 5659591.548], [6427837.8799, 5659595.234200001], [6427841.8562, 5659600.7906], [6427846.5423, 5659607.339], [6427860.257, 5659626.503799999], [6427865.7793, 5659634.2206999995], [6427879.7474, 5659653.739499999], [6427890.2422, 5659668.4048999995], [6427902.5356, 5659685.5836], [6427910.1609, 5659696.2391], [6427923.3199, 5659714.6274999995], [6427931.2156, 5659725.6609000005], [6427935.372, 5659731.4690000005], [6427940.784, 5659739.034], [6427941.221, 5659739.649], [6427945.5658, 5659745.707699999], [6427945.6054, 5659745.675000001], [6427963.444, 5659730.895], [6427966.5023, 5659728.109999999], [6427976.6991, 5659718.8248], [6427986.1781, 5659710.1932], [6427992.4011, 5659704.5264], [6427996.4268, 5659700.198100001], [6428006.477, 5659689.392200001], [6428008.3627, 5659687.1357], [6428010.2146, 5659692.7161], [6428012.414, 5659699.3440000005], [6428017.992, 5659716.158], [6428021.189, 5659725.8100000005], [6428021.3391, 5659726.4322999995], [6428024.622, 5659740.039999999], [6428025.0821, 5659740.443499999], [6428026.0143, 5659741.261], [6428027.7928, 5659742.820599999], [6428028.8855, 5659743.7787], [6428030.2549, 5659744.979599999], [6428034.483, 5659748.6872000005], [6428035.7402, 5659749.7897], [6428040.4742, 5659753.941], [6428041.66, 5659754.980799999], [6428047.2428, 5659759.8763999995], [6428048.1048, 5659760.632300001], [6428053.7809, 5659765.6098], [6428054.9659, 5659766.649], [6428059.7566, 5659770.85], [6428061.1392, 5659772.0624], [6428064.6285, 5659775.122199999], [6428066.6969, 5659776.936000001], [6428071.1286, 5659780.8222], [6428071.7477, 5659781.3651], [6428076.7835, 5659785.781099999], [6428078.1744, 5659787.0008000005], [6428082.4536, 5659790.7533], [6428084.341, 5659792.408299999], [6428087.5637, 5659795.2344], [6428089.9777, 5659797.351299999], [6428090.218, 5659797.562000001], [6428093.5797, 5659800.5099], [6428094.9019, 5659801.669299999], [6428099.1728, 5659805.4145], [6428100.0251, 5659806.161900001], [6428103.6524, 5659809.342700001], [6428105.6552, 5659811.099099999], [6428108.5417, 5659813.6303], [6428110.1087, 5659815.0043], [6428111.219, 5659815.978], [6428113.3881, 5659817.927200001], [6428115.5766, 5659819.8938], [6428118.5935, 5659822.604900001], [6428120.5408, 5659824.354699999], [6428123.2832, 5659826.8191], [6428125.9113, 5659829.1807], [6428129.0071, 5659831.9627], [6428129.9392, 5659832.8002], [6428133.9706, 5659836.422900001], [6428135.9666, 5659838.216499999], [6428138.0859, 5659840.120999999], [6428140.3445, 5659842.150599999], [6428141.855, 5659843.507999999], [6428143.2129, 5659844.7279], [6428145.2389, 5659846.548], [6428149.3081, 5659850.203600001], [6428150.5049, 5659851.2787999995], [6428153.8733, 5659854.3049], [6428156.1243, 5659856.327], [6428158.7312, 5659858.6689], [6428160.9308, 5659860.645], [6428163.9366, 5659863.3454], [6428165.5783, 5659864.8202], [6428169.1951, 5659868.069399999], [6428170.5792, 5659869.3127999995], [6428174.0368, 5659872.4191], [6428176.4283, 5659874.567399999], [6428177.991, 5659875.971999999], [6428179.9966, 5659877.773], [6428181.8888, 5659879.4728], [6428185.926, 5659883.0996], [6428186.9075, 5659883.9813], [6428189.7031, 5659886.492799999], [6428192.0322, 5659888.585100001], [6428195.2419, 5659891.4684999995], [6428196.7505, 5659892.8237], [6428199.8865, 5659895.641000001], [6428201.8045, 5659897.364], [6428205.1241, 5659900.346100001], [6428206.6112, 5659901.682], [6428210.7314, 5659905.3836], [6428212.4428, 5659906.9208], [6428214.622, 5659908.879000001], [6428215.3845, 5659909.5638999995], [6428217.6206, 5659911.5721], [6428219.2111, 5659913.0009], [6428221.9502, 5659915.4615], [6428224.1303, 5659917.4199], [6428226.0148, 5659919.1128], [6428229.1451, 5659921.924799999], [6428231.3517, 5659923.907], [6428234.197, 5659926.4629999995], [6428234.7621, 5659926.970899999], [6428236.9476, 5659928.9354], [6428239.386, 5659931.1272], [6428241.5088, 5659933.0352], [6428245.6483, 5659936.756200001], [6428246.6129, 5659937.6230999995], [6428250.06, 5659940.721999999], [6428250.5812, 5659941.190099999], [6428251.423, 5659941.946], [6428252.0821, 5659942.537900001], [6428252.7435, 5659943.1317], [6428253.2873, 5659943.619899999], [6428254.221, 5659944.4582], [6428254.8968, 5659945.0649], [6428257.148, 5659947.085999999], [6428257.7968, 5659947.6697], [6428257.817, 5659947.6877999995], [6428259.4405, 5659949.1483], [6428260.0997, 5659949.7414], [6428261.22, 5659950.75], [6428262.8468, 5659952.212200001], [6428264.2527, 5659953.4759], [6428266.5029, 5659955.498400001], [6428268.178, 5659957.004000001], [6428269.371, 5659958.0759], [6428271.8382, 5659960.2926], [6428275.7943, 5659963.847100001], [6428276.1847, 5659964.197899999], [6428281.5145, 5659968.9866], [6428282.8988, 5659970.2304], [6428283.21, 5659970.51], [6428283.257, 5659970.550000001], [6428287.3541, 5659974.2315], [6428288.2018, 5659974.992900001], [6428290.4919, 5659977.050100001], [6428292.2982, 5659978.672700001], [6428294.5286, 5659980.676200001], [6428296.7803, 5659982.698899999], [6428299.2082, 5659984.879899999], [6428299.5829, 5659985.2159], [6428301.5019, 5659986.9407], [6428302.1582, 5659987.530300001], [6428302.481, 5659987.819399999], [6428303.145, 5659988.416099999], [6428304.354, 5659989.502699999], [6428306.3681, 5659991.3124], [6428308.2578, 5659993.010399999], [6428310.0784, 5659994.646199999], [6428312.806, 5659997.096999999], [6428316.1204, 5660000.0725], [6428317.4794, 5660001.2925], [6428319.27, 5660002.9], [6428325.177, 5660008.203], [6428325.826, 5660008.785599999], [6428326.688, 5660009.5594], [6428332.2826, 5660014.581900001], [6428334.2197, 5660016.320900001], [6428338.9033, 5660020.525599999], [6428341.4811, 5660022.8401999995], [6428342.045, 5660023.346000001], [6428344.372, 5660025.437999999], [6428345.0367, 5660026.035599999], [6428346.5822, 5660027.424900001], [6428348.64, 5660029.274900001], [6428350.9974, 5660031.394200001], [6428351.5785, 5660031.9166], [6428354.8161, 5660034.827199999], [6428370.7401, 5660049.1428], [6428374.6628, 5660052.669299999], [6428375.0647, 5660053.0306], [6428388.4422, 5660065.057399999], [6428393.2524, 5660069.381899999], [6428402.626, 5660077.809], [6428406.1464, 5660081.222100001], [6428411.5633, 5660086.473999999], [6428416.667, 5660091.422], [6428424.3003, 5660098.823100001], [6428424.4268, 5660098.945699999], [6428425.4755, 5660099.9625], [6428429.4106, 5660103.777799999], [6428429.5811, 5660103.9431], [6428430.0601, 5660104.407500001], [6428430.7071, 5660105.0349], [6428431.1407, 5660105.4552], [6428431.3599, 5660105.6677], [6428431.752, 5660106.047900001], [6428433.2168, 5660107.468], [6428433.7334, 5660107.968800001], [6428435.0762, 5660109.2707], [6428435.5291, 5660109.7097], [6428436.957, 5660111.0940000005], [6428437.123, 5660111.255000001], [6428437.2673, 5660111.4242], [6428438.4564, 5660112.819], [6428438.6839, 5660113.0858], [6428439.9173, 5660114.532500001], [6428440.281, 5660114.959100001], [6428441.4073, 5660116.280099999], [6428441.7834, 5660116.7212000005], [6428442.9079, 5660118.040200001], [6428443.1685, 5660118.345799999], [6428444.5427, 5660119.957599999], [6428444.7746, 5660120.229599999], [6428445.9504, 5660121.6087], [6428446.2222, 5660121.9276], [6428446.4303, 5660122.171599999], [6428446.9275, 5660122.7546999995], [6428447.0513, 5660122.899900001], [6428447.8907, 5660123.884500001], [6428448.1143, 5660124.1468], [6428448.7647, 5660124.909600001], [6428449.0364, 5660125.2282], [6428449.6628, 5660125.9629999995], [6428449.8569, 5660126.1907], [6428450.4603, 5660126.898399999], [6428450.7395, 5660127.2259], [6428451.3181, 5660127.9045], [6428451.6108, 5660128.2478], [6428452.1557, 5660128.8869], [6428452.4426, 5660129.2235], [6428453.0596, 5660129.9472], [6428453.3252, 5660130.2586], [6428453.9816, 5660131.0286], [6428454.2134, 5660131.3004], [6428454.9008, 5660132.106699999], [6428455.1101, 5660132.3522], [6428455.8482, 5660133.2179000005], [6428456.035, 5660133.437000001], [6428456.7585, 5660134.285599999], [6428457.0472, 5660134.624299999], [6428457.209, 5660134.813999999], [6428457.5154, 5660135.1734], [6428457.9298, 5660135.659499999], [6428458.3686, 5660136.1742], [6428458.5585, 5660136.397], [6428459.3279, 5660137.2995], [6428459.5228, 5660137.528100001], [6428460.1958, 5660138.317500001], [6428460.5097, 5660138.6855999995], [6428461.1398, 5660139.424799999], [6428461.333, 5660139.6514], [6428461.8292, 5660140.2335], [6428462.0319, 5660140.471000001], [6428462.3171, 5660140.8050999995], [6428462.9354, 5660141.532500001], [6428463.2066, 5660141.8507], [6428463.818, 5660142.568], [6428464.0128, 5660142.796599999], [6428464.7536, 5660143.6657], [6428464.9431, 5660143.888], [6428465.03, 5660143.99], [6428465.7553, 5660144.8396000005], [6428465.9538, 5660145.072000001], [6428466.8247, 5660146.0921], [6428466.9421, 5660146.229599999], [6428467.6696, 5660147.081700001], [6428467.6958, 5660147.112299999], [6428467.7943, 5660147.227700001], [6428467.9558, 5660147.4169], [6428468.1756, 5660147.6743], [6428468.2267, 5660147.734099999], [6428468.58, 5660148.148], [6428468.6215, 5660148.2041], [6428468.7178, 5660148.3342], [6428468.8002, 5660148.445599999], [6428469.0524, 5660148.786499999], [6428469.1253, 5660148.8851], [6428469.4926, 5660149.3815], [6428469.5822, 5660149.502599999], [6428469.922, 5660149.961999999], [6428469.9702, 5660150.026900001], [6428470.0513, 5660150.136], [6428470.3805, 5660150.5789], [6428470.4584, 5660150.683700001], [6428470.826, 5660151.178300001], [6428470.9079, 5660151.2886], [6428471.2833, 5660151.7937], [6428471.3645, 5660151.902899999], [6428471.7151, 5660152.3747000005], [6428471.8164, 5660152.5109], [6428472.1448, 5660152.9529], [6428472.2494, 5660153.093599999], [6428472.515, 5660153.450999999], [6428472.5468, 5660153.494000001], [6428472.6571, 5660153.6428], [6428472.7425, 5660153.758099999], [6428473.0955, 5660154.234300001], [6428473.24, 5660154.429400001], [6428473.9055, 5660155.327500001], [6428474.1885, 5660155.7094], [6428474.7615, 5660156.4827], [6428475.029, 5660156.843800001], [6428475.5584, 5660157.5581], [6428475.7471, 5660157.812899999], [6428476.4725, 5660158.7918], [6428476.7162, 5660159.1206], [6428477.3056, 5660159.915999999], [6428477.6257, 5660160.347999999], [6428478.1702, 5660161.082800001], [6428478.3535, 5660161.3302], [6428478.4355, 5660161.4409], [6428478.5557, 5660161.603], [6428478.8711, 5660162.0287], [6428479.1347, 5660162.384500001], [6428479.235, 5660162.5198], [6428479.7473, 5660163.211200001], [6428479.8702, 5660163.377], [6428480.248, 5660163.8869], [6428480.4505, 5660164.1602], [6428480.9015, 5660164.7688], [6428481.0042, 5660164.907400001], [6428481.4735, 5660165.5408], [6428481.5955, 5660165.7053], [6428482.0086, 5660166.262800001], [6428482.168, 5660166.4779], [6428482.6177, 5660167.084799999], [6428482.7452, 5660167.256899999], [6428483.175, 5660167.8368999995], [6428483.3208, 5660168.0337000005], [6428483.7213, 5660168.5744], [6428483.84, 5660168.734999999], [6428483.9387, 5660168.867699999], [6428484.2905, 5660169.3423999995], [6428484.4563, 5660169.566199999], [6428484.8325, 5660170.073799999], [6428484.8647, 5660170.1173], [6428485.4381, 5660170.891100001], [6428485.5417, 5660171.0309], [6428485.9899, 5660171.6358], [6428486.1241, 5660171.8169], [6428486.5428, 5660172.381999999], [6428486.6804, 5660172.567600001], [6428487.129, 5660173.173], [6428487.1932, 5660173.2597], [6428487.5979, 5660173.8059], [6428487.7281, 5660173.9815], [6428488.149, 5660174.5496], [6428488.2833, 5660174.730799999], [6428488.7664, 5660175.3828], [6428488.8824, 5660175.5394], [6428489.3516, 5660176.172599999], [6428489.4549, 5660176.312000001], [6428489.9536, 5660176.984999999], [6428490.0917, 5660177.171399999], [6428490.568, 5660177.814200001], [6428490.6623, 5660177.941400001], [6428491.159, 5660178.6118], [6428491.2711, 5660178.7631], [6428491.739, 5660179.3945], [6428491.8468, 5660179.539899999], [6428492.24, 5660180.070599999], [6428492.4396, 5660180.34], [6428492.8344, 5660180.8728], [6428492.9227, 5660180.991900001], [6428493.3212, 5660181.5296], [6428493.4568, 5660181.712099999], [6428493.4773, 5660181.740800001], [6428493.4807, 5660181.7455], [6428493.8589, 5660182.2556], [6428494.0266, 5660182.482100001], [6428494.3919, 5660182.975400001], [6428494.504, 5660183.126700001], [6428494.9027, 5660183.664999999], [6428494.9292, 5660183.7009], [6428495.0831, 5660183.9087000005], [6428495.1172, 5660183.9549], [6428495.165, 5660184.018999999], [6428495.4056, 5660184.3444], [6428495.6171, 5660184.6305], [6428495.7436, 5660184.8016], [6428495.9912, 5660185.136399999], [6428496.2194, 5660185.445], [6428496.3762, 5660185.6570999995], [6428496.6808, 5660186.069], [6428496.822, 5660186.26], [6428496.8514, 5660186.2996], [6428497.2234, 5660186.8004], [6428497.3379, 5660186.954600001], [6428497.6154, 5660187.3281], [6428497.8293, 5660187.6161], [6428498.0337, 5660187.8913], [6428498.286, 5660188.231000001], [6428498.4468, 5660188.4474], [6428498.6822, 5660188.7644], [6428498.8625, 5660189.007099999], [6428498.8956, 5660189.0516], [6428499.0006, 5660189.193], [6428499.008, 5660189.203], [6428499.0989, 5660189.3292], [6428499.393, 5660189.737400001], [6428499.4849, 5660189.865], [6428499.6547, 5660190.1008], [6428499.783, 5660190.278899999], [6428500.0019, 5660190.582800001], [6428500.0663, 5660190.6722], [6428500.3413, 5660191.054099999], [6428500.5251, 5660191.3092], [6428501.185, 5660192.225400001], [6428501.6217, 5660192.8325], [6428521.1122, 5660219.9054000005], [6428555.9981, 5660271.770300001], [6428581.5119, 5660317.514900001], [6428602.2265, 5660364.157500001], [6428613.3687, 5660399.905099999], [6428621.5255, 5660439.328299999], [6428623.6581, 5660480.9344999995], [6428622.1729, 5660525.1839000005], [6428618.6373, 5660562.767899999], [6428611.0375, 5660616.4925], [6428607.4379, 5660641.9363], [6428606.0849, 5660654.856000001], [6428606.0226, 5660655.2959], [6428615.3115, 5660676.3496], [6428663.9937, 5660682.3521], [6428678.1758, 5660684.101199999], [6428682.7803, 5660684.6691], [6428680.2566, 5660694.5637], [6428665.8212, 5660731.0887], [6428665.6433, 5660731.538899999], [6428661.4492, 5660742.150900001], [6428658.4976, 5660748.8452], [6428658.0378, 5660750.113600001], [6428657.7159, 5660751.557399999], [6428657.4723, 5660752.6041], [6428657.0316, 5660753.8357], [6428656.8601, 5660754.941], [6428656.5153, 5660755.827500001], [6428656.1011, 5660756.8619], [6428655.5671, 5660758.104900001], [6428655.1111, 5660759.0759], [6428654.4728, 5660760.4571], [6428653.9882, 5660761.5867], [6428653.372, 5660762.8111000005], [6428652.6067, 5660764.2588], [6428652.0581, 5660765.426200001], [6428651.4766, 5660766.8683], [6428651.0151, 5660768.2140999995], [6428650.7095, 5660769.4506], [6428650.3247, 5660770.547599999], [6428649.9235, 5660771.489399999], [6428649.5155, 5660772.616699999], [6428649.1666, 5660773.5393], [6428648.6972, 5660774.6335], [6428648.0873, 5660776.024599999], [6428647.5648, 5660777.4321], [6428647.1549, 5660778.4997000005], [6428646.6743, 5660779.6907], [6428646.1975, 5660781.0427], [6428645.7242, 5660782.1997], [6428645.2127, 5660783.670399999], [6428644.9835, 5660784.7018], [6428644.7295, 5660785.226199999], [6428644.0502, 5660786.6184], [6428643.4365, 5660788.191500001], [6428643.0855, 5660788.9772], [6428642.5666, 5660790.063999999], [6428642.0379, 5660791.207699999], [6428641.4893, 5660792.5076], [6428641.0906, 5660793.714199999], [6428640.6936, 5660794.7391], [6428640.3237, 5660795.707800001], [6428639.8828, 5660796.8455], [6428639.4434, 5660797.954299999], [6428639.0088, 5660799.169500001], [6428638.5557, 5660800.0854], [6428637.8913, 5660801.6293], [6428637.2715, 5660803.3068], [6428636.7352, 5660804.780300001], [6428636.3405, 5660805.786499999], [6428635.787, 5660807.061000001], [6428635.1576, 5660808.466700001], [6428634.5913, 5660809.910800001], [6428634.0959, 5660811.1884], [6428633.5461, 5660812.4614], [6428633.0126, 5660813.7815000005], [6428632.4421, 5660815.352600001], [6428632.0496, 5660816.282500001], [6428631.5363, 5660817.469799999], [6428631.1731, 5660818.6098], [6428630.8729, 5660819.518999999], [6428630.3552, 5660820.786599999], [6428629.8077, 5660822.077099999], [6428629.3303, 5660823.1943], [6428628.9026, 5660824.2293], [6428628.4825, 5660825.1382], [6428627.9768, 5660826.1214000005], [6428627.3727, 5660827.3763], [6428626.7867, 5660829.007999999], [6428626.3538, 5660830.246200001], [6428626.0443, 5660831.2168000005], [6428625.433, 5660832.588400001], [6428625.0071, 5660833.876800001], [6428624.6332, 5660834.8181], [6428624.2363, 5660835.8029], [6428623.8159, 5660836.852700001], [6428623.4781, 5660837.842700001], [6428622.9739, 5660839.1416], [6428622.5918, 5660840.0342], [6428622.0768, 5660841.2289], [6428621.2157, 5660843.3463], [6428620.5783, 5660844.892899999], [6428619.4022, 5660847.373], [6428618.8057, 5660849.148700001], [6428618.5747, 5660850.4026999995], [6428618.3714, 5660851.147700001], [6428617.8926, 5660852.546599999], [6428617.6021, 5660853.4397], [6428617.1824, 5660854.5558], [6428616.7678, 5660855.7158], [6428616.3343, 5660856.7071], [6428615.8613, 5660857.818], [6428615.4239, 5660858.9496], [6428615.1154, 5660859.830600001], [6428614.5857, 5660861.0282000005], [6428614.1255, 5660862.015900001], [6428613.6007, 5660863.1624], [6428613.03, 5660864.494000001], [6428612.6405, 5660865.6921999995], [6428612.232, 5660866.6872000005], [6428611.6813, 5660867.760199999], [6428611.056, 5660869.0766], [6428610.5443, 5660870.2546999995], [6428609.9958, 5660871.8005], [6428609.6301, 5660873.247300001], [6428609.3514, 5660874.339], [6428609.1154, 5660874.987199999], [6428608.6957, 5660875.9365], [6428608.1632, 5660877.3969], [6428607.7537, 5660878.6118], [6428607.489, 5660879.4089], [6428606.9521, 5660880.454500001], [6428605.6988, 5660883.818], [6428604.3284, 5660887.511499999], [6428601.906, 5660891.786599999], [6428600.1992, 5660896.3672], [6428599.2758, 5660898.8223], [6428594.5373, 5660910.282500001], [6428593.9797, 5660911.3585], [6428592.8598, 5660913.964199999], [6428592.3552, 5660915.3989], [6428591.9967, 5660916.522], [6428591.6116, 5660917.554400001], [6428591.2625, 5660918.3147], [6428590.6486, 5660919.5001], [6428590.0188, 5660921.0163], [6428589.6305, 5660922.045299999], [6428589.1048, 5660923.254000001], [6428588.6967, 5660924.673599999], [6428588.5064, 5660925.5537], [6428588.1721, 5660926.3509], [6428587.6817, 5660927.3596], [6428587.1105, 5660928.7191], [6428586.6343, 5660930.093800001], [6428586.2825, 5660931.0348000005], [6428585.9153, 5660931.8978], [6428585.4091, 5660932.8791000005], [6428584.7756, 5660934.4438000005], [6428584.3805, 5660935.5666000005], [6428583.9563, 5660936.6866999995], [6428583.5343, 5660937.6766], [6428583.1067, 5660938.6592], [6428582.6233, 5660939.6445], [6428581.9651, 5660941], [6428581.4809, 5660942.0383], [6428580.9271, 5660943.398], [6428580.4997, 5660944.512], [6428579.9174, 5660946.121200001], [6428579.5738, 5660947.161800001], [6428579.2956, 5660947.907], [6428578.9401, 5660948.697000001], [6428578.3299, 5660949.859300001], [6428577.7154, 5660951.150599999], [6428577.0489, 5660952.593], [6428576.5706, 5660953.8017], [6428576.0816, 5660955.1316], [6428575.6947, 5660956.244000001], [6428575.3434, 5660957.1437], [6428574.801, 5660958.373400001], [6428574.4252, 5660959.420299999], [6428573.972, 5660960.610200001], [6428573.6242, 5660961.748299999], [6428573.2736, 5660962.760299999], [6428572.6815, 5660964.0944], [6428572.3979, 5660965.115900001], [6428572.0989, 5660965.7718], [6428571.6763, 5660966.6151], [6428571.0655, 5660967.7831999995], [6428570.3916, 5660969.290200001], [6428570.0241, 5660970.362600001], [6428569.5453, 5660971.6304], [6428569.1064, 5660972.842599999], [6428568.7639, 5660973.8314], [6428568.3684, 5660974.998199999], [6428568.0563, 5660975.8796], [6428567.6952, 5660976.8147], [6428567.269, 5660977.8802000005], [6428566.8372, 5660979.026799999], [6428566.3714, 5660980.495999999], [6428565.887, 5660981.9618999995], [6428565.357, 5660983.507999999], [6428564.597, 5660985.798], [6428564.1019, 5660986.987400001], [6428563.6386, 5660988.247099999], [6428563.1122, 5660989.5890999995], [6428562.6236, 5660990.7457], [6428562.1525, 5660991.9399999995], [6428561.637, 5660993.170299999], [6428561.1912, 5660994.281400001], [6428560.6783, 5660995.4387], [6428560.1162, 5660996.809800001], [6428559.6543, 5660998.3178], [6428559.3786, 5660999.334899999], [6428559.1528, 5661000.006100001], [6428558.7721, 5661000.876800001], [6428558.2236, 5661002.0132], [6428557.6319, 5661003.283600001], [6428557.1986, 5661004.375600001], [6428556.7609, 5661005.5792], [6428556.4062, 5661006.6406], [6428555.8847, 5661008.1017], [6428555.5829, 5661010.476600001], [6428555.4271, 5661010.872199999], [6428555.0412, 5661011.682499999], [6428554.5269, 5661012.6064], [6428553.9886, 5661013.664100001], [6428553.4765, 5661014.512800001], [6428552.7348, 5661015.9066], [6428552.2872, 5661017.057399999], [6428551.7849, 5661018.2184], [6428551.1523, 5661019.5030000005], [6428550.6436, 5661020.6183], [6428550.2114, 5661021.581599999], [6428549.7273, 5661022.497099999], [6428549.1113, 5661023.6172], [6428548.526, 5661024.611500001], [6428547.9699, 5661025.5865], [6428547.4248, 5661026.597200001], [6428546.7625, 5661027.9691], [6428546.0862, 5661029.676999999], [6428545.7024, 5661030.787900001], [6428545.1693, 5661032.1576000005], [6428544.678, 5661033.3289], [6428544.2841, 5661034.471100001], [6428543.9906, 5661035.152799999], [6428543.5834, 5661035.9386], [6428543.0186, 5661036.794600001], [6428542.2748, 5661038.067], [6428541.7633, 5661039.100099999], [6428541.3188, 5661039.9706], [6428540.9069, 5661040.670700001], [6428540.2526, 5661041.5931], [6428539.4742, 5661042.781199999], [6428538.7818, 5661043.793], [6428538.0841, 5661044.9055], [6428537.4591, 5661045.745100001], [6428536.7848, 5661046.7355], [6428536.1579, 5661047.633400001], [6428535.2636, 5661048.7027], [6428534.3428, 5661049.9671], [6428533.6115, 5661051.358899999], [6428533.0075, 5661052.4386], [6428532.4366, 5661053.480699999], [6428531.6498, 5661054.704], [6428531.1063, 5661055.5735], [6428530.6055, 5661056.341700001], [6428529.832, 5661057.322799999], [6428529.1141, 5661058.338500001], [6428528.3455, 5661059.5494], [6428527.7912, 5661060.3969], [6428527.0979, 5661061.4986000005], [6428526.3751, 5661062.524800001], [6428525.6732, 5661063.564200001], [6428524.8178, 5661064.7162], [6428524.116, 5661065.642899999], [6428523.4527, 5661066.424900001], [6428522.5452, 5661067.518300001], [6428521.7519, 5661068.5776], [6428521.1381, 5661069.512800001], [6428520.4122, 5661070.565400001], [6428519.9968, 5661071.1163], [6428519.3916, 5661071.737], [6428518.6578, 5661072.535800001], [6428517.8461, 5661073.4387], [6428517.0951, 5661074.377699999], [6428516.1383, 5661075.5133], [6428515.3614, 5661076.5604], [6428514.5523, 5661077.517200001], [6428513.6622, 5661078.6041], [6428513.0332, 5661079.280300001], [6428511.994, 5661080.4583], [6428511.4636, 5661081.174799999], [6428510.9867, 5661081.632300001], [6428509.9263, 5661082.5962000005], [6428503.0714, 5661090.331499999], [6428486.1381, 5661107.5295], [6428465.7651, 5661123.4045], [6428456.5047, 5661128.431600001], [6428444.5984, 5661134.517000001], [6428403.0361, 5661156.3243], [6428403.0679, 5661156.405099999], [6428396.9032, 5661158.798800001], [6428387.8277, 5661162.249], [6428376.6486, 5661166.476600001], [6428369.7813, 5661169.098200001], [6428362.9401, 5661172.645400001], [6428354.9497, 5661174.832800001], [6428346.4969, 5661177.8115], [6428338.3615, 5661180.710000001], [6428331.2604, 5661183.2436], [6428309.4872, 5661190.962300001], [6428298.261, 5661195.3026], [6428285.8087, 5661199.447799999], [6428260.1905, 5661208.5962000005], [6428254.3483, 5661210.6669], [6428244.6731, 5661214.0962000005], [6428234.273, 5661217.7815000005], [6428224.6588, 5661221.2689], [6428209.6233, 5661226.782299999], [6428197.9179, 5661231.0922], [6428183.7113, 5661236.2731], [6428168.4671, 5661241.703299999], [6428154.6506, 5661246.7513], [6428135.3739, 5661253.919600001], [6428121.2175, 5661258.717599999], [6428100.5303, 5661266.000399999], [6428075.2469, 5661275.2017], [6428063.8407, 5661280.063100001], [6428045.1051, 5661289.2542], [6428030.4419, 5661297.3891], [6428021.7113, 5661304.2468], [6428007.1459, 5661316.0668], [6427997.7872, 5661324.531099999], [6427992.5898, 5661329.761299999], [6427986.648, 5661335.815300001], [6427975.5786, 5661348.701400001], [6427969.7891, 5661355.9991999995], [6427966.2288, 5661360.8727], [6427960.357, 5661369.2005], [6427954.765, 5661377.6427], [6427948.0427, 5661388.478599999], [6427939.7935, 5661400.433499999], [6427932.5524, 5661410.490599999], [6427920.6587, 5661424.302999999], [6427910.1262, 5661434.4848], [6427899.2508, 5661443.786], [6427894.1231, 5661447.408500001], [6427884.9819, 5661453.9526], [6427875.464, 5661461.619100001], [6427870.433, 5661465.6335], [6427861.1524, 5661473.047800001], [6427848.5846, 5661482.5941], [6427837.6114, 5661491.338400001], [6427822.2809, 5661503.1428], [6427815.0869, 5661509.1448], [6427805.0467, 5661517.538699999], [6427797.1531, 5661524.8912], [6427786.5238, 5661536.6372], [6427780.6006, 5661545.4618], [6427775.2817, 5661553.951300001], [6427767.8032, 5661567.0822], [6427764.613, 5661573.1328], [6427758.7024, 5661584.846899999], [6427753.7626, 5661594.912599999], [6427750.963, 5661600.6172], [6427748.4611, 5661605.7151999995], [6427738.3912, 5661626.342], [6427729.3983, 5661645.1237], [6427725.4502, 5661653.357799999], [6427722.363, 5661659.727399999], [6427718.7774, 5661667.113299999], [6427713.6503, 5661677.7267], [6427709.2158, 5661686.901000001], [6427705.5976, 5661694.2071], [6427700.1696, 5661705.142100001], [6427693.2587, 5661719.2237], [6427689.252, 5661727.7872], [6427685.3573, 5661735.6052], [6427680.9534, 5661744.285], [6427675.3913, 5661754.9607], [6427669.7018, 5661766.948899999], [6427667.1267, 5661772.5677000005], [6427660.6325, 5661786.3795], [6427656.1311, 5661795.635199999], [6427653.9307, 5661799.382099999], [6427653.8195, 5661799.3101], [6427653.065, 5661800.7993], [6427646.8106, 5661812.6995], [6427644.3998, 5661818.739700001], [6427635.0864, 5661837.7897], [6427629.1921, 5661849.6983], [6427628.2665, 5661851.609099999], [6427623.4074, 5661864.3707], [6427619.7391, 5661876.1248], [6427618.1343, 5661888.4427000005], [6427617.4705, 5661902.0030000005], [6427617.4093, 5661914.5769], [6427617.7642, 5661920.5353999995], [6427620.088, 5661933.244100001], [6427622.8344, 5661945.708900001], [6427624.6735, 5661953.3028], [6427628.3397, 5661964.062899999], [6427632.4985, 5661972.9222], [6427637.5757, 5661982.3423999995], [6427646.5843, 5661997.7215], [6427653.3641, 5662009.8476], [6427665.1642, 5662030.0836], [6427672.7045, 5662043.6515999995], [6427682.144, 5662062.1676], [6427694.1982, 5662082.4991], [6427700.606, 5662093.054300001], [6427707.421, 5662105.0383], [6427712.549, 5662114.4923], [6427718.6899, 5662126.5945], [6427725.3064, 5662138.1897], [6427730.6206, 5662150.0383], [6427735.8012, 5662161.775699999], [6427740.4696, 5662172.7742], [6427744.3537, 5662183.1884], [6427747.6532, 5662194.261499999], [6427753.8889, 5662222.8586], [6427756.2157, 5662236.0843], [6427759.6993, 5662259.1291000005], [6427763.334, 5662276.030200001], [6427766.9929, 5662294.0755], [6427770.6246, 5662313.755000001], [6427773.7127, 5662328.6581999995], [6427777.0982, 5662345.5306], [6427778.9746, 5662356.224199999], [6427780.8509, 5662366.9178], [6427782.5934, 5662377.986199999], [6427783.5269, 5662383.915899999], [6427783.5279, 5662383.9209]]]}, "properties": {"OBJECTID": 33, "NROSIEDLA": 28, "NAZWAOSIEDLA": "Oporów", "SHAPE.AREA": 6461417.51124877, "SHAPE.LEN": 11900.707950190901, "DATA": 1453334400000}}, {"type": "Feature", "id": 34, "geometry": {"type": "Polygon", "coordinates": [[[6426102.033, 5674641.695], [6426093.851, 5674652.384], [6426028.874, 5674595.880999999], [6425907.156, 5674490.726], [6425876.12, 5674465.559], [6425867.179, 5674460.495999999], [6425853.21, 5674453.195], [6425831.264, 5674444.528999999], [6425812.636, 5674433.2530000005], [6425771.784, 5674399.345000001], [6425743.163, 5674391.171], [6425698.729, 5674379.487], [6425663.117, 5674377.038000001], [6425643.503, 5674380.105], [6425623.227, 5674382.210999999], [6425608.886, 5674383.854], [6425592.032, 5674383.568], [6425579.608, 5674381.648], [6425562.506, 5674378.225], [6425542.921, 5674368.751], [6425529.92, 5674357.1280000005], [6425520.688, 5674351.179], [6425506.646, 5674339.507999999], [6425498.496, 5674333.676000001], [6425417.242, 5674289.885], [6425385.251, 5674273.369999999], [6425335.198, 5674256.073000001], [6425277.936, 5674242.153000001], [6425274.127, 5674238.179], [6425262.39, 5674234.300000001], [6425244.559, 5674228.515000001], [6425224.478, 5674225.218], [6425176.332, 5674228.300000001], [6425147.988, 5674218.182], [6425132.877, 5674210.604], [6425106.167, 5674189.946], [6425076.046, 5674178.348999999], [6425002.363, 5674172.611], [6424960.107, 5674171.461999999], [6424937.271, 5674169.388], [6424897.289, 5674169.4], [6424853.883, 5674138.271], [6424838.289, 5674132.9690000005], [6424826.063, 5674130.866], [6424797.393, 5674127.571], [6424767.609, 5674115.68], [6424740.734, 5674097.852], [6424721.52, 5674088.423], [6424692.66, 5674080.1], [6424664.776, 5674079.085999999], [6424646.126, 5674081.59], [6424621.037, 5674094.273], [6424607.303, 5674105.698999999], [6424592.463, 5674131.489], [6424542.528, 5674207.744999999], [6424515.695, 5674275.865], [6424452.543, 5674332.359999999], [6424441.477, 5674350.205], [6424388.2485, 5674368.306399999], [6424388.1815, 5674368.3291], [6424397.146, 5674340.419], [6424399.357, 5674324.691], [6424404.499, 5674253.623], [6424405.0001, 5674181.299799999], [6424405.228, 5674148.407], [6424401.067, 5674052.653999999], [6424397.869, 5673953.989], [6424409.108, 5673891.051000001], [6424442.766, 5673796.139], [6424468.722, 5673734.1219999995], [6424494.485, 5673664.509], [6424521.677, 5673597.277000001], [6424548.536, 5673527.550000001], [6424579.784, 5673448.768999999], [6424613.785, 5673382.255000001], [6424645.223, 5673318.873], [6424681.172, 5673248.134], [6424713.402, 5673184.341], [6424722.9077, 5673165.9592], [6424748.581, 5673116.312999999], [6424783.524, 5673045.187999999], [6424817.425, 5672978.577], [6424851.718, 5672911.359999999], [6424882.593, 5672851.085999999], [6424917.258, 5672781.866], [6424950.754, 5672715.159], [6424984.156, 5672648.551999999], [6425018.52, 5672578.630999999], [6425046.5682, 5672523.3528], [6425052.322, 5672512.013], [6425087.484, 5672442.075999999], [6425087.5712, 5672441.861], [6425106.0301, 5672396.3407000005], [6425115.649, 5672372.619999999], [6425121.8574, 5672357.1677], [6425137.2099, 5672318.956499999], [6425138.951, 5672314.623], [6425141.1008, 5672307.1349], [6425143.0886, 5672300.2107], [6425143.3688, 5672299.2349], [6425144.0852, 5672296.739600001], [6425144.2087, 5672296.3094], [6425144.671, 5672294.698999999], [6425145.0581, 5672293.3498], [6425145.2199, 5672292.785700001], [6425145.7776, 5672290.842], [6425145.8428, 5672290.614499999], [6425146.3659, 5672288.7914], [6425148.2379, 5672282.2665], [6425152.154, 5672268.617000001], [6425152.4864, 5672267.4586], [6425156.2835, 5672254.2237], [6425160.6484, 5672239.0098], [6425162.655, 5672232.016000001], [6425162.935, 5672230.312000001], [6425164.7647, 5672215.435699999], [6425168.3021, 5672186.6754], [6425172.766, 5672150.381999999], [6425172.8884, 5672149.318], [6425173.1107, 5672147.3847], [6425181.992, 5672070.164000001], [6425183.078, 5672059.2783], [6425185.3626, 5672036.3792], [6425190.463, 5671985.256999999], [6425199.763, 5671902.540999999], [6425203.4709, 5671871.9529], [6425205.0151, 5671859.214], [6425210.131, 5671817.011], [6425226.515, 5671741.009], [6425249.751, 5671669.225], [6425293.451, 5671593.993000001], [6425329.232, 5671534.057], [6425361.7176, 5671480.898], [6425376.208, 5671457.186000001], [6425437.126, 5671399.947000001], [6425493.814, 5671356.960000001], [6425511.266, 5671344.548], [6425532.359, 5671327.293], [6425604.62, 5671281.916999999], [6425675.606, 5671246.756999999], [6425740.192, 5671211.776000001], [6425810.758, 5671175.222999999], [6425875.793, 5671136.134], [6425949.391, 5671085.74], [6426010.371, 5671017.798], [6426060.5, 5670929.484999999], [6426083.716, 5670856.6], [6426097.0609, 5670803.5633000005], [6426105.472, 5670770.135], [6426105.409, 5670723.635], [6426103.872, 5670654.549000001], [6426102.302, 5670574.460999999], [6426110.324, 5670493.607000001], [6426113.539, 5670453.614], [6426123.807, 5670409.636], [6426129.7757, 5670383.2301], [6426142.791, 5670325.649], [6426167.8963, 5670286.0372], [6426199.32, 5670236.456], [6426253.105, 5670193.401000001], [6426307.4663, 5670153.6855999995], [6426337.316, 5670131.8780000005], [6426391.112, 5670094.125], [6426399.6673, 5670088.251], [6426440.6941, 5670060.082599999], [6426465.547, 5670043.018999999], [6426527.204, 5669989.567], [6426592.589, 5669942.470000001], [6426596.6031, 5669938.475500001], [6426597.6028, 5669937.480699999], [6426609.8438, 5669925.2996], [6426611.2755, 5669923.8749], [6426611.3022, 5669923.8484000005], [6426611.785, 5669923.367900001], [6426612.8651, 5669922.293099999], [6426614.7174, 5669920.449899999], [6426619.0361, 5669916.1522], [6426621.0088, 5669914.189200001], [6426625.9041, 5669909.3179], [6426627.8199, 5669907.411499999], [6426632.7107, 5669902.544500001], [6426635.332, 5669899.9361000005], [6426638.8154, 5669896.469699999], [6426641.4113, 5669893.886499999], [6426644.9414, 5669890.3737], [6426647.267, 5669888.0594999995], [6426651.9182, 5669883.431], [6426653.6852, 5669881.672599999], [6426658.006, 5669877.373], [6426658.2369, 5669877.187000001], [6426660.4594, 5669875.396600001], [6426661.342, 5669874.6855999995], [6426668.3533, 5669869.0375], [6426669.2647, 5669868.303300001], [6426671.8662, 5669866.207599999], [6426676.9211, 5669862.135500001], [6426689.0108, 5669852.396299999], [6426707.8517, 5669837.218599999], [6426732.8707, 5669817.063999999], [6426739.8095, 5669811.474300001], [6426761.603, 5669793.918], [6426779.6139, 5669782.3259], [6426821.143, 5669755.596999999], [6426880.854, 5669706.573999999], [6426937.995, 5669659.982999999], [6426945.618, 5669653.59], [6426954.398, 5669646.512499999], [6426999.397, 5669610.239], [6427059.415, 5669570.013], [6427113.719, 5669537.056], [6427123.6433, 5669531.421], [6427140.55, 5669521.8215], [6427144.311, 5669519.686000001], [6427176.9, 5669502.091], [6427179.0297, 5669501.528100001], [6427210.993, 5669493.079], [6427328.46, 5669481.461999999], [6427362.069, 5669482.057], [6427397.944, 5669488.025], [6427399.5337, 5669488.437899999], [6427498.767, 5669514.210999999], [6427665.776, 5669571.9], [6427742.829, 5669592.471000001], [6427770.688, 5669597.234999999], [6427825.206, 5669606.676999999], [6427902.033, 5669616.749], [6427929.2802, 5669618.659499999], [6427947.6458, 5669619.9473], [6427972.599, 5669621.697000001], [6428043.221, 5669614.645], [6428050.3879, 5669612.4278], [6428146.149, 5669582.802999999], [6428146.3483, 5669582.7314], [6428182.993, 5669569.558], [6428269.853, 5669507.308], [6428299.948, 5669481.743000001], [6428362.197, 5669393.987], [6428377.255, 5669357.202], [6428380.0901, 5669349.524700001], [6428404.372, 5669283.77], [6428432.438, 5669206.126], [6428454.0925, 5669143.708699999], [6428470.903, 5669095.254000001], [6428481.5534, 5669065.493899999], [6428486.575, 5669051.461999999], [6428504.3454, 5668990.7489], [6428513.659, 5668958.929], [6428518.105, 5668921.373], [6428516.388, 5668837.2870000005], [6428497.379, 5668762.3100000005], [6428473.225, 5668691.895], [6428444.6359, 5668610.8916], [6428442.366, 5668604.460000001], [6428413.575, 5668522.699999999], [6428396.226, 5668452.504000001], [6428392.1599, 5668425.7301], [6428389.707, 5668409.579], [6428383.397, 5668309.347999999], [6428399.703, 5668259.948000001], [6428410.165, 5668240.119999999], [6428422.92, 5668178.262], [6428431.1992, 5668159.3665], [6428447.545, 5668122.061000001], [6428484.26, 5668064.914000001], [6428517.867, 5668032.106000001], [6428559.608, 5668002.001], [6428610.598, 5667984.184], [6428625.4033, 5667979.6417], [6428662.511, 5667968.256999999], [6428724.373, 5667964.709000001], [6428756.25, 5667962.625], [6428820.095, 5667949.453], [6428845.632, 5667944.143999999], [6428876.692, 5667932.4690000005], [6428897.799, 5667924.613], [6428959.111, 5667900.471999999], [6429003.36, 5667871.4399999995], [6429056.83, 5667826.99], [6429106.34, 5667770.49], [6429168.53, 5667702.630000001], [6429193.579, 5667659.482000001], [6429221.62, 5667611.18], [6429234.62, 5667586.119999999], [6429254.21, 5667544.08], [6429279.792, 5667468.161], [6429284.2002, 5667454.178200001], [6429302.136, 5667397.285], [6429323.111, 5667328.926999999], [6429345.789, 5667260.447000001], [6429369.187, 5667193.459000001], [6429399.378, 5667134.289999999], [6429433.444, 5667073.175000001], [6429433.8296, 5667072.578299999], [6429453.57, 5667042.029999999], [6429479.588, 5667001.913000001], [6429490.4429, 5666990.6339], [6429496.8352, 5666983.991699999], [6429537.8106, 5666941.4146], [6429541.91, 5666937.154999999], [6429612.007, 5666878.704], [6429684.252, 5666840.828], [6429774.753, 5666807.631999999], [6429875.948, 5666782.210000001], [6429964.365, 5666766.944], [6430023.109, 5666762.136], [6430043.2119, 5666760.6371], [6430091.0397, 5666757.070900001], [6430154.2083, 5666752.3609], [6430156.4047, 5666752.1971], [6430159.2406, 5666751.9856], [6430160.1953, 5666751.9145], [6430161.489, 5666751.818], [6430161.5973, 5666752.466600001], [6430161.79, 5666753.619899999], [6430162.278, 5666756.5419], [6430164.2797, 5666768.5265999995], [6430165.6209, 5666776.557], [6430168.881, 5666796.0759], [6430169.112, 5666797.459000001], [6430170.223, 5666804.136], [6430180.6164, 5666867.1866], [6430182.893, 5666880.9969999995], [6430185.1742, 5666894.8412999995], [6430201.1076, 5666991.540999999], [6430204.0119, 5667009.167099999], [6430208.935, 5667039.045], [6430221.1602, 5667113.249600001], [6430223.7847, 5667129.179199999], [6430227.821, 5667153.679], [6430228.184, 5667155.574999999], [6430273.3389, 5667478.3587], [6430282.5451, 5667540.415200001], [6430299.2139, 5667634.8716], [6430320.6452, 5667774.571900001], [6430377.7953, 5668097.628799999], [6430404.7829, 5668261.9354], [6430446.8517, 5668515.142100001], [6430453.2017, 5668559.5922], [6430463.3802, 5668626.5079], [6430465.3757, 5668639.6263999995], [6430467.5194, 5668663.296], [6430470.4616, 5668695.9153], [6430472.7454, 5668725.4538], [6430474.5205, 5668748.4124], [6430476.7136, 5668776.777899999], [6430478.2398, 5668796.517899999], [6430479.766, 5668816.2579], [6430480.0901, 5668840.772500001], [6430480.4364, 5668869.429500001], [6430480.6628, 5668888.1668], [6430480.7015, 5668912.079700001], [6430480.8776, 5668935.5199], [6430480.6172, 5669002.696799999], [6430479.4532, 5669026.448799999], [6430477.8305, 5669054.451400001], [6430475.9857, 5669086.285800001], [6430474.5602, 5669110.1129], [6430471.2144, 5669142.072000001], [6430467.6339, 5669177.134099999], [6430466.5541, 5669187.707900001], [6430463.0835, 5669222.2303], [6430459.8814, 5669254.0814], [6430455.9689, 5669283.659399999], [6430451.9052, 5669307.969699999], [6430447.5984, 5669333.7344], [6430440.7231, 5669374.864399999], [6430434.6597, 5669411.137599999], [6430433.2433, 5669419.6106], [6430430.009, 5669438.9593], [6430427.2981, 5669455.177200001], [6430425.5556, 5669462.498299999], [6430423.117, 5669470.3573], [6430418.2718, 5669485.971999999], [6430409.0124, 5669515.8123], [6430376.0256, 5669615.163000001], [6430368.8619, 5669634.853399999], [6430344.5461, 5669701.6885], [6430306.7093, 5669791.041200001], [6430253.1662, 5669895.001599999], [6430192.7071, 5670012.0638999995], [6430122.3209, 5670148.347100001], [6430053.8142, 5670278.154100001], [6430040.784, 5670302.5921], [6430038.6513, 5670306.8061], [6430032.6382, 5670318.231000001], [6430024.5939, 5670333.5152], [6430014.8571, 5670351.942], [6430007.1678, 5670366.447000001], [6429998.9392, 5670382.0033], [6429990.2747, 5670398.4509], [6429981.597, 5670414.923699999], [6429973.3506, 5670430.5776], [6429964.3862, 5670447.5944], [6429956.8215, 5670461.954299999], [6429950.2867, 5670474.359300001], [6429945.0446, 5670484.3102], [6429937.6667, 5670498.3156], [6429930.1025, 5670512.6743], [6429921.245, 5670529.488299999], [6429914.4265, 5670542.4319], [6429907.0174, 5670556.496300001], [6429898.2385, 5670573.161], [6429890.9835, 5670586.9331], [6429883.1431, 5670601.816299999], [6429875.7142, 5670616.356899999], [6429868.7083, 5670629.217700001], [6429861.807, 5670642.5615], [6429854.6103, 5670656.123299999], [6429847.1357, 5670670.2093], [6429839.1481, 5670685.3311], [6429829.4861, 5670703.6722], [6429821.0389, 5670719.7073], [6429812.3865, 5670736.131999999], [6429804.4723, 5670751.155300001], [6429794.8759, 5670769.3718], [6429787.1559, 5670784.0265999995], [6429776.418, 5670804.41], [6429767.5521, 5670821.24], [6429759.5875, 5670836.359099999], [6429752.4731, 5670849.8641], [6429743.5926, 5670866.7217999995], [6429733.2897, 5670886.2795], [6429723.9992, 5670903.9155], [6429712.8943, 5670924.9957], [6429704.7642, 5670940.4288], [6429696.0473, 5670956.9758], [6429685.6721, 5670976.6708], [6429676.0085, 5670995.015000001], [6429668.5013, 5671009.265900001], [6429659.7702, 5671025.8365], [6429648.0331, 5671048.100299999], [6429639.3547, 5671064.733100001], [6429631.4143, 5671079.501], [6429624.6813, 5671092.1873], [6429614.6992, 5671111.143300001], [6429608.2142, 5671123.489700001], [6429596.839, 5671145.146299999], [6429586.9462, 5671163.965299999], [6429579.8225, 5671177.507300001], [6429572.5466, 5671191.3323], [6429562.5677, 5671210.2522], [6429551.1714, 5671231.860200001], [6429538.9112, 5671255.207900001], [6429528.985, 5671274.172700001], [6429519.4857, 5671292.3398], [6429509.7831, 5671310.9816], [6429498.5054, 5671332.6503], [6429484.2905, 5671359.9222], [6429474.4057, 5671378.804], [6429464.8864, 5671396.987600001], [6429456.5392, 5671413.016100001], [6429446.8161, 5671431.5493], [6429439.5229, 5671445.359300001], [6429431.0833, 5671461.3763], [6429422.355, 5671477.9561], [6429412.4931, 5671496.6896], [6429403.8045, 5671513.1942], [6429396.9023, 5671526.305400001], [6429390.8106, 5671537.877], [6429382.9698, 5671552.7711], [6429376.6399, 5671564.7952], [6429371.3926, 5671574.762700001], [6429365.5972, 5671585.771600001], [6429359.4561, 5671597.437000001], [6429351.353, 5671612.829299999], [6429345.0708, 5671624.7629], [6429339.3482, 5671635.633400001], [6429333.3691, 5671646.9911], [6429326.615, 5671659.8113], [6429320.1246, 5671672.131100001], [6429310.4247, 5671690.543199999], [6429302.453, 5671705.674699999], [6429295.0224, 5671719.7793000005], [6429285.8612, 5671737.1686], [6429277.4575, 5671753.120200001], [6429270.6398, 5671766.0614], [6429261.1236, 5671784.124600001], [6429253.9199, 5671797.7985], [6429247.2279, 5671810.501], [6429240.7467, 5671822.803300001], [6429232.7808, 5671837.923900001], [6429226.2651, 5671850.2917], [6429218.7535, 5671864.549900001], [6429211.4826, 5671878.351299999], [6429204.9439, 5671890.762800001], [6429197.2164, 5671905.439300001], [6429189.8347, 5671919.4637], [6429180.1527, 5671937.8588], [6429171.4504, 5671954.3924], [6429162.3348, 5671971.711100001], [6429150.2266, 5671994.715600001], [6429141.6505, 5672011.009299999], [6429133.2656, 5672026.9399], [6429121.9173, 5672048.500600001], [6429112.5951, 5672066.2118999995], [6429104.8668, 5672080.895], [6429097.0782, 5672095.692600001], [6429088.8752, 5672111.2775], [6429080.3979, 5672127.3837], [6429072.3722, 5672142.6316], [6429062.6873, 5672161.0320999995], [6429054.6772, 5672176.250600001], [6429044.738, 5672195.134199999], [6429034.816, 5672213.984999999], [6429026.6582, 5672229.4585], [6429019.4572, 5672243.0758], [6429013.5048, 5672254.332], [6429003.2156, 5672274.2532], [6429002.4731, 5672270.8772], [6429001.9925, 5672268.691299999], [6429001.9145, 5672268.3368], [6429001.3961, 5672265.979499999], [6429000.717, 5672262.8913], [6429000.567, 5672262.2092], [6428998.1276, 5672251.116], [6428998.0299, 5672250.6721], [6428998.0264, 5672250.656099999], [6428997.8978, 5672250.0714], [6428996.8724, 5672245.4081999995], [6428996.6998, 5672244.6236000005], [6428996.091, 5672241.855], [6428994.0101, 5672239.242900001], [6428993.769, 5672238.940300001], [6428990.057, 5672234.2805], [6428988.8494, 5672232.765000001], [6428988.8, 5672232.702], [6428987.6138, 5672229.8916], [6428987.0142, 5672228.4703], [6428985.8428, 5672225.694599999], [6428984.7598, 5672223.1281], [6428980.491, 5672213.012], [6428979.8387, 5672211.0965], [6428977.8766, 5672205.334899999], [6428971.3702, 5672186.229], [6428971.076, 5672185.365], [6428970.654, 5672184.102], [6428967.0111, 5672173.198899999], [6428962.5055, 5672159.7140999995], [6428962.2337, 5672158.9004], [6428954.8296, 5672136.740499999], [6428954.1891, 5672134.8233], [6428948.5989, 5672118.0923999995], [6428947.6031, 5672115.1118], [6428946.836, 5672112.816], [6428941.3739, 5672096.24], [6428940.8793, 5672094.7388], [6428937.711, 5672085.124], [6428933.7958, 5672073.4757], [6428932.8722, 5672070.7278], [6428927.9723, 5672056.149700001], [6428924.9352, 5672047.113700001], [6428920.6081, 5672034.2399], [6428920.3553, 5672033.4877], [6428912.4984, 5672010.112299999], [6428912.396, 5672009.807399999], [6428906.6455, 5671992.698899999], [6428905.5705, 5671989.500600001], [6428904.6635, 5671986.8018], [6428904.36, 5671985.899], [6428896.0699, 5671960.8543], [6428894.7053, 5671956.731899999], [6428893.7989, 5671953.9934], [6428889.1683, 5671940.0043], [6428887.1734, 5671933.977700001], [6428881.919, 5671918.104], [6428881.4892, 5671916.825099999], [6428879.6956, 5671911.488], [6428874.6381, 5671896.4386], [6428873.9606, 5671894.422499999], [6428873.869, 5671894.15], [6428873.6526, 5671890.1229], [6428873.5134, 5671887.5316], [6428872.953, 5671877.1], [6428873.3604, 5671866.9717999995], [6428873.729, 5671857.809], [6428873.354, 5671852.8959], [6428872.5935, 5671842.9322], [6428872.5674, 5671842.590600001], [6428872.2089, 5671837.893999999], [6428871.8741, 5671833.508400001], [6428871.84, 5671833.061000001], [6428871.5721, 5671830.829700001], [6428871.328, 5671828.797], [6428843.4857, 5671832.5494], [6428820.9431, 5671839.6932], [6428800.676, 5671845.9903], [6428785.4889, 5671847.5778], [6428751.4634, 5671850.117799999], [6428742.5073, 5671850.541200001], [6428726.4338, 5671848.8214], [6428707.8468, 5671846.043199999], [6428679.9993, 5671840.6854], [6428672.4587, 5671840.156199999], [6428643.156, 5671841.545299999], [6428616.9622, 5671843.1328], [6428591.6283, 5671844.5219], [6428567.1543, 5671846.1094], [6428558.423, 5671845.3156], [6428523.6303, 5671843.7281], [6428498.5609, 5671842.6698], [6428472.3671, 5671841.2146000005], [6428445.7103, 5671839.362500001], [6428415.8123, 5671837.312000001], [6428396.2993, 5671836.716600001], [6428389.4201, 5671838.4364], [6428384.5253, 5671841.876], [6428380.755, 5671845.844799999], [6428377.2492, 5671852.6578], [6428370.9797, 5671868.1018], [6428362.1426, 5671889.585999999], [6428351.4534, 5671915.3565], [6428349.9188, 5671917.843599999], [6428343.5159, 5671927.5803], [6428338.5417, 5671938.534], [6428334.7846, 5671956.4199], [6428328.5934, 5671975.469900001], [6428322.2434, 5671998.5416], [6428321.7671, 5672000.922900001], [6428321.0792, 5672006.9025], [6428319.28, 5672033.837099999], [6428318.2217, 5672039.287599999], [6428313.9883, 5672051.4055], [6428309.5962, 5672061.6184], [6428304.3575, 5672068.9739], [6428297.9016, 5672073.948000001], [6428284.1962, 5672082.3089000005], [6428264.8287, 5672094.5856], [6428257.1557, 5672099.6656], [6428240.2753, 5672112.4715], [6428221.1723, 5672127.3411], [6428199.5294, 5672144.0099], [6428197.2539, 5672144.539000001], [6428176.881, 5672144.2743999995], [6428152.7509, 5672144.6449], [6428114.9948, 5672145.8619], [6428079.8316, 5672147.251], [6428048.5975, 5672148.401900001], [6428027.5234, 5672149.632300001], [6428010.0873, 5672150.7369], [6427982.8021, 5672151.696], [6427948.9023, 5672153.945], [6427923.8991, 5672156.1609000005], [6427902.4678, 5672158.3105999995], [6427883.7816, 5672160.2619], [6427864.5, 5672162.411699999], [6427854.1482, 5672163.3046], [6427840.5221, 5672162.444700001], [6427823.1257, 5672160.9234], [6427811.2856, 5672159.964299999], [6427807.0853, 5672159.203600001], [6427792.5332, 5672156.359300001], [6427782.0491, 5672153.448899999], [6427774.74, 5672151.3322], [6427758.0712, 5672145.4783], [6427750.4975, 5672141.741], [6427735.35, 5672134.2335], [6427721.4594, 5672127.0897], [6427706.2956, 5672119.085200001], [6427696.003, 5672117.466], [6427686.7328, 5672116.473300001], [6427681.7387, 5672117.2009], [6427672.5444, 5672125.9651999995], [6427668.4434, 5672129.7356], [6427658.6406, 5672137.792099999], [6427643.6387, 5672150.015900001], [6427633.8358, 5672157.358100001], [6427617.3655, 5672169.740599999], [6427607.2055, 5672177.1225000005], [6427600.3792, 5672182.559699999], [6427595.0611, 5672186.846000001], [6427591.0262, 5672191.2248], [6427585.5757, 5672199.1888], [6427577.3736, 5672209.176899999], [6427574.6616, 5672213.5425], [6427573.7356, 5672219.6941], [6427574.7278, 5672227.4331], [6427578.2997, 5672249.922800001], [6427582.7976, 5672278.233200001], [6427581.607, 5672293.248400001], [6427578.6966, 5672314.4812], [6427572.6773, 5672333.531300001], [6427562.4246, 5672356.1532000005], [6427553.1642, 5672375.203199999], [6427550.5845, 5672379.0397], [6427534.4449, 5672389.093900001], [6427510.8308, 5672403.712099999], [6427479.7422, 5672423.2914], [6427471.6062, 5672430.1044], [6427463.9994, 5672438.703400001], [6427453.0192, 5672447.3685], [6427431.8525, 5672454.578400001], [6427411.4134, 5672462.3836], [6427385.0212, 5672475.943499999], [6427358.5628, 5672488.775900001], [6427348.5351, 5672494.6099], [6427320.3569, 5672517.231899999], [6427294.0837, 5672538.583799999], [6427287.1781, 5672548.981899999], [6427272.8111, 5672572.3182], [6427258.2855, 5672594.146400001], [6427253.8405, 5672602.718900001], [6427251.8561, 5672610.418299999], [6427250.2686, 5672622.1658], [6427248.8399, 5672640.0252], [6427247.173, 5672667.6478], [6427242.3311, 5672688.6822], [6427238.8386, 5672711.6216], [6427235.5048, 5672740.5142], [6427236.1398, 5672748.6898], [6427240.188, 5672774.407400001], [6427243.6011, 5672794.4893], [6427244.4742, 5672797.2674], [6427252.4911, 5672814.4124], [6427259.0792, 5672828.6206], [6427265.5086, 5672840.4475], [6427282.733, 5672871.245100001], [6427293.1312, 5672890.5331999995], [6427297.2587, 5672896.407], [6427302.3387, 5672902.9157], [6427317.6581, 5672918.9495], [6427332.5806, 5672934.6658], [6427337.9782, 5672940.857100001], [6427344.5663, 5672950.8583], [6427353.4563, 5672964.114], [6427355.0438, 5672972.130899999], [6427351.6307, 5672983.164000001], [6427339.4069, 5673014.914100001], [6427326.6275, 5673046.029200001], [6427321.1506, 5673058.8879], [6427318.3725, 5673063.094799999], [6427305.9106, 5673080.160499999], [6427301.545, 5673087.542400001], [6427297.7349, 5673094.7655], [6427286.0668, 5673117.863700001], [6427279.3199, 5673129.77], [6427259.7142, 5673151.2806], [6427248.3636, 5673163.821900001], [6427243.0455, 5673170.2513], [6427234.0761, 5673181.7607], [6427229.9486, 5673188.428200001], [6427222.1698, 5673203.7476], [6427213.2798, 5673221.5276], [6427208.9141, 5673228.9889], [6427200.7385, 5673239.5458], [6427194.8647, 5673245.4989], [6427172.5603, 5673263.7552000005], [6427145.1759, 5673286.059599999], [6427123.6652, 5673303.0459], [6427106.1233, 5673314.4759], [6427082.8664, 5673328.763499999], [6427074.6114, 5673331.462200001], [6427046.9094, 5673336.145400001], [6427012.0638, 5673341.463500001], [6426963.7243, 5673347.337300001], [6426932.2123, 5673345.3529], [6426906.5742, 5673344.241599999], [6426890.9373, 5673340.3522], [6426884.8254, 5673337.4154], [6426864.5847, 5673333.049699999], [6426829.2628, 5673324.318499999], [6426792.8296, 5673316.6984], [6426766.7945, 5673311.0627999995], [6426759.492, 5673308.6022], [6426752.8245, 5673305.2684], [6426748.4589, 5673302.0934], [6426739.3307, 5673294.8703000005], [6426731.1551, 5673287.409], [6426709.8825, 5673268.2796], [6426702.58, 5673262.1677], [6426677.4975, 5673245.419600001], [6426645.668, 5673222.9564], [6426631.9361, 5673213.5107], [6426620.0044, 5673204.3114], [6426618.6693, 5673205.9157], [6426618.0055, 5673206.713500001], [6426616.0757, 5673209.0326000005], [6426615.988, 5673209.138], [6426615.3378, 5673209.8717], [6426613.5931, 5673211.8408], [6426611.632, 5673214.0539], [6426609.4957, 5673216.4648], [6426601.1404, 5673225.894099999], [6426594.3447, 5673233.5633000005], [6426588.656, 5673239.983200001], [6426583.5792, 5673245.7125], [6426574.3547, 5673256.1228], [6426572.064, 5673258.708000001], [6426562.9722, 5673268.9683], [6426561.9876, 5673270.079600001], [6426556.5152, 5673276.2553], [6426556.4824, 5673276.292400001], [6426548.9053, 5673284.8434], [6426541.8457, 5673292.8105], [6426535.475, 5673300], [6426532.2678, 5673303.813999999], [6426529.3158, 5673307.3244], [6426518.718, 5673319.927200001], [6426512.4596, 5673327.3696], [6426505.2589, 5673335.932700001], [6426500.457, 5673341.642999999], [6426499.9833, 5673342.1983], [6426488.9866, 5673355.090399999], [6426482.0002, 5673363.2809], [6426481.896, 5673363.403000001], [6426471.5438, 5673375.7279], [6426466.182, 5673382.111500001], [6426462.076, 5673387], [6426456.476, 5673393.984200001], [6426452.4297, 5673399.0306], [6426446.791, 5673406.062999999], [6426440.0097, 5673414.145500001], [6426438.1583, 5673416.3521], [6426426.0245, 5673430.814300001], [6426420.5024, 5673437.3959], [6426419.665, 5673438.393999999], [6426410.4043, 5673449.3881], [6426407.7263, 5673452.567299999], [6426397.242, 5673465.014], [6426394.4711, 5673468.199999999], [6426388.6552, 5673474.8871], [6426378.1793, 5673486.932499999], [6426374.82, 5673490.795], [6426372.7779, 5673493.078400001], [6426367.009, 5673499.528999999], [6426365.8657, 5673501.0613], [6426363.062, 5673504.819], [6426361.3723, 5673507.5645], [6426360.375, 5673509.1850000005], [6426358.528, 5673513.132999999], [6426357.099, 5673518.086999999], [6426356.4202, 5673522.4132], [6426356.293, 5673523.223999999], [6426355.4885, 5673527.580600001], [6426355.231, 5673528.975], [6426354.6128, 5673537.812000001], [6426354.612, 5673537.823000001], [6426354.5335, 5673538.566], [6426354.1273, 5673542.411699999], [6426352.93, 5673553.748], [6426352.4639, 5673556.653000001], [6426351.5087, 5673562.606000001], [6426349.2633, 5673576.6], [6426348.723, 5673579.967], [6426348.0767, 5673583.774499999], [6426345.2748, 5673600.280200001], [6426343.9987, 5673607.7982], [6426342.841, 5673614.618000001], [6426341.3203, 5673626.077199999], [6426340.8067, 5673629.947799999], [6426339.566, 5673639.297], [6426339.2867, 5673641.0658], [6426339.1468, 5673641.952199999], [6426338.6977, 5673644.796499999], [6426338.3677, 5673646.886700001], [6426338.3217, 5673647.1777], [6426338.0878, 5673648.659399999], [6426337.8489, 5673650.1719], [6426337.6556, 5673651.396500001], [6426337.6086, 5673651.6943], [6426337.2929, 5673653.693299999], [6426333.213, 5673655.49], [6426328.4759, 5673657.5758], [6426326.558, 5673658.42], [6426326.3173, 5673658.5284], [6426324.7308, 5673659.242699999], [6426317.9877, 5673662.2795], [6426317.268, 5673662.603], [6426313.017, 5673668.334000001], [6426312.7998, 5673669.0853], [6426309.8083, 5673679.432], [6426308.975, 5673682.313999999], [6426306.0889, 5673702.634500001], [6426304.4661, 5673714.060799999], [6426301.759, 5673733.120999999], [6426301.157, 5673737.359999999], [6426301.5754, 5673746.4496], [6426302.3312, 5673762.870100001], [6426302.579, 5673768.254000001], [6426299.341, 5673779.214], [6426294.884, 5673793.5985], [6426293.1495, 5673798.308], [6426289.8704, 5673807.2117], [6426267.5026, 5673867.9465], [6426265.8573, 5673872.414100001], [6426247.4326, 5673928.0600000005], [6426247.016, 5673929.321], [6426252.745, 5673930.842], [6426249.3797, 5673941.7162999995], [6426246.411, 5673951.309], [6426253.505, 5673988.175000001], [6426257.6445, 5674004.6833999995], [6426260.3057, 5674015.296499999], [6426261.015, 5674018.125], [6426265.93, 5674053.436000001], [6426266.999, 5674070.426999999], [6426267.5236, 5674078.766899999], [6426267.562, 5674079.377], [6426273.1782, 5674095.7071], [6426280.204, 5674116.136], [6426283.197, 5674142.050000001], [6426285.3598, 5674157.295399999], [6426286.1805, 5674163.080700001], [6426290.6396, 5674194.512], [6426288.7831, 5674195.6072], [6426287.334, 5674196.461999999], [6426269.137, 5674206.7217], [6426273.4021, 5674218.9406], [6426275.373, 5674224.586999999], [6426274.328, 5674234.949999999], [6426272.489, 5674248.3123], [6426270.679, 5674261.464], [6426270.0417, 5674264.3818], [6426269.5666, 5674266.5569], [6426261.4362, 5674303.768999999], [6426256.6456, 5674325.6952], [6426255.993, 5674328.682], [6426236.214, 5674353.581], [6426230.9543, 5674358.5908], [6426225.845, 5674363.4574], [6426203.569, 5674384.675000001], [6426199.9794, 5674387.4275], [6426163.222, 5674415.6219999995], [6426169.1706, 5674438.8126], [6426169.3159, 5674439.379000001], [6426171.2827, 5674447.0469], [6426172.091, 5674450.198000001], [6426166.175, 5674468.731000001], [6426156.5746, 5674497.867799999], [6426154.04, 5674505.5600000005], [6426152.646, 5674512.708000001], [6426150.1373, 5674519.6261], [6426137.6872, 5674553.9595], [6426132.478, 5674568.324999999], [6426126.9034, 5674581.0529], [6426125.8887, 5674583.369899999], [6426118.863, 5674599.411], [6426113.3731, 5674613.199899999], [6426111.1597, 5674618.759], [6426108.2061, 5674626.1777], [6426106.1014, 5674631.4637], [6426103.0279, 5674639.1829], [6426102.0293, 5674641.6909], [6426102.033, 5674641.695]]]}, "properties": {"OBJECTID": 34, "NROSIEDLA": 47, "NAZWAOSIEDLA": "Osobowice - Rędzin", "SHAPE.AREA": 18646718.3908779, "SHAPE.LEN": 24446.7619166104, "DATA": 1453334400000}}, {"type": "Feature", "id": 35, "geometry": {"type": "Polygon", "coordinates": [[[6439835.0261, 5665749.7948], [6439805.181, 5665753.816500001], [6439791.846, 5665757.838199999], [6439761.5776, 5665773.078199999], [6439749.7242, 5665780.9099], [6439735.5425, 5665794.668299999], [6439723.6892, 5665810.119999999], [6439720.57, 5665818.3926], [6439719.3519, 5665824.987600001], [6439717.0854, 5665840.6602], [6439715.3857, 5665853.5013], [6439713.2763, 5665871.737600001], [6439710.6701, 5665885.673699999], [6439708.704, 5665900.692299999], [6439707.7352, 5665904.992000001], [6439702.3769, 5665923.269200001], [6439688.817, 5665947.4125], [6439672.5021, 5665977.984300001], [6439667.4152, 5665985.6307], [6439660.1205, 5665999.1962], [6439655.3234, 5666006.9026999995], [6439651.5259, 5666012.5254999995], [6439647.437, 5666020.2293], [6439645.7388, 5666023.9878], [6439643.4986, 5666027.8243], [6439640.2847, 5666032.457], [6439636.7103, 5666037.421499999], [6439624.4028, 5666051.988600001], [6439624.1261, 5666052.459000001], [6439619.4267, 5666059.8138], [6439615.3078, 5666065.4154], [6439610.484, 5666071.6559], [6439606.3055, 5666075.8873], [6439601.1792, 5666080.6132], [6439595.7937, 5666084.115800001], [6439592.1513, 5666085.8299], [6439587.1073, 5666087.4747], [6439578.9653, 5666092.5295], [6439577.7981, 5666093.176100001], [6439576.9014, 5666093.6632], [6439575.7969, 5666094.1636], [6439574.6412, 5666094.637], [6439573.3104, 5666095.1008], [6439572.5533, 5666095.3298], [6439571.5771, 5666095.577199999], [6439570.0664, 5666095.9782], [6439568.8764, 5666096.319599999], [6439567.4972, 5666096.6743], [6439565.778, 5666097.157500001], [6439564.7156, 5666097.3926], [6439562.6468, 5666097.9355999995], [6439561.1245, 5666098.472200001], [6439559.6201, 5666098.9989], [6439558.052, 5666099.742900001], [6439557.0287, 5666100.185699999], [6439556.0724, 5666100.5626], [6439554.3912, 5666101.1941], [6439553.2153, 5666101.7281], [6439551.6392, 5666102.3683], [6439550.212, 5666102.9593], [6439549.0789, 5666103.3872], [6439547.738, 5666103.9059], [6439545.8694, 5666104.594699999], [6439544.1072, 5666105.2762], [6439542.5495, 5666105.8279], [6439540.9397, 5666106.509], [6439539.4446, 5666107.0613], [6439535.6867, 5666108.435900001], [6439534.151, 5666108.9987], [6439532.9955, 5666109.451099999], [6439531.9541, 5666109.7875], [6439530.5887, 5666110.205600001], [6439529.155, 5666110.6797], [6439527.7456, 5666111.128699999], [6439526.0153, 5666111.731000001], [6439523.2307, 5666112.7435], [6439521.5832, 5666113.331900001], [6439519.4985, 5666114.1592999995], [6439518.6555, 5666114.4979], [6439517.8688, 5666114.779200001], [6439516.6195, 5666115.2083], [6439514.9305, 5666115.7818], [6439513.5947, 5666116.2917], [6439512.6456, 5666116.6675], [6439511.6909, 5666116.9772], [6439510.5209, 5666117.3347], [6439508.8648, 5666117.915200001], [6439507.8707, 5666118.244200001], [6439506.6126, 5666118.638499999], [6439505.3029, 5666119.040999999], [6439504.0108, 5666119.461200001], [6439502.9846, 5666119.785800001], [6439501.7031, 5666120.219699999], [6439500.4431, 5666120.622400001], [6439498.4603, 5666121.317], [6439497.0567, 5666121.9417], [6439494.2231, 5666123.123400001], [6439492.7014, 5666123.768999999], [6439491.2509, 5666124.411599999], [6439489.4633, 5666125.147399999], [6439488.2079, 5666125.710200001], [6439486.7298, 5666126.3312], [6439485.5562, 5666126.841], [6439484.662, 5666127.203500001], [6439483.6658, 5666127.6217], [6439482.2182, 5666128.239399999], [6439481.154, 5666128.6614], [6439461.2749, 5666135.267100001], [6439372.6393, 5666173.6317], [6439322.6991, 5666205.3818], [6439285.9881, 5666233.493799999], [6439273.6833, 5666243.9977], [6439225.5307, 5666290.7762], [6439219.4452, 5666300.433499999], [6439195.2763, 5666340.993899999], [6439188.6885, 5666349.5403], [6439184.2284, 5666353.199899999], [6439176.306, 5666359.700300001], [6439174.1237, 5666360.837200001], [6439172.9592, 5666361.4438000005], [6439165.478, 5666355.0195], [6439156.0182, 5666346.896], [6439154.8786, 5666345.917400001], [6439113.5371, 5666310.416200001], [6439087.2861, 5666287.8736000005], [6439082.448, 5666283.7190000005], [6439080.1249, 5666281.866], [6439060.3903, 5666266.1248], [6439046.4942, 5666255.0407], [6439037.9005, 5666248.186000001], [6439033.3533, 5666244.5591], [6439031.7639, 5666243.291200001], [6439009.4392, 5666225.484200001], [6439008.4448, 5666224.691], [6438981.55, 5666203.238500001], [6438979.161, 5666201.333000001], [6438965.2247, 5666190.2169], [6438936.7296, 5666167.488], [6438914.9653, 5666150.127800001], [6438871.0514, 5666115.100400001], [6438814.9854, 5666070.379799999], [6438797.133, 5666056.140000001], [6438786.91, 5666047.986], [6438768.4681, 5666033.2762], [6438750.279, 5666018.767999999], [6438744.4237, 5666014.426200001], [6438733.295, 5666006.174000001], [6438711.749, 5665989.027000001], [6438687.937, 5665968.839], [6438685.3042, 5665966.203400001], [6438665.769, 5665946.647], [6438657.08, 5665937.948999999], [6438644.674, 5665929.9629999995], [6438614.934, 5665910.817], [6438144.4174, 5665449.981699999], [6438144.1136, 5665449.3914], [6438139.2251, 5665436.2535], [6438138.8201, 5665435.164999999], [6438135.8138, 5665433.2633], [6438117.5562, 5665421.7139], [6438117.692, 5665421.419], [6438113.3082, 5665408.557700001], [6438112.902, 5665407.366], [6438104.9205, 5665386.528000001], [6438096.2721, 5665363.948799999], [6438089.2662, 5665345.6581], [6438083.9197, 5665331.6995], [6438078.34, 5665317.131999999], [6438077.7227, 5665315.6887], [6438072.8636, 5665304.328600001], [6438066.391, 5665289.196], [6438058.888, 5665271.636], [6438058.3604, 5665270.1274], [6438053.8344, 5665257.1863], [6438046.521, 5665236.275], [6438045.4081, 5665233.0857], [6438043.755, 5665228.347999999], [6438041.9352, 5665217.4223], [6438041.4609, 5665214.5747], [6438041.19, 5665212.948000001], [6438040.2708, 5665210.9410999995], [6438039.1918, 5665208.585200001], [6438036.2225, 5665202.102299999], [6438024.0372, 5665175.4975000005], [6438021.7293, 5665170.458699999], [6438000.4323, 5665123.960000001], [6437997.008, 5665116.4835], [6437994.273, 5665110.512], [6437988.5808, 5665098.082599999], [6437976.4005, 5665071.486099999], [6437970.7623, 5665059.174699999], [6437952.1045, 5665018.4341], [6437950.726, 5665015.424000001], [6437948.5981, 5665012.229499999], [6437946.1359, 5665008.533299999], [6437932.3338, 5664987.8134], [6437922.197, 5664972.596000001], [6437905.8826, 5664950.434699999], [6437878.6744, 5664929.0604], [6437831.5256, 5664904.6128], [6437797.4736, 5664884.5309], [6437768.774, 5664864.0304000005], [6437751.98, 5664850.169], [6437740.8266, 5664840.1351], [6437737.3198, 5664836.9803], [6437736.9369, 5664836.6358], [6437736.01, 5664835.801999999], [6437729.334, 5664829.796], [6437728.9104, 5664829.4201], [6437728.8407, 5664829.358200001], [6437728.8347, 5664829.3529], [6437724.3263, 5664825.351600001], [6437715.554, 5664817.566], [6437710.9762, 5664813.4366999995], [6437693.282, 5664797.476], [6437692.585, 5664796.8618], [6437692.5205, 5664796.8049], [6437686.402, 5664791.413000001], [6437685.1187, 5664790.261700001], [6437684.769, 5664789.948000001], [6437665.9584, 5664772.9355999995], [6437653.103, 5664761.309], [6437650.565, 5664758.988], [6437649.0724, 5664757.6095], [6437646.052, 5664754.82], [6437639.951, 5664749.630000001], [6437636.3014, 5664746.3577], [6437625.49, 5664736.664000001], [6437618.1218, 5664729.9748], [6437616.0746, 5664728.1163], [6437608.205, 5664720.971999999], [6437595.4539, 5664709.6087], [6437593.376, 5664707.756999999], [6437577.5841, 5664693.5252], [6437576.6545, 5664694.5622000005], [6437576.5682, 5664694.4856], [6437577.5009, 5664693.450200001], [6437577.9334, 5664692.970000001], [6437795.8737, 5664451.0152], [6437796.2308, 5664450.602], [6437800.0467, 5664446.1876], [6437930.3677, 5664306.607100001], [6438061.5919, 5664159.0153], [6438192.8283, 5664012.4234], [6438319.0289, 5663862.8923], [6438383.0205, 5663779.115599999], [6438513.8344, 5663597.5274], [6438550.5354, 5663555.745100001], [6438554.6691, 5663550.210100001], [6438611.288, 5663485.755000001], [6438618.6087, 5663477.421], [6438643.9311, 5663448.5933], [6438645.9459, 5663446.2996], [6438646.795, 5663445.333000001], [6438649.2433, 5663442.5721], [6438651.1712, 5663440.3981], [6438661.991, 5663428.197000001], [6438682.6558, 5663404.8902], [6438768.7032, 5663307.841600001], [6438774.075, 5663301.783], [6438798.2664, 5663274.5447], [6438838.0153, 5663229.7894], [6438850.2, 5663216.07], [6438861.7444, 5663203.066400001], [6438862.7861, 5663201.892999999], [6438887.5692, 5663173.977399999], [6438887.724, 5663173.802999999], [6438900.1249, 5663161.9246], [6439015.0349, 5663052.414799999], [6439071.5595, 5662984.990900001], [6439088.314, 5662964.138499999], [6439117.8375, 5662927.394200001], [6439136.3853, 5662904.309900001], [6439170.3317, 5662854.608100001], [6439208.8885, 5662798.156099999], [6439232.1635, 5662768.815099999], [6439270.0023, 5662721.277899999], [6439327.4391, 5662650.4593], [6439378.7277, 5662591.337400001], [6439425.3663, 5662532.3094], [6439457.6172, 5662491.491], [6439569.8556, 5662370.8017], [6439657.975, 5662272.9208], [6439734.8598, 5662200.8652], [6439786.7274, 5662152.2555], [6439938.9766, 5662014.399499999], [6439976.5598, 5661970.112199999], [6440009.5618, 5661931.223300001], [6440104.4645, 5661786.8992], [6440159.9531, 5661639.4726], [6440204.6221, 5661485.020099999], [6440241.0671, 5661317.8100000005], [6440242.4733, 5661312.2334], [6440254.11, 5661257.978], [6440307.03, 5661085.116], [6440337.592, 5661023.741], [6440404.635, 5661068.482999999], [6440464.436, 5661089.942], [6440472.061, 5661099.460999999], [6440496.272, 5661115.24], [6440510.533, 5661133.569], [6440526.695, 5661166.876], [6440533.981, 5661198.1], [6440550.941, 5661214.596999999], [6440557.899, 5661231.813999999], [6440569.595, 5661247.255000001], [6440579.292, 5661263.569], [6440592.545, 5661282.861], [6440630.404, 5661306.666999999], [6440650.309, 5661316.068], [6440669.185, 5661336.382999999], [6440699.325, 5661357.021], [6440704.981, 5661360.802999999], [6440712.394, 5661365.984999999], [6440718.526, 5661381.082], [6440730.736, 5661394.335999999], [6440731.223, 5661414.880999999], [6440742.211, 5661452.892000001], [6440755.524, 5661477.123], [6440778.148, 5661513.954], [6440798.095, 5661544.126], [6440822.809, 5661576.380000001], [6440854.07, 5661611.665999999], [6440861.639, 5661619.005999999], [6440905.926, 5661657.925000001], [6440907.915, 5661660.291999999], [6440934.367, 5661689.994999999], [6440955.278, 5661713.914999999], [6440961.503, 5661720.880000001], [6441000.717, 5661758.249], [6441048.892, 5661792.35], [6441067.523, 5661800.574999999], [6441097.836, 5661813.140000001], [6441137.925, 5661829.457], [6441163.032, 5661841.473999999], [6441199.22, 5661847.847999999], [6441296.298, 5661857.176000001], [6441305.487, 5661857.884], [6441292.109, 5661886.198000001], [6441281.571, 5661906.186000001], [6441272.322, 5661923.6280000005], [6441263.005, 5661941.202], [6441257.088, 5661952.124], [6441243.704, 5661978.216], [6441230.822, 5662002.773], [6441183.614, 5662089.618000001], [6441148.99, 5662151.99], [6441122.856, 5662202.789999999], [6441108.265, 5662238.209000001], [6441103.736, 5662250.674000001], [6441105.688, 5662266.551999999], [6441166.808, 5662493.665999999], [6441171.345, 5662490.821], [6441179.242, 5662483.845000001], [6441192.031, 5662470.409], [6441201.052, 5662458.028999999], [6441218.008, 5662427.732000001], [6441255.609, 5662357.291999999], [6441283.003, 5662298.865], [6441285.353, 5662304.617000001], [6441298.935, 5662321.114], [6441311.353, 5662338.154999999], [6441320.191, 5662350.268999999], [6441321.218, 5662351.676999999], [6441336.471, 5662372.334000001], [6441353.452, 5662395.332], [6441371.339, 5662419.538000001], [6441372.091, 5662420.559], [6441389.168, 5662443.955], [6441406.163, 5662467.24], [6441424.297, 5662492.082], [6441435.993, 5662508.111], [6441437.482, 5662510.5030000005], [6441440.74, 5662515.233999999], [6441443.283, 5662518.703], [6441464.285, 5662547.431], [6441465.536, 5662549.136], [6441475.442, 5662562.676999999], [6441483.405, 5662573.441], [6441498.862, 5662594.335000001], [6441507.546, 5662606.07], [6441514.98, 5662616.119999999], [6441523.303, 5662631], [6441526.884, 5662642.447000001], [6441528.877, 5662657.374], [6441527.729, 5662671.499], [6441524.252, 5662685.683], [6441519.163, 5662706.426000001], [6441512.401, 5662715.448999999], [6441509.131, 5662717.139], [6441502.223, 5662720.693], [6441491.19, 5662722.237], [6441489.716, 5662724.455], [6441487.997, 5662727.026000001], [6441496.735, 5662737.411], [6441499.62, 5662737.766000001], [6441503.571, 5662736.998], [6441588.801, 5662720.481000001], [6441597.879, 5662718.651000001], [6441620.17, 5662714.539000001], [6441625.319, 5662713.596999999], [6441695.467, 5662700.104], [6441700.465, 5662699.073000001], [6441768.287, 5662687.48], [6441845.698, 5662671.562999999], [6441853.931, 5662669.283], [6441947.886, 5662650.958000001], [6441957.164, 5662649.126], [6441972.282, 5662673.426000001], [6441971.83, 5662679.032], [6441979.382, 5662693.8719999995], [6441983.973, 5662714.459000001], [6441979.049, 5662753.572000001], [6441982.155, 5662770.466], [6441979.271, 5662782.482000001], [6441966.68, 5662812.796], [6441946.489, 5662851.482999999], [6441939.427, 5662859.509], [6441912.175, 5662877.619000001], [6441909.29, 5662884.634], [6441905.4, 5662898.613], [6441902.683, 5662912.796], [6441898.649, 5662976.59], [6441896.359, 5662988.927999999], [6441886.323, 5663010.681], [6441884.634, 5663014.112], [6441878.222, 5663023], [6441874.201, 5663031.139], [6441869.758, 5663045.773], [6441868.271, 5663058.352], [6441866.584, 5663078.323999999], [6441862.869, 5663090.299000001], [6441838.915, 5663123.040999999], [6441829.025, 5663132.991], [6441819.213, 5663140.319], [6441804.638, 5663153.267000001], [6441805.712, 5663176.727], [6441811.247, 5663184.501], [6441820.635, 5663189.139], [6441831.214, 5663189.801000001], [6441852.435, 5663212.768999999], [6441851.716, 5663237.571], [6441857.229, 5663242.715], [6441864.871, 5663244.433], [6441875.816, 5663238.949999999], [6441939.556, 5663307.140000001], [6441976.719, 5663344.566], [6442001.63, 5663375.268999999], [6442038.085, 5663421.145], [6442066.054, 5663470.563999999], [6442117.26, 5663546.976], [6442167.672, 5663621.785], [6442177.221, 5663643.321], [6442180.147, 5663646.296], [6442187.348, 5663652.16], [6442203.56, 5663668.846000001], [6442230.428, 5663714.306], [6442240.261, 5663726.979], [6442262.286, 5663750.645], [6442303.452, 5663787.5309999995], [6442309.617, 5663800.368000001], [6442304.863, 5663801.716], [6442298.023, 5663802.6280000005], [6442293.568, 5663804.682], [6442289.104, 5663809.397], [6442261.516, 5663854.554], [6442252.609, 5663865.663000001], [6442244.416, 5663875.363], [6442237.806, 5663885.424000001], [6442231.662, 5663897.589], [6442230.722, 5663907.512], [6442232.147, 5663922.075999999], [6442233.586, 5663935.35], [6442237.325, 5663951.876], [6442232.857, 5663963.741], [6442220.415, 5663996.153999999], [6442212.009, 5664018.197000001], [6442207.796, 5664029.648], [6442197.808, 5664069.002], [6442178.441, 5664121.098999999], [6442161.442, 5664162.118000001], [6442156.412, 5664170.539000001], [6442150.594, 5664178.299000001], [6442106.347, 5664228.146], [6442095.973, 5664239.551999999], [6442058.487, 5664278.557], [6442052.868, 5664287.085000001], [6442050.139, 5664296.318], [6442043.153, 5664350.755999999], [6442040.223, 5664364.952], [6442035.491, 5664374.809], [6442028.126, 5664384.448999999], [6442018.639, 5664393.044], [6442006.114, 5664400.205], [6441993.042, 5664405.013], [6441972.164, 5664411.105], [6441960.04, 5664413.311000001], [6441935.059, 5664414.992000001], [6441925.513, 5664416.967], [6441898.494, 5664429.642999999], [6441888.597, 5664432.461999999], [6441878.907, 5664433.339], [6441804.508, 5664423.684], [6441783.623, 5664416.725], [6441771.879, 5664415.616], [6441758.961, 5664418.381999999], [6441747.093, 5664424.4350000005], [6441736.747, 5664433.181], [6441714.175, 5664463.135], [6441703.405, 5664472.296], [6441690.341, 5664478.744000001], [6441652.369, 5664487.9120000005], [6441621.108, 5664497.92], [6441607.366, 5664506.956], [6441598.541, 5664516.584000001], [6441591.142, 5664530.8440000005], [6441562.62, 5664615.545], [6441539.104, 5664688.304], [6441512.451, 5664769.602], [6441507.059, 5664811.84], [6441500.211, 5664849.436000001], [6441483.681, 5664894.309], [6441472.915, 5664912.151000001], [6441464.869, 5664921.629000001], [6441451.055, 5664933.005999999], [6441421.002, 5664954.521], [6441390.291, 5664975.313999999], [6441351.726, 5665006.682], [6441338.039, 5665015.347999999], [6441321.543, 5665023.198000001], [6441307.001, 5665031.464], [6441296.865, 5665039.288000001], [6441290.137, 5665047.789000001], [6441284.203, 5665059.112], [6441279.97, 5665078.025], [6441275.066, 5665093.484999999], [6441267.452, 5665110.659], [6441257.224, 5665125.744000001], [6441248.917, 5665134.404999999], [6441234.224, 5665146.683], [6441154.3, 5665193.232999999], [6441078.219, 5665235.876], [6441065.402, 5665239.461999999], [6441046.653, 5665242.0600000005], [6441018.458, 5665241.581], [6440972.042, 5665239.414000001], [6440953.981, 5665239.343], [6440941.064, 5665239.65], [6440930.339, 5665242.529999999], [6440920.258, 5665248.283], [6440911.174, 5665254.573000001], [6440903.919, 5665262.5309999995], [6440898.107, 5665273.261], [6440892.93, 5665291.884], [6440888.33, 5665307.66], [6440880.686, 5665322.373], [6440871.008, 5665335.891000001], [6440857.71, 5665347.791999999], [6440839.281, 5665359.634], [6440821.557, 5665371.039000001], [6440811.885, 5665376.786], [6440801.757, 5665381.978], [6440790.934, 5665388.489], [6440780.509, 5665394.665999999], [6440769.226, 5665401.913000001], [6440757.931, 5665410.651000001], [6440745.132, 5665420.687000001], [6440729.364, 5665434.109999999], [6440713.54, 5665447.892999999], [6440698.036, 5665460.782], [6440683.694, 5665473.0370000005], [6440672.979, 5665484.238], [6440668.62, 5665492.681], [6440664.249, 5665502.514], [6440662.677, 5665517.264], [6440662.359, 5665536.539000001], [6440658.682, 5665548.414000001], [6440649.043, 5665565.131999999], [6440645.444, 5665570.195], [6440638.224, 5665578.5030000005], [6440627.167, 5665587.107000001], [6440613.995, 5665595.277000001], [6440597.648, 5665603.135], [6440582.351, 5665607.609999999], [6440562.96, 5665610.914000001], [6440552.123, 5665612.855], [6440542.171, 5665616.925000001], [6440530.41, 5665630.938999999], [6440527.206, 5665644.698000001], [6440530.164, 5665668.614], [6440533.376, 5665688.637], [6440531.517, 5665706.119999999], [6440529.607, 5665715.254000001], [6440523.322, 5665724.021], [6440501.333, 5665741.577], [6440475.897, 5665751.135], [6440443.834, 5665751.093], [6440416.846, 5665724.867000001], [6440374.229, 5665698.76], [6440346.774, 5665684.450999999], [6440325.742, 5665675.214], [6440290.168, 5665665.943], [6440259.126, 5665661.808], [6440234.887, 5665662.051000001], [6440213.104, 5665660.244000001], [6440145.804, 5665660.556], [6440137.471, 5665659.5370000005], [6440120.907, 5665665.958000001], [6440083.616, 5665692.539999999], [6439979.1449, 5665773.3693], [6439964.2515, 5665778.901900001], [6439962.9599, 5665779.2455], [6439957.3135, 5665780.5677000005], [6439951.4523, 5665781.002900001], [6439946.782, 5665780.626499999], [6439943.0246, 5665779.9023], [6439938.7618, 5665779.1274999995], [6439932.2595, 5665777.142200001], [6439925.9215, 5665773.869999999], [6439920.4787, 5665769.9517], [6439916.0892, 5665766.9772], [6439912.2122, 5665763.8937], [6439910.3554, 5665761.669600001], [6439909.4642, 5665760.9442], [6439908.0895, 5665760.2247], [6439905.2428, 5665759.4211], [6439902.2832, 5665758.026799999], [6439900.6976, 5665757.761299999], [6439896.6282, 5665757.209100001], [6439883.3862, 5665754.743000001], [6439873.5495, 5665753.816500001], [6439850.9011, 5665749.1598000005], [6439835.0261, 5665749.7948]]]}, "properties": {"OBJECTID": 35, "NROSIEDLA": 39, "NAZWAOSIEDLA": "Strachocin - Swojczyce - Wojnów", "SHAPE.AREA": 12487353.5377179, "SHAPE.LEN": 16376.9058157446, "DATA": 1453334400000}}, {"type": "Feature", "id": 36, "geometry": {"type": "Polygon", "coordinates": [[[6440093.421, 5672043.726], [6440079.069, 5672047.778000001], [6440066.568, 5672056.078], [6440060.102, 5672056.446], [6440057.47, 5672058.798], [6440056.852, 5672066.425000001], [6440052.267, 5672066.890000001], [6440019.793, 5672060.149], [6439983.243, 5672052.187000001], [6439962.08, 5672047.960000001], [6439938.184, 5672044.317], [6439930.054, 5672034.395], [6439860.259, 5672037.389], [6439792.539, 5672038.279999999], [6439721.328, 5672039.483999999], [6439699.193, 5672036.691], [6439672.309, 5672036.525], [6439666.659, 5672036.562999999], [6439641.191, 5672035.210000001], [6439585.929, 5672039.476], [6439576.734, 5672039.915999999], [6439565.339, 5672040.382999999], [6439505.874, 5672043.505999999], [6439379.41, 5672061.561000001], [6439369.324, 5672061.083000001], [6439331.292, 5672051.773], [6439256.225, 5672019.278000001], [6439246.599, 5671966.741], [6439235.611, 5671908.16], [6439211.759, 5671808.742000001], [6439195.121, 5671739.509], [6439187.843, 5671711.5649999995], [6439174.765, 5671661.32], [6439154.668, 5671589.607999999], [6439129.455, 5671510.117000001], [6439111.168, 5671452.483999999], [6439190.41, 5671462.58], [6439190.667, 5671460.676999999], [6439169.768, 5671453.298], [6439128.307, 5671418.574999999], [6439116.709, 5671382.413000001], [6439109.054, 5671364.634], [6439100.197, 5671355], [6439056.485, 5671330.0649999995], [6439029.97, 5671304.971999999], [6439005.712, 5671268.842], [6438986.115, 5671265.868000001], [6438941.396, 5671265.196], [6438895.525, 5671264.347999999], [6438862.906, 5671228.208000001], [6438824.772, 5671163.692], [6438810.69, 5671121.509], [6438812.025, 5671085.720000001], [6438810.874, 5671043.581], [6438812.508, 5671016.759], [6438798.995, 5671006.630999999], [6438788.2664, 5670996.6894000005], [6438770.1655, 5670977.647299999], [6438763.2616, 5670962.460000001], [6438751.0611, 5670944.2666], [6438726.2238, 5670913.975299999], [6438712.0494, 5670895.455700001], [6438702.9339, 5670876.004899999], [6438694.9172, 5670868.8714000005], [6438664.5211, 5670851.9279], [6438662.2827, 5670846.284700001], [6438663.1772, 5670845.823899999], [6438665.3161, 5670829.177300001], [6438668.0629, 5670815.6634], [6438653.6868, 5670785.4256], [6438645.5678, 5670774.783299999], [6438642.1914, 5670767.6437], [6438634.1845, 5670737.319], [6438631.7345, 5670723.257999999], [6438604.7954, 5670638.2093], [6438602.9498, 5670626.1711], [6438602.7751, 5670616.6828000005], [6438603.6558, 5670594.391100001], [6438599.4279, 5670516.7984], [6438597.6573, 5670465.4473], [6438572.7749, 5670446.3171], [6438502.3398, 5670378.324899999], [6438471.3611, 5670348.7578], [6438417.0925, 5670296.961100001], [6438374.0954, 5670255.052999999], [6438358.3314, 5670246.990900001], [6438347.2982, 5670239.7677], [6438340.1544, 5670232.306500001], [6438329.315, 5670216.004000001], [6438312.3731, 5670198.0164], [6438304.3827, 5670186.136600001], [6438295.4927, 5670177.2466], [6438276.231, 5670169.5207], [6438263.6463, 5670163.363500001], [6438238.1309, 5670149.518200001], [6438228.6285, 5670141.4354], [6438201.1325, 5670112.401799999], [6438158.6967, 5670066.3015], [6438119.5973, 5670024.1054], [6438095.2556, 5669998.282], [6438067.0659, 5669966.596000001], [6438038.2643, 5669936.9515], [6438022.72, 5669919.9651999995], [6437997.2538, 5669892.4485], [6437979.5266, 5669873.795299999], [6437958.3599, 5669850.644200001], [6437937.7885, 5669829.3452], [6437921.5853, 5669812.7261], [6437917.6566, 5669808.843599999], [6437902.493, 5669812.1735], [6437892.8485, 5669814.2914], [6437892.8535, 5669814.330399999], [6437883.2406, 5669815.540200001], [6437871.0074, 5669817.0637], [6437790.1059, 5669829.7841], [6437770.7094, 5669832.3166000005], [6437725.7513, 5669838.077500001], [6437723.5201, 5669838.351], [6437720.6466, 5669838.703199999], [6437717.7841, 5669839.054], [6437715.82, 5669839.2948], [6437670.5011, 5669844.8496], [6437653.5321, 5669847.169500001], [6437631.6265, 5669849.798900001], [6437589.3217, 5669854.137499999], [6437561.2496, 5669855.857999999], [6437550.2434, 5669856.7678], [6437538.9222, 5669857.381899999], [6437537.4745, 5669857.3719], [6437525.2076, 5669858.775599999], [6437472.9196, 5669862.613], [6437455.5354, 5669863.7925], [6437445.6432, 5669864.349199999], [6437443.0108, 5669864.1335], [6437441.3104, 5669863.7919], [6437437.6738, 5669862.6064], [6437433.5987, 5669860.863399999], [6437430.3043, 5669859.454299999], [6437428.6075, 5669858.728599999], [6437418.9611, 5669854.602499999], [6437413.0763, 5669852.0855], [6437410.8784, 5669851.145400001], [6437403.4471, 5669847.9668000005], [6437357.1004, 5669829.3925], [6437349.4812, 5669825.782400001], [6437344.5751, 5669822.7782000005], [6437327.9412, 5669812.0931], [6437319.599, 5669805.624299999], [6437318.0301, 5669804.3407000005], [6437296.3982, 5669789.145099999], [6437262.4718, 5669764.659399999], [6437242.9186, 5669750.8894], [6437242.0765, 5669750.296399999], [6437236.53, 5669757.869999999], [6437231.9103, 5669764.178200001], [6437223.3119, 5669775.919], [6437216.31, 5669785.48], [6437190.1503, 5669816.5658], [6437181.6739, 5669826.6383], [6437172.7831, 5669837.203299999], [6437156.7519, 5669856.2533], [6437144.9053, 5669870.330700001], [6437144.4017, 5669870.929099999], [6437138.3713, 5669877.9683], [6437137.9398, 5669878.471999999], [6437135.6444, 5669881.1514], [6437133.563, 5669883.581], [6437132.579, 5669884.74], [6437131.7629, 5669885.7005], [6437129.4703, 5669888.398499999], [6437127.6607, 5669887.6655], [6437124.1536, 5669886.2447999995], [6437107.8884, 5669879.6559], [6437101.505, 5669877.07], [6437094.8893, 5669874.942], [6437082.5545, 5669870.974400001], [6437070.4282, 5669867.073899999], [6437057.6174, 5669862.953299999], [6437043.0532, 5669858.2686], [6437032.282, 5669854.804], [6437029.3731, 5669854.005799999], [6437020.4462, 5669851.556299999], [6437004.1715, 5669847.090500001], [6436991.5787, 5669843.635], [6436979.924, 5669840.437000001], [6436977.647, 5669839.6171], [6436968.1136, 5669836.184599999], [6436953.3714, 5669830.876700001], [6436938.4281, 5669825.496300001], [6436933.117, 5669823.584000001], [6436925.976, 5669821.101], [6436925.1932, 5669820.822699999], [6436916.6961, 5669817.8013], [6436895.8906, 5669810.4034], [6436888.192, 5669807.665999999], [6436886.9742, 5669807.202299999], [6436873.6655, 5669802.1346], [6436862.1509, 5669797.75], [6436853.902, 5669794.608999999], [6436844.1644, 5669791.7064], [6436837.2544, 5669789.6467], [6436817.0446, 5669783.6226], [6436809.3446, 5669781.327500001], [6436797.2735, 5669777.7293], [6436795.2825, 5669777.1359], [6436793.26, 5669776.533], [6436784.6436, 5669775.171599999], [6436782.8482, 5669774.8879], [6436767.57, 5669772.473999999], [6436762.5313, 5669769.979900001], [6436760.631, 5669773.819], [6436758.6432, 5669779.9442], [6436755.223, 5669790.482999999], [6436753.931, 5669796.4671], [6436752.4863, 5669803.1589], [6436752.1249, 5669804.8325], [6436751.1891, 5669809.167099999], [6436749.8638, 5669815.305500001], [6436748.2736, 5669822.671], [6436747.0876, 5669828.1643], [6436745.2453, 5669836.6971], [6436743.758, 5669843.585999999], [6436743.5845, 5669843.8232], [6436742.9943, 5669844.6304], [6436740.906, 5669847.486400001], [6436739.563, 5669849.323000001], [6436736.315, 5669853.765000001], [6436734.642, 5669854.9099], [6436726.1344, 5669860.731899999], [6436705.9521, 5669874.543199999], [6436702.8384, 5669876.673900001], [6436701.795, 5669877.388], [6436674.9387, 5669893.065199999], [6436664.729, 5669899.025], [6436656.9404, 5669901.2202], [6436641.1778, 5669905.662699999], [6436617.976, 5669912.202], [6436608.2091, 5669914.481000001], [6436600.0086, 5669916.394400001], [6436583.772, 5669920.183], [6436554.193, 5669925.908500001], [6436550.161, 5669926.688999999], [6436525.394, 5669931.482999999], [6436515.0574, 5669933.3518], [6436500.3134, 5669936.0173], [6436474.556, 5669940.674000001], [6436427.151, 5669957.4441], [6436375.6415, 5669975.243799999], [6436332.7059, 5669992.4013], [6436293.5146, 5670003.8188000005], [6436258.5056, 5670014.399499999], [6436226.084, 5670029.196], [6436210.1222, 5670040.426899999], [6436199.1138, 5670053.435799999], [6436185.0293, 5670078.9956], [6436178.518, 5670102.093], [6436178.4915, 5670103.7786], [6436178.427, 5670107.882999999], [6436177.921, 5670113.994000001], [6436177.3332, 5670118.5682], [6436177.133, 5670120.126], [6436175.8047, 5670125.8978], [6436175.1958, 5670128.5437], [6436175.192, 5670128.5600000005], [6436173.102, 5670137.890000001], [6436172.206, 5670144.085999999], [6436171.609, 5670149.385], [6436171.385, 5670154.013], [6436171.2968, 5670157.3697999995], [6436171.1867, 5670161.5637], [6436171.085, 5670165.434], [6436170.339, 5670191.26], [6436170.0562, 5670198.711300001], [6436169.965, 5670201.113], [6436169.368, 5670212.384], [6436169.069, 5670221.041999999], [6436168.5157, 5670226.062000001], [6436168.098, 5670229.851], [6436167.4751, 5670233.424699999], [6436166.68, 5670237.987], [6436165.709, 5670242.017999999], [6436164.439, 5670246.272], [6436162.573, 5670251.571], [6436162.0282, 5670252.5679], [6436160.5383, 5670255.294], [6436161.091, 5670257.591], [6436162.912, 5670265.159], [6436163.9531, 5670268.487], [6436161.0326, 5670269.453600001], [6436158.1594, 5670270.4045], [6436154.517, 5670271.609999999], [6436147.6491, 5670273.8829], [6436144.869, 5670274.802999999], [6436139.699, 5670276.361], [6436138.6956, 5670276.6632], [6436138.6488, 5670276.677300001], [6436121.5002, 5670281.842599999], [6436111.984, 5670284.709000001], [6436093.6695, 5670289.196900001], [6436080.4572, 5670292.434599999], [6436077.856, 5670293.072000001], [6436054.12, 5670298.595000001], [6436042.1286, 5670300.9452], [6436039.267, 5670301.505999999], [6436033.5124, 5670302.2596], [6436027.141, 5670303.0940000005], [6436018.965, 5670303.82], [6436011.5, 5670303.671], [6436001.125, 5670302.402000001], [6435991.646, 5670300.8312], [6435987.185, 5670300.092], [6435982.2962, 5670299.1548], [6435970.488, 5670296.891000001], [6435964.605, 5670295.593], [6435953.0167, 5670291.1285999995], [6435949.311, 5670289.700999999], [6435939.7353, 5670284.781300001], [6435929.489, 5670279.517000001], [6435922.0075, 5670275.931500001], [6435900.932, 5670265.831], [6435900.663, 5670265.744000001], [6435898.2459, 5670264.9571], [6435894.962, 5670263.888], [6435891.02, 5670263.505999999], [6435888.281, 5670263.24], [6435881.37, 5670262.058], [6435873.8532, 5670260.4855], [6435872.068, 5670260.112], [6435871.368, 5670259.965], [6435859.82, 5670258.875], [6435858.2982, 5670258.8694], [6435850.302, 5670258.84], [6435842.347, 5670259.450999999], [6435827.4982, 5670262.2432], [6435827.047, 5670262.328], [6435813.8761, 5670265.321799999], [6435772.888, 5670274.638599999], [6435768.8969, 5670275.5458], [6435746.789, 5670280.571], [6435744.561, 5670281.078], [6435738.868, 5670282.318], [6435734.121, 5670283.353], [6435725.0513, 5670285.3302], [6435718.7016, 5670286.714400001], [6435704.726, 5670289.761], [6435684.951, 5670294.723999999], [6435669.1712, 5670299.6570999995], [6435667.2154, 5670300.2685], [6435654.822, 5670304.142999999], [6435645.719, 5670306.876], [6435625.0369, 5670313.0855], [6435621.462, 5670309.444], [6435597.892, 5670282.976], [6435573.126, 5670230.210999999], [6435577.381, 5670223.159], [6435581.072, 5670217.384], [6435583.192, 5670214.048], [6435579.407, 5670187.102], [6435569.471, 5670173.311000001], [6435555.64, 5670168.83], [6435548.744, 5670166.5984000005], [6435563.6143, 5670135.0296], [6435570.0237, 5670123.0886], [6435580.9604, 5670099.138800001], [6435589.6181, 5670077.9209], [6435595.0529, 5670066.7443], [6435604.0402, 5670049.7761], [6435607.7484, 5670042.5714], [6435616.9985, 5670022.4157], [6435627.7035, 5669998.965], [6435637.1295, 5669978.012800001], [6435647.5114, 5669955.3993999995], [6435659.6581, 5669930.4899], [6435676.663, 5669903.8927], [6435698.3577, 5669871.0352], [6435711.0574, 5669851.0714], [6435722.7659, 5669833.5021], [6435736.4576, 5669812.730599999], [6435756.2482, 5669782.990700001], [6435772.1962, 5669759.2008], [6435782.2692, 5669742.246099999], [6435794.3526, 5669724.6699], [6435801.9684, 5669713.1799], [6435813.4166, 5669696.151699999], [6435822.3175, 5669681.122099999], [6435830.119, 5669667.8083999995], [6435837.6944, 5669654.0341], [6435850.2157, 5669630.879899999], [6435858.4315, 5669614.853599999], [6435865.2727, 5669603.481699999], [6435871.0614, 5669592.1757], [6435877.5131, 5669581.3478999995], [6435883.4607, 5669569.8212], [6435889.6065, 5669558.4484], [6435892.7634, 5669550.5397], [6435897.3585, 5669536.840299999], [6435899.2756, 5669527.465399999], [6435900.6703, 5669515.528100001], [6435902.4181, 5669494.306500001], [6435902.2829, 5669487.640699999], [6435900.4988, 5669464.6215], [6435899.9713, 5669446.5757], [6435901.6624, 5669429.9276], [6435904.9299, 5669416.093900001], [6435905.574, 5669414.0513], [6435910.2012, 5669399.2785], [6435911.1429, 5669396.7095], [6435913.3208, 5669392.7446], [6435922.3038, 5669383.7371], [6435930.2364, 5669378.805500001], [6435933.3053, 5669376.6701], [6435938.1598, 5669372.784499999], [6435954.3162, 5669361.5798], [6435965.8677, 5669354.588400001], [6435968.2989, 5669352.9747], [6435978.9512, 5669346.7952], [6435990.1022, 5669340.2224], [6435996.8651, 5669335.793199999], [6436000.5242, 5669333.982999999], [6436003.0458, 5669330.550899999], [6436003.3377, 5669330.026799999], [6436018.1223, 5669318.349300001], [6436027.348, 5669313.1655], [6436037.5705, 5669308.2489], [6436045.8637, 5669304.4583], [6436050.6642, 5669301.584799999], [6436062.342, 5669293.908399999], [6436067.0659, 5669290.3356], [6436072.0862, 5669286.4991999995], [6436076.4048, 5669282.960200001], [6436079.9343, 5669279.892100001], [6436083.6226, 5669276.2629], [6436088.227, 5669270.547800001], [6436091.1396, 5669265.372099999], [6436095.2586, 5669260.054099999], [6436100.9085, 5669249.1094], [6436103.0282, 5669244.141799999], [6436104.9523, 5669239.3314], [6436107.3801, 5669233.602299999], [6436109.7626, 5669227.2534], [6436111.4349, 5669220.046599999], [6436113.878, 5669210.020400001], [6436113.1538, 5669194.3387], [6436111.686, 5669187.539999999], [6436111.0368, 5669178.9299], [6436109.491, 5669168.5756], [6436108.4318, 5669160.3226], [6436107.7871, 5669149.498500001], [6436108.2647, 5669138.9322999995], [6436108.273, 5669132.7359], [6436109.5702, 5669129.025599999], [6436112.0546, 5669125.0386], [6436115.5617, 5669118.831800001], [6436117.635, 5669114.634199999], [6436122.075, 5669108.889900001], [6436127.8022, 5669100.104699999], [6436132.7011, 5669095.0777], [6436137.118, 5669090.0813], [6436140.3247, 5669086.660499999], [6436146.7109, 5669080.414100001], [6436156.2356, 5669072.616599999], [6436160.934, 5669068.0611000005], [6436164.5065, 5669065.5397], [6436166.9031, 5669063.976], [6436167.2245, 5669063.5918000005], [6436185.6054, 5669051.126700001], [6436220.9935, 5669015.738700001], [6436244.7143, 5668991.013499999], [6436248.026, 5668987.67], [6436250.5198, 5668985.0189], [6436253.2904, 5668982.2688], [6436255.9252, 5668979.067600001], [6436263.1148, 5668971.0592], [6436269.4186, 5668963.8528], [6436273.1645, 5668959.8607], [6436276.5891, 5668954.683], [6436278.2148, 5668950.7305], [6436279.449, 5668948.8028], [6436281.6819, 5668946.463099999], [6436286.6018, 5668939.129000001], [6436289.2191, 5668935.7729], [6436292.3837, 5668928.3254], [6436293.721, 5668924.998299999], [6436295.4791, 5668920.810699999], [6436297.6243, 5668916.6346], [6436302.6372, 5668906.481000001], [6436305.8722, 5668898.867799999], [6436307.3853, 5668895.3846], [6436308.9609, 5668891.3484000005], [6436310.0807, 5668887.2269], [6436310.1008, 5668886.643999999], [6436311.8082, 5668878.255899999], [6436311.7461, 5668876.183800001], [6436311.9911, 5668874.8741999995], [6436312.9135, 5668871.2893], [6436313.8417, 5668867.1088], [6436314.6948, 5668863.658500001], [6436315.7135, 5668858.5823], [6436315.8513, 5668853.7607], [6436315.8323, 5668852.694], [6436317.3171, 5668850.4142], [6436319.4962, 5668847.6512], [6436322.4648, 5668843.4350000005], [6436325.0719, 5668839.883199999], [6436326.5365, 5668837.919500001], [6436329.6584, 5668834.8782], [6436338.3955, 5668825.3474], [6436342.2812, 5668821.2291], [6436345.2747, 5668818.216499999], [6436347.942, 5668815.6229], [6436350.7859, 5668813.082], [6436353.9003, 5668810.639900001], [6436356.1811, 5668809.3202], [6436362.3847, 5668806.574200001], [6436366.3301, 5668804.999500001], [6436371.961, 5668803.3697999995], [6436376.5616, 5668801.6194], [6436379.5794, 5668800.159499999], [6436384.76, 5668798.4442], [6436389.4866, 5668797.0057], [6436392.5065, 5668796.259299999], [6436397.1966, 5668794.796800001], [6436400.9607, 5668793.3356], [6436404.856, 5668792.117699999], [6436409.5157, 5668790.6676], [6436414.6222, 5668789.277899999], [6436420.0226, 5668787.6982], [6436422.731, 5668787.0079], [6436431.2142, 5668784.6141], [6436436.177, 5668783.6697], [6436440.9649, 5668782.42], [6436445.2006, 5668781.0998], [6436448.5396, 5668780.330600001], [6436454.056, 5668779.0846], [6436460.8786, 5668775.242799999], [6436460.8946, 5668775.235200001], [6436463.7939, 5668775.1044], [6436468.7811, 5668773.8368999995], [6436472.9508, 5668772.2782000005], [6436476.4082, 5668771.2589], [6436479.5716, 5668770.7479], [6436486.1473, 5668769.947899999], [6436493.2262, 5668767.6909], [6436497.124, 5668766.096899999], [6436501.8772, 5668764.2228999995], [6436508.1748, 5668761.358100001], [6436514.2026, 5668758.8123], [6436519.1436, 5668756.23], [6436525.2928, 5668752.6252999995], [6436531.5234, 5668748.100500001], [6436535.9754, 5668743.648499999], [6436539.3238, 5668739.2497000005], [6436542.4332, 5668737.004799999], [6436547.957, 5668732.8674], [6436552.2096, 5668725.661900001], [6436554.7089, 5668722.4438000005], [6436558.1459, 5668717.914899999], [6436560.8093, 5668712.227700001], [6436562.1121, 5668708.975299999], [6436564.3918, 5668704.7009], [6436566.4751, 5668701.004899999], [6436568.5864, 5668697.674000001], [6436570.3163, 5668694.279100001], [6436572.2725, 5668690.4893], [6436577.0009, 5668682.529999999], [6436582.3848, 5668671.4167], [6436587.3317, 5668662.215500001], [6436592.7864, 5668651.3759], [6436595.1999, 5668645.989700001], [6436596.6731, 5668643.237600001], [6436598.4523, 5668640.5483], [6436604.7581, 5668628.3083], [6436606.6606, 5668623.896400001], [6436608.3264, 5668620.4596], [6436610.3371, 5668616.999399999], [6436615.4542, 5668607.9136], [6436618.4951, 5668602.1702], [6436620.7204, 5668596.6613], [6436622.6857, 5668592.0229], [6436625.2809, 5668586.8673], [6436628.0645, 5668581.0623], [6436630.1405, 5668577.449100001], [6436633.041, 5668572.867699999], [6436635.7253, 5668568.1021], [6436638.3082, 5668563.0353], [6436640.2984, 5668558.6261], [6436643.7813, 5668551.499399999], [6436646.3418, 5668547.0659], [6436648.7149, 5668543.251599999], [6436651.2885, 5668539.187000001], [6436654.4481, 5668534.6971], [6436658.6772, 5668528.4032000005], [6436661.3612, 5668524.2097], [6436664.3122, 5668520.4427000005], [6436666.5598, 5668518.2412], [6436669.5228, 5668514.7826000005], [6436672.421, 5668510.7314], [6436676.0338, 5668506.8871], [6436679.6845, 5668502.674000001], [6436682.9995, 5668498.6011], [6436685.5516, 5668494.8113], [6436687.5421, 5668491.420700001], [6436689.7096, 5668487.770099999], [6436693.3987, 5668480.970799999], [6436696.5024, 5668475.748299999], [6436698.7179, 5668472.182600001], [6436700.8813, 5668469.0034], [6436701.8312, 5668467.643999999], [6436726.9527, 5668436.512399999], [6436755.8873, 5668395.0918000005], [6436757.5081, 5668392.7807], [6436763.3496, 5668384.413000001], [6436772.1623, 5668367.4695], [6436781.4334, 5668346.190300001], [6436783.5647, 5668340.0569], [6436787.5635, 5668318.9125], [6436788.9781, 5668302.3136], [6436789.1175, 5668301.1822], [6436792.8254, 5668253.406400001], [6436804.5827, 5668221.872199999], [6436821.2521, 5668174.6416], [6436836.4255, 5668153.530300001], [6436848.7175, 5668137.869200001], [6436864.8724, 5668117.3661], [6436883.6131, 5668092.801999999], [6436898.3576, 5668069.728499999], [6436912.9805, 5668042.7369], [6436917.4319, 5668032.9135], [6436923.2148, 5668013.137499999], [6436930.7078, 5667990.910599999], [6436932.1235, 5667988.1216], [6436943.3649, 5667948.7468], [6436944.92, 5667938.616], [6436946.1311, 5667916.9452], [6436948.8804, 5667891.3752], [6436949.171, 5667888.6592999995], [6436949.885, 5667881.923699999], [6436954.3685, 5667855.5329], [6436958.5609, 5667833.8912], [6436964.5081, 5667813.5671], [6436972.344, 5667789.0647], [6436979.8885, 5667762.890000001], [6436992.1291, 5667722.9485], [6436998.8888, 5667699.5989], [6437004.9665, 5667674.1866], [6437006.1549, 5667667.577199999], [6437018.0436, 5667629.9333], [6437022.9499, 5667616.453], [6437027.6158, 5667609.6127], [6437032.1364, 5667603.075300001], [6437032.5697, 5667602.323999999], [6437032.8017, 5667602.0177], [6437033.3022, 5667601.466600001], [6437034.0001, 5667600.7794], [6437034.6722, 5667600.051200001], [6437035.1607, 5667599.5868999995], [6437035.7554, 5667599.0638], [6437036.6853, 5667598.3091], [6437037.9321, 5667597.3411], [6437038.9312, 5667596.4552], [6437039.5131, 5667595.968800001], [6437040.4391, 5667595.336200001], [6437041.7829, 5667594.2697], [6437043.6908, 5667592.705600001], [6437044.7159, 5667591.7864], [6437045.6799, 5667590.9592], [6437046.6313, 5667590.190400001], [6437047.6368, 5667589.349099999], [6437048.6164, 5667588.544], [6437049.8783, 5667587.474400001], [6437050.8196, 5667586.6894000005], [6437051.6797, 5667586.002], [6437052.9145, 5667585.1471], [6437054.1967, 5667584.145400001], [6437055.5791, 5667582.9625], [6437056.3991, 5667582.3204], [6437057.6855, 5667581.2959], [6437059.2027, 5667580.0132], [6437060.85, 5667578.364399999], [6437063.1256, 5667575.602499999], [6437063.638, 5667575.0184], [6437064.3016, 5667574.3956], [6437065.4374, 5667573.4629999995], [6437066.8607, 5667572.2467], [6437068.0934, 5667571.1472], [6437069.3535, 5667569.985400001], [6437070.7156, 5667568.7787], [6437071.7127, 5667567.889], [6437072.9055, 5667566.7752], [6437074.0284, 5667565.568299999], [6437074.7445, 5667564.8726], [6437075.4462, 5667564.275800001], [6437076.2678, 5667563.6511], [6437077.5385, 5667562.7118999995], [6437078.9603, 5667561.363399999], [6437079.562, 5667560.753699999], [6437079.9444, 5667560.4275], [6437080.7661, 5667559.8347], [6437082.2491, 5667558.8083999995], [6437083.3575, 5667558.0627], [6437084.9559, 5667556.9506], [6437086.4587, 5667555.498400001], [6437087.4015, 5667554.508400001], [6437088.431, 5667553.4201], [6437089.435, 5667552.3814], [6437089.8683, 5667551.980799999], [6437090.5128, 5667551.5076], [6437091.6913, 5667550.729599999], [6437092.9414, 5667549.9231], [6437094.8369, 5667548.663699999], [6437096.1334, 5667547.851500001], [6437097.2564, 5667547.111300001], [6437098.8783, 5667545.989399999], [6437100.2672, 5667544.8858], [6437102.4332, 5667542.9113], [6437103.8739, 5667541.0714], [6437104.007, 5667540.887], [6437104.0624, 5667540.8396000005], [6437105.4531, 5667539.6873], [6437106.7862, 5667538.5524], [6437107.9151, 5667537.6282], [6437109.1387, 5667536.6787], [6437110.4188, 5667535.648399999], [6437111.1485, 5667535.063100001], [6437112.1307, 5667534.385399999], [6437113.3501, 5667533.566500001], [6437114.8107, 5667532.6537], [6437116.59, 5667531.5622000005], [6437117.5472, 5667530.924000001], [6437118.4832, 5667530.327500001], [6437120.0701, 5667529.251800001], [6437122.1432, 5667527.8434999995], [6437123.4911, 5667526.903899999], [6437124.8374, 5667525.990599999], [6437125.8534, 5667525.400699999], [6437126.9364, 5667524.8884], [6437128.4233, 5667524.231000001], [6437129.8213, 5667523.561799999], [6437131.4739, 5667522.702500001], [6437132.2741, 5667522.2763], [6437133.2435, 5667521.8133000005], [6437134.1714, 5667521.429099999], [6437135.9029, 5667520.705], [6437137.2983, 5667520.0908], [6437138.7451, 5667519.4267], [6437140.2753, 5667518.9376], [6437141.3848, 5667518.6456], [6437143.0516, 5667518.2158], [6437144.5379, 5667517.793], [6437146.3188, 5667517.1687], [6437147.3987, 5667516.7949], [6437148.352, 5667516.4410999995], [6437149.0704, 5667516.195900001], [6437149.9433, 5667515.978499999], [6437151.1482, 5667515.707], [6437152.2986, 5667515.4597], [6437153.5816, 5667515.1427], [6437154.5238, 5667514.921499999], [6437155.6352, 5667514.658299999], [6437156.6217, 5667514.4344], [6437158.1302, 5667514.143300001], [6437159.1811, 5667513.8738], [6437159.8804, 5667513.7238], [6437160.6988, 5667513.6351], [6437162.4853, 5667513.4693], [6437164.6704, 5667513.077], [6437165.5874, 5667512.869000001], [6437166.7175, 5667512.6819], [6437167.5529, 5667512.5755], [6437168.8398, 5667512.4235], [6437170.1339, 5667512.252900001], [6437171.3664, 5667512.1061], [6437172.5803, 5667511.954399999], [6437173.5037, 5667511.8599], [6437174.6617, 5667511.817], [6437176.2735, 5667511.729599999], [6437177.2342, 5667511.705600001], [6437178.6541, 5667511.714], [6437179.698, 5667511.758199999], [6437181.2689, 5667511.8214], [6437182.3021, 5667511.909], [6437183.3412, 5667511.989], [6437184.5949, 5667512.0956], [6437185.4575, 5667512.1963], [6437186.7914, 5667512.3628], [6437187.7839, 5667512.508300001], [6437188.7515, 5667512.6709], [6437204.7598, 5667515.4471], [6437214.9294, 5667518.632300001], [6437224.4461, 5667524.0417], [6437228.5339, 5667526.1206], [6437231.2093, 5667527.5265], [6437240.207, 5667531.7083], [6437249.4296, 5667536.273800001], [6437259.3907, 5667540.7236], [6437271.2229, 5667545.1183], [6437279.2933, 5667547.752900001], [6437287.5008, 5667549.0679], [6437300.0688, 5667550.182], [6437307.7785, 5667549.7675], [6437319.1871, 5667547.319700001], [6437326.4854, 5667544.7652], [6437333.619, 5667541.7815000005], [6437340.6278, 5667537.206700001], [6437347.654, 5667531.071599999], [6437352.7988, 5667525.5689], [6437360.3863, 5667515.664899999], [6437365.7361, 5667507.5044], [6437370.7229, 5667499.6765], [6437379.4775, 5667485.0526], [6437390.6947, 5667468.7936], [6437398.8957, 5667457.2815000005], [6437407.5339, 5667442.103499999], [6437417.1146, 5667426.0879], [6437423.7269, 5667415.992900001], [6437429.9083, 5667406.7347], [6437438.0662, 5667391.8836], [6437447.4689, 5667375.351600001], [6437455.4661, 5667361.7269], [6437462.5234, 5667350.1558], [6437471.1378, 5667341.623199999], [6437485.0114, 5667330.2972], [6437496.6239, 5667322.604599999], [6437507.7686, 5667317.1555], [6437515.8076, 5667314.763900001], [6437530.0738, 5667311.574899999], [6437548.499, 5667310.693], [6437572.9912, 5667311.4606], [6437581.8293, 5667311.2097], [6437583.7656, 5667310.736400001], [6437587.3165, 5667311.285], [6437603.7314, 5667312.412799999], [6437624.114, 5667312.6533], [6437648.9226, 5667314.0799], [6437660.9556, 5667314.9779], [6437674.7759, 5667316.2851], [6437690.1456, 5667319.6357], [6437700.4711, 5667324.134199999], [6437711.0654, 5667329.288000001], [6437721.5877, 5667334.4213], [6437735.0765, 5667342.029999999], [6437747.0366, 5667351.544199999], [6437757.6471, 5667361.232799999], [6437764.2264, 5667365.646], [6437772.8791, 5667372.144099999], [6437777.2255, 5667374.311799999], [6437783.197, 5667378.751599999], [6437786.4587, 5667382.035599999], [6437790.3104, 5667388.459899999], [6437796.6727, 5667395.9321], [6437805.3738, 5667402.910800001], [6437815.2529, 5667411.8278], [6437818.7571, 5667414.8189], [6437842.4821, 5667437.9311], [6437857.8939, 5667454.3313], [6437867.4026, 5667462.7434], [6437877.4966, 5667471.895500001], [6437884.156, 5667475.5447], [6437891.7856, 5667478.863399999], [6437902.2945, 5667482.425000001], [6437909.7169, 5667484.8484000005], [6437916.7509, 5667486.0648], [6437923.7172, 5667486.6691], [6437929.3756, 5667486.0955], [6437938.9241, 5667481.9168], [6437953.6903, 5667474.727399999], [6437970.5151, 5667466.1839000005], [6437983.9854, 5667456.57], [6438003.6691, 5667441.665200001], [6438021.1034, 5667428.849400001], [6438038.2802, 5667416.7793000005], [6438052.5888, 5667405.167199999], [6438066.8433, 5667394.876700001], [6438081.507, 5667385.1099], [6438095.5397, 5667374.8266], [6438104.2695, 5667368.724099999], [6438113.066, 5667360.511600001], [6438123.6862, 5667350.8412999995], [6438132.9334, 5667341.539799999], [6438141.912, 5667330.6844999995], [6438151.9128, 5667318.646500001], [6438160.2611, 5667308.3028], [6438167.0807, 5667301.2565], [6438174.0371, 5667293.2458999995], [6438182.9485, 5667282.786], [6438193.2788, 5667269.374500001], [6438199.3674, 5667262.572000001], [6438210.5403, 5667248.725500001], [6438222.1812, 5667234.595899999], [6438231.5951, 5667224.627699999], [6438232.1353, 5667224.151000001], [6438233.3704, 5667223.0878], [6438234.9885, 5667221.419199999], [6438236.1464, 5667219.811000001], [6438236.8725, 5667218.7096], [6438237.6147, 5667217.543299999], [6438238.2151, 5667216.592599999], [6438238.8523, 5667215.571], [6438239.3185, 5667214.786599999], [6438239.9899, 5667213.780300001], [6438240.7132, 5667212.7886], [6438241.2242, 5667212.0068], [6438241.8384, 5667211.194800001], [6438242.5404, 5667210.2831999995], [6438243.3656, 5667209.1327], [6438244.2096, 5667207.916999999], [6438245.206, 5667206.3685], [6438246.1216, 5667204.6066], [6438246.6272, 5667203.513499999], [6438247.1455, 5667202.5079], [6438247.5601, 5667201.5876], [6438247.9564, 5667200.9079], [6438248.5941, 5667199.710999999], [6438249.074, 5667198.702199999], [6438249.3142, 5667198.2576], [6438249.7719, 5667197.6406], [6438250.4082, 5667196.745100001], [6438250.9763, 5667196.0462], [6438251.829, 5667195.0701], [6438252.5353, 5667194.270099999], [6438253.3666, 5667193.4037], [6438254.1097, 5667192.642000001], [6438254.7105, 5667192.041200001], [6438255.3303, 5667191.4614], [6438256.015, 5667190.839], [6438256.773, 5667190.179400001], [6438258.2401, 5667188.9169], [6438259.4174, 5667187.709799999], [6438260.5635, 5667186.407199999], [6438261.259, 5667185.5856], [6438261.7352, 5667185.0714], [6438262.1607, 5667184.660800001], [6438262.6962, 5667184.224400001], [6438263.5384, 5667183.544600001], [6438263.8075, 5667183.3235], [6438264.1301, 5667183.1559999995], [6438265.5009, 5667182.4015], [6438267.0226, 5667181.3947], [6438268.5631, 5667180.0934999995], [6438269.6106, 5667179.068299999], [6438270.254, 5667178.482100001], [6438270.92, 5667177.934800001], [6438271.0653, 5667177.829399999], [6438273.09, 5667177.198000001], [6438274.842, 5667176.568299999], [6438276.2172, 5667175.990700001], [6438278.2332, 5667175.024900001], [6438279.7636, 5667174.0825], [6438280.6226, 5667173.506899999], [6438281.2029, 5667173.1757], [6438282.0853, 5667172.7497000005], [6438283.0674, 5667172.305400001], [6438284.2248, 5667171.7772], [6438285.1327, 5667171.3937], [6438285.9907, 5667171.071], [6438286.8208, 5667170.7993], [6438288.2599, 5667170.3093], [6438289.6913, 5667169.7645], [6438290.8711, 5667169.3303], [6438291.9602, 5667168.938999999], [6438293.3292, 5667168.456499999], [6438294.559, 5667168.044199999], [6438295.319, 5667167.807399999], [6438296.1259, 5667167.5989], [6438297.2692, 5667167.329299999], [6438298.6197, 5667166.9494], [6438300.0615, 5667166.4802], [6438301.2208, 5667166.0934999995], [6438302.4889, 5667165.7499], [6438303.8173, 5667165.4122], [6438305.3491, 5667164.933499999], [6438306.602, 5667164.5254], [6438307.7006, 5667164.203199999], [6438308.9134, 5667163.887499999], [6438309.9797, 5667163.568299999], [6438310.9697, 5667163.3114], [6438312.347, 5667163.020400001], [6438313.5928, 5667162.7116], [6438314.3581, 5667162.567299999], [6438315.4092, 5667162.4024], [6438316.8126, 5667162.1522], [6438318.061, 5667162.0265], [6438319.4414, 5667161.865599999], [6438321.1233, 5667161.6229], [6438323.1513, 5667161.1908], [6438324.8551, 5667160.6382], [6438326.1059, 5667160.2828], [6438327.8017, 5667159.7764], [6438328.9448, 5667159.3774999995], [6438329.729, 5667159.130999999], [6438330.5403, 5667158.9099], [6438331.2438, 5667158.732100001], [6438332.0792, 5667158.5693], [6438334.7601, 5667158.0231], [6438335.7014, 5667157.8572], [6438336.8665, 5667157.644300001], [6438338.2655, 5667157.351500001], [6438339.7599, 5667156.9583], [6438340.992, 5667156.58], [6438342.0681, 5667156.2689], [6438343.4917, 5667155.9254], [6438345.2168, 5667155.500600001], [6438346.5973, 5667155.0187], [6438347.0618, 5667154.861500001], [6438347.594, 5667154.7654], [6438348.4736, 5667154.6557], [6438349.8394, 5667154.497099999], [6438351.1364, 5667154.25], [6438352.1036, 5667154.0756], [6438353.1168, 5667153.9202], [6438354.6585, 5667153.708799999], [6438356.2619, 5667153.3364], [6438357.3457, 5667153.071699999], [6438358.5525, 5667152.800000001], [6438359.5192, 5667152.549000001], [6438361.2284, 5667152.197899999], [6438376.2436, 5667148.870100001], [6438387.3033, 5667146.7597], [6438388.9813, 5667146.454600001], [6438390.1641, 5667146.585000001], [6438392.7917, 5667146.044399999], [6438393.4581, 5667145.8763999995], [6438393.8524, 5667145.837300001], [6438395.4522, 5667145.7655], [6438398.2779, 5667145.313100001], [6438400.4912, 5667144.4299], [6438401.7692, 5667143.779200001], [6438402.853, 5667143.2609], [6438403.6314, 5667142.8824000005], [6438404.177, 5667142.677300001], [6438405.1465, 5667142.4585], [6438406.639, 5667142.0492], [6438408.1043, 5667141.616], [6438409.9069, 5667140.9585], [6438411.6117, 5667140.1735], [6438413.6932, 5667138.9147], [6438415.6507, 5667137.2464000005], [6438416.7211, 5667135.906099999], [6438417.9333, 5667134.5272], [6438419.0298, 5667132.732999999], [6438419.7941, 5667131.3741], [6438420.6029, 5667129.7403], [6438420.9729, 5667128.689300001], [6438421.2364, 5667128.1570999995], [6438421.9156, 5667126.7272], [6438422.6452, 5667124.9823], [6438423.116, 5667123.704299999], [6438423.5444, 5667122.361], [6438423.7617, 5667121.6504], [6438424.1034, 5667120.793], [6438424.423, 5667120.1327], [6438424.8899, 5667119.1622], [6438425.6431, 5667117.7205], [6438426.3762, 5667116.101], [6438427.1216, 5667114.077099999], [6438427.5143, 5667112.243000001], [6438427.6137, 5667111.511499999], [6438427.7825, 5667110.9374], [6438427.8496, 5667110.7674], [6438428.4874, 5667109.5945], [6438429.281, 5667107.3595], [6438429.5359, 5667106.2127], [6438429.7104, 5667105.7304], [6438430.1225, 5667104.793199999], [6438430.7374, 5667103.083000001], [6438431.1278, 5667101.8562], [6438431.4038, 5667101.1436], [6438431.7684, 5667100.230699999], [6438432.1883, 5667099.2545], [6438432.8232, 5667097.6051], [6438433.1136, 5667096.637], [6438433.4663, 5667095.8071], [6438433.848, 5667094.773], [6438434.286, 5667093.6752], [6438435.111, 5667091.3474], [6438435.4842, 5667090.238299999], [6438435.8803, 5667089.082599999], [6438436.2138, 5667087.8905], [6438436.4822, 5667086.9936], [6438436.7144, 5667086.361], [6438437.3805, 5667084.953500001], [6438438.093, 5667082.4562], [6438438.1784, 5667081.3531], [6438438.2841, 5667081.036], [6438438.6677, 5667079.6008], [6438438.9069, 5667078.488], [6438439.2162, 5667077.2782000005], [6438439.4364, 5667076.388800001], [6438439.8805, 5667074.9098000005], [6438440.2033, 5667073.634400001], [6438440.4396, 5667072.619000001], [6438440.6564, 5667071.8103], [6438440.9855, 5667070.779200001], [6438441.3857, 5667069.4288], [6438441.6948, 5667068.4858], [6438442.2997, 5667066.7597], [6438442.6445, 5667064.748400001], [6438442.8014, 5667063.077500001], [6438442.9468, 5667061.8904], [6438443.1467, 5667060.9431], [6438443.4939, 5667059.8345], [6438443.9032, 5667058.7213], [6438444.5678, 5667057.0042], [6438445.3367, 5667054.9366999995], [6438446.0232, 5667052.698899999], [6438446.3847, 5667051.162900001], [6438446.5582, 5667050.548800001], [6438446.9581, 5667049.3774999995], [6438447.6309, 5667046.840299999], [6438447.7509, 5667045.2268], [6438447.9154, 5667044.1983], [6438448.0173, 5667043.7509], [6438448.3208, 5667042.778899999], [6438448.7355, 5667041.718], [6438449.2592, 5667040.437100001], [6438450.0231, 5667038.433499999], [6438450.6154, 5667036.313100001], [6438450.8912, 5667035.3488], [6438451.2317, 5667034.147700001], [6438451.5675, 5667033.0481], [6438451.9494, 5667031.9087000005], [6438452.5673, 5667030.125399999], [6438452.9676, 5667028.019300001], [6438453.1086, 5667026.6919], [6438453.2256, 5667025.8507], [6438453.3635, 5667025.1086], [6438453.5451, 5667024.3563], [6438453.8252, 5667023.412799999], [6438454.2208, 5667022.1259], [6438454.7221, 5667020.228], [6438455.0069, 5667018.946799999], [6438455.2054, 5667018], [6438455.3891, 5667017.264799999], [6438455.6903, 5667016.2763], [6438456.0647, 5667014.8736000005], [6438456.6134, 5667012.2223000005], [6438456.8353, 5667011.192600001], [6438457.1311, 5667009.969900001], [6438457.4087, 5667008.709000001], [6438457.6208, 5667007.6273], [6438457.7748, 5667006.9186], [6438458.0111, 5667006.143999999], [6438458.3681, 5667005.093900001], [6438458.8155, 5667003.554], [6438459.1553, 5667002.2202], [6438459.5153, 5667000.831499999], [6438459.8546, 5666999.3035], [6438460.0905, 5666998.0448], [6438460.2795, 5666997.1041], [6438460.6261, 5666995.6633], [6438460.9274, 5666993.906099999], [6438461.1507, 5666992.3824000005], [6438461.3837, 5666990.9749], [6438461.5153, 5666990.139599999], [6438461.9852, 5666988.4575], [6438462.3703, 5666987.062999999], [6438462.6654, 5666985.460999999], [6438462.8439, 5666984.296399999], [6438463.07, 5666982.964299999], [6438463.2084, 5666982.3388], [6438463.4262, 5666981.627599999], [6438463.8504, 5666980.3561], [6438464.456, 5666978.513900001], [6438465.0012, 5666976.0929000005], [6438465.1245, 5666974.636600001], [6438465.2615, 5666973.7454], [6438465.5359, 5666972.410800001], [6438465.834, 5666971.0956], [6438466.3042, 5666969.330800001], [6438466.5763, 5666967.3478999995], [6438466.603, 5666965.8421], [6438466.6285, 5666965.2425], [6438466.7246, 5666964.629000001], [6438466.8948, 5666963.771400001], [6438467.169, 5666962.7828], [6438467.6054, 5666961.345899999], [6438468.0005, 5666959.784600001], [6438468.2154, 5666958.8565], [6438468.5117, 5666957.8518], [6438468.7882, 5666957.1263], [6438469.213, 5666955.9713], [6438469.505, 5666955.213400001], [6438469.783, 5666954.6252999995], [6438470.454, 5666953.2597], [6438471.3371, 5666951.269300001], [6438472.0098, 5666949.275800001], [6438472.4745, 5666947.8816], [6438472.7855, 5666946.9232], [6438473.0704, 5666946.1127], [6438473.5441, 5666944.917199999], [6438474.1471, 5666942.978399999], [6438474.4689, 5666941.7535], [6438474.747, 5666940.8213], [6438475.0292, 5666939.9956], [6438475.3525, 5666939.086200001], [6438475.7599, 5666938.041200001], [6438476.3197, 5666936.6303], [6438476.8916, 5666934.967], [6438477.5927, 5666933.2359], [6438478.2876, 5666931.330499999], [6438478.7636, 5666929.9416000005], [6438479.1321, 5666928.986400001], [6438479.5965, 5666927.9309], [6438480.2036, 5666926.7917], [6438480.7542, 5666925.7336], [6438481.3643, 5666924.5253], [6438482.0609, 5666922.8619], [6438482.5091, 5666921.5699000005], [6438482.7258, 5666920.9198], [6438483.0687, 5666920.1425], [6438483.2362, 5666919.8215], [6438483.8452, 5666919.151699999], [6438485.0717, 5666917.4156], [6438485.8468, 5666915.956700001], [6438486.3638, 5666914.948799999], [6438486.9295, 5666914.0035], [6438487.6889, 5666912.776000001], [6438488.1582, 5666911.9662], [6438488.4544, 5666911.508400001], [6438488.6297, 5666911.317600001], [6438489.2526, 5666910.7611], [6438490.093, 5666909.920700001], [6438490.7883, 5666909.2585], [6438491.9812, 5666908.164100001], [6438493.3478, 5666906.5317], [6438494.4399, 5666904.853700001], [6438495.0132, 5666903.964], [6438495.4958, 5666903.227399999], [6438495.782, 5666902.82], [6438496.1493, 5666902.394400001], [6438496.7098, 5666901.833900001], [6438497.4723, 5666901.154100001], [6438498.7865, 5666899.898], [6438499.6584, 5666899.014799999], [6438500.2846, 5666898.371300001], [6438500.6838, 5666898.003699999], [6438501.6333, 5666897.247199999], [6438502.8182, 5666896.1765], [6438503.6525, 5666895.330499999], [6438504.2698, 5666894.725400001], [6438504.8328, 5666894.2961], [6438506.0439, 5666893.273600001], [6438507.4595, 5666891.894099999], [6438508.8047, 5666890.5155], [6438509.5867, 5666889.675899999], [6438510.0971, 5666889.2136], [6438511.2261, 5666888.2574000005], [6438512.4046, 5666887.217499999], [6438513.471, 5666886.3214], [6438514.7374, 5666885.2918], [6438515.9656, 5666884.2349], [6438516.7118, 5666883.591399999], [6438517.5096, 5666882.9639], [6438518.4518, 5666882.306], [6438519.4225, 5666881.6548999995], [6438520.4078, 5666881.071900001], [6438521.4775, 5666880.4473], [6438522.4371, 5666879.882999999], [6438523.6437, 5666879.183800001], [6438524.7744, 5666878.4803], [6438526.0665, 5666877.6094], [6438527.4166, 5666876.6196], [6438528.4534, 5666875.8477], [6438530.2264, 5666874.4279], [6438531.5414, 5666873.227700001], [6438532.5004, 5666872.2882], [6438533.2676, 5666871.5978], [6438534.109, 5666870.935900001], [6438535.9552, 5666869.683599999], [6438537.0934, 5666869.0441], [6438538.0762, 5666868.5527], [6438539.5608, 5666867.7708], [6438540.9995, 5666866.981699999], [6438542.2118, 5666866.2949], [6438543.8244, 5666865.3157], [6438544.8054, 5666864.7281], [6438546.2684, 5666863.8334], [6438547.9106, 5666862.6764], [6438548.7714, 5666862.0254999995], [6438549.986, 5666861.146299999], [6438551.0526, 5666860.402899999], [6438551.8042, 5666859.9427000005], [6438552.8557, 5666859.309900001], [6438554.2536, 5666858.3543], [6438555.2937, 5666857.5331], [6438556.033, 5666856.959100001], [6438556.5172, 5666856.603700001], [6438557.1761, 5666856.1973], [6438558.3729, 5666855.5239], [6438559.8286, 5666854.5263], [6438560.9799, 5666853.622199999], [6438562.0793, 5666852.7555], [6438563.5146, 5666851.5055], [6438564.4784, 5666850.4888], [6438565.0218, 5666849.919500001], [6438565.7808, 5666849.2743999995], [6438566.4535, 5666848.726299999], [6438567.1357, 5666848.196599999], [6438567.1803, 5666848.1686], [6438569.9946, 5666846.8638], [6438576.2092, 5666842.055500001], [6438581.6904, 5666838.239399999], [6438586.1665, 5666833.8595], [6438587.1848, 5666832.988], [6438591.2751, 5666831.3445], [6438601.5202, 5666824.2618], [6438612.1261, 5666816.8347], [6438617.8229, 5666812.829399999], [6438624.9479, 5666806.106000001], [6438630.9778, 5666801.1998], [6438633.9017, 5666797.9803], [6438635.027, 5666796.8651], [6438647.4833, 5666788.6888999995], [6438675.2646, 5666771.490900001], [6438713.8938, 5666752.705499999], [6438719.2873, 5666751.256999999], [6438724.5671, 5666748.8814], [6438737.4943, 5666742.397600001], [6438749.3312, 5666736.4746], [6438760.739, 5666730.4056], [6438782.0871, 5666715.730699999], [6438791.6016, 5666709.507300001], [6438795.6161, 5666705.566], [6438800.3049, 5666702.225400001], [6438804.0091, 5666699.0309], [6438807.9026, 5666696.2469], [6438813.5582, 5666692.536599999], [6438818.0755, 5666687.0394], [6438820.2841, 5666684.8795], [6438822.7721, 5666682.0613], [6438825.4905, 5666679.560799999], [6438829.7999, 5666675.1578], [6438833.6047, 5666669.8321], [6438836.7319, 5666665.6657], [6438840.3856, 5666661.1842], [6438843.7872, 5666657.3146], [6438849.3536, 5666649.747400001], [6438852.2156, 5666645.6007], [6438854.689, 5666641.487500001], [6438856.4911, 5666638.995999999], [6438859.0218, 5666634.696599999], [6438860.2298, 5666630.7467], [6438861.1294, 5666629.0309], [6438863.5772, 5666625.6358], [6438865.026, 5666621.982799999], [6438866.7856, 5666619.3665], [6438869.1623, 5666616.0293000005], [6438872.7271, 5666609.616900001], [6438874.3939, 5666606.8608], [6438879.6337, 5666597.2645], [6438883.1469, 5666590.7806], [6438884.8436, 5666586.6908], [6438887.2957, 5666582.9726], [6438894.4424, 5666573.9275], [6438896.5846, 5666569.470899999], [6438898.0805, 5666566.228700001], [6438900.0165, 5666562.5614], [6438901.0613, 5666560.2149], [6438902.2687, 5666558.325200001], [6438905.0465, 5666555.1077], [6438908.9127, 5666547.984200001], [6438909.5811, 5666545.4197], [6438909.8038, 5666544.751499999], [6438910.0176, 5666544.453400001], [6438912.8922, 5666541.6239], [6438920.0909, 5666536.770099999], [6438923.9174, 5666535.461100001], [6438933.6939, 5666531.130000001], [6438938.0259, 5666529.493799999], [6438944.2175, 5666527.3771], [6438951.7822, 5666526.230799999], [6438962.4475, 5666524.5441], [6438963.552, 5666524.0954], [6438971.266, 5666520.9714], [6438975.9998, 5666519.619899999], [6438978.8493, 5666519.7567], [6438983.634, 5666521.036900001], [6438990.6294, 5666523.6414], [6438995.9369, 5666523.7357], [6439016.9232, 5666517.2019], [6439019.1928, 5666516.4953000005], [6439026.1077, 5666514.3423999995], [6439030.1974, 5666511.6809], [6439036.2201, 5666509.317399999], [6439038.7035, 5666508.2906], [6439040.3799, 5666506.490900001], [6439042.1753, 5666504.7564], [6439046.0943, 5666500.623], [6439048.5443, 5666496.772600001], [6439051.707, 5666492.205800001], [6439054.0986, 5666488.2259], [6439056.2824, 5666484.034399999], [6439059.67, 5666478.146], [6439061.6853, 5666474.532], [6439063.6047, 5666470.9235], [6439064.969, 5666466.9792], [6439066.3056, 5666463.1952], [6439070.0379, 5666454.3168], [6439071.7331, 5666450.069700001], [6439073.231, 5666445.453500001], [6439074.0681, 5666442.7962], [6439074.4147, 5666439.4781], [6439075.004, 5666436.1863], [6439076.5499, 5666432.0537], [6439080.0774, 5666426.407], [6439083.2258, 5666421.574200001], [6439086.6925, 5666417.221000001], [6439089.2495, 5666413.759299999], [6439093.2236, 5666408.837300001], [6439097.0826, 5666405.326099999], [6439101.1127, 5666401.5977], [6439105.8464, 5666397.3204], [6439111.2301, 5666393.1907], [6439116.442, 5666389.4702], [6439121.0546, 5666386.928200001], [6439124.9252, 5666384.917199999], [6439128.8473, 5666383.1570999995], [6439132.1289, 5666381.243799999], [6439141.7191, 5666376.194], [6439146.9241, 5666374.227499999], [6439151.2724, 5666372.192399999], [6439155.399, 5666370.5919], [6439172.9592, 5666361.4438000005], [6439174.1237, 5666360.837200001], [6439176.306, 5666359.700300001], [6439184.2284, 5666353.199899999], [6439188.6885, 5666349.5403], [6439195.2763, 5666340.993899999], [6439219.4452, 5666300.433499999], [6439225.5307, 5666290.7762], [6439273.6833, 5666243.9977], [6439285.9881, 5666233.493799999], [6439322.6991, 5666205.3818], [6439372.6393, 5666173.6317], [6439461.2749, 5666135.267100001], [6439481.154, 5666128.6614], [6439482.2182, 5666128.239399999], [6439483.6658, 5666127.6217], [6439484.662, 5666127.203500001], [6439485.5562, 5666126.841], [6439486.7298, 5666126.3312], [6439488.2079, 5666125.710200001], [6439489.4633, 5666125.147399999], [6439491.2509, 5666124.411599999], [6439492.7014, 5666123.768999999], [6439494.2231, 5666123.123400001], [6439497.0567, 5666121.9417], [6439498.4603, 5666121.317], [6439500.4431, 5666120.622400001], [6439501.7031, 5666120.219699999], [6439502.9846, 5666119.785800001], [6439504.0108, 5666119.461200001], [6439505.3029, 5666119.040999999], [6439506.6126, 5666118.638499999], [6439507.8707, 5666118.244200001], [6439508.8648, 5666117.915200001], [6439510.5209, 5666117.3347], [6439511.6909, 5666116.9772], [6439512.6456, 5666116.6675], [6439513.5947, 5666116.2917], [6439514.9305, 5666115.7818], [6439516.6195, 5666115.2083], [6439517.8688, 5666114.779200001], [6439518.6555, 5666114.4979], [6439519.4985, 5666114.1592999995], [6439521.5832, 5666113.331900001], [6439523.2307, 5666112.7435], [6439526.0153, 5666111.731000001], [6439527.7456, 5666111.128699999], [6439529.155, 5666110.6797], [6439530.5887, 5666110.205600001], [6439531.9541, 5666109.7875], [6439532.9955, 5666109.451099999], [6439534.151, 5666108.9987], [6439535.6867, 5666108.435900001], [6439539.4446, 5666107.0613], [6439540.9397, 5666106.509], [6439542.5495, 5666105.8279], [6439544.1072, 5666105.2762], [6439545.8694, 5666104.594699999], [6439547.738, 5666103.9059], [6439549.0789, 5666103.3872], [6439550.212, 5666102.9593], [6439551.6392, 5666102.3683], [6439553.2153, 5666101.7281], [6439554.3912, 5666101.1941], [6439556.0724, 5666100.5626], [6439557.0287, 5666100.185699999], [6439558.052, 5666099.742900001], [6439559.6201, 5666098.9989], [6439561.1245, 5666098.472200001], [6439562.6468, 5666097.9355999995], [6439564.7156, 5666097.3926], [6439565.778, 5666097.157500001], [6439567.4972, 5666096.6743], [6439568.8764, 5666096.319599999], [6439570.0664, 5666095.9782], [6439571.5771, 5666095.577199999], [6439572.5533, 5666095.3298], [6439573.3104, 5666095.1008], [6439574.6412, 5666094.637], [6439575.7969, 5666094.1636], [6439576.9014, 5666093.6632], [6439577.7981, 5666093.176100001], [6439578.9653, 5666092.5295], [6439587.1073, 5666087.4747], [6439592.1513, 5666085.8299], [6439595.7937, 5666084.115800001], [6439601.1792, 5666080.6132], [6439606.3055, 5666075.8873], [6439610.484, 5666071.6559], [6439615.3078, 5666065.4154], [6439619.4267, 5666059.8138], [6439624.1261, 5666052.459000001], [6439624.4028, 5666051.988600001], [6439636.7103, 5666037.421499999], [6439640.2847, 5666032.457], [6439643.4986, 5666027.8243], [6439645.7388, 5666023.9878], [6439647.437, 5666020.2293], [6439651.5259, 5666012.5254999995], [6439655.3234, 5666006.9026999995], [6439660.1205, 5665999.1962], [6439667.4152, 5665985.6307], [6439672.5021, 5665977.984300001], [6439688.817, 5665947.4125], [6439702.3769, 5665923.269200001], [6439707.7352, 5665904.992000001], [6439708.704, 5665900.692299999], [6439710.6701, 5665885.673699999], [6439713.2763, 5665871.737600001], [6439715.3857, 5665853.5013], [6439717.0854, 5665840.6602], [6439719.3519, 5665824.987600001], [6439720.57, 5665818.3926], [6439723.6892, 5665810.119999999], [6439735.5425, 5665794.668299999], [6439749.7242, 5665780.9099], [6439761.5776, 5665773.078199999], [6439791.846, 5665757.838199999], [6439805.181, 5665753.816500001], [6439835.0261, 5665749.7948], [6439850.9011, 5665749.1598000005], [6439873.5495, 5665753.816500001], [6439883.3862, 5665754.743000001], [6439896.6282, 5665757.209100001], [6439900.6976, 5665757.761299999], [6439902.2832, 5665758.026799999], [6439905.2428, 5665759.4211], [6439908.0895, 5665760.2247], [6439909.4642, 5665760.9442], [6439910.3554, 5665761.669600001], [6439912.2122, 5665763.8937], [6439916.0892, 5665766.9772], [6439920.4787, 5665769.9517], [6439925.9215, 5665773.869999999], [6439932.2595, 5665777.142200001], [6439938.7618, 5665779.1274999995], [6439943.0246, 5665779.9023], [6439946.782, 5665780.626499999], [6439951.4523, 5665781.002900001], [6439957.3135, 5665780.5677000005], [6439962.9599, 5665779.2455], [6439964.2515, 5665778.901900001], [6439979.1449, 5665773.3693], [6440083.616, 5665692.539999999], [6440089.6908, 5665706.0572], [6440093.41, 5665714.333000001], [6440093.5967, 5665714.863399999], [6440093.824, 5665715.509], [6440106.898, 5665753.083000001], [6440109.841, 5665761.548], [6440104.336, 5665764.484999999], [6440087.743, 5665776.777000001], [6440070.852, 5665789.151000001], [6440063.328, 5665797.093], [6440059.913, 5665805.824999999], [6440057.433, 5665810.035], [6440053.997, 5665816.176999999], [6440023.997, 5665849.3719999995], [6440000.338, 5665871.960000001], [6439992.272, 5665874.807], [6439947.816, 5665866.134], [6439918.935, 5665867.863], [6439914.449, 5665868.217], [6439899.469, 5665872.347999999], [6439885.856, 5665878.833000001], [6439856.019, 5665893.265000001], [6439833.079, 5665909.043], [6439793.981, 5665945.069], [6439758.522, 5665978.449999999], [6439732.549, 5666007.335999999], [6439719.985, 5666085.183], [6439659.18, 5666157.391000001], [6439629.343, 5666191.063999999], [6439582.963, 5666224.615], [6439587.232, 5666234.505000001], [6439589.208, 5666239.081], [6439628.961, 5666321.569], [6439631.323, 5666327.491], [6439639.442, 5666335.684], [6439678.234, 5666426.302999999], [6439713.192, 5666502.404999999], [6439766.835, 5666615.403000001], [6439857.785, 5666561.950999999], [6439923.301, 5666686.806], [6439981.82, 5666811.914999999], [6439988.72, 5666824.282], [6439997.785, 5666842.893999999], [6440061.725, 5666982.789999999], [6440124.403, 5667123.843], [6440126.935, 5667126.422], [6440149.804, 5667176.768999999], [6440154.875, 5667188.389], [6440169.093, 5667221.199999999], [6440200.586, 5667296.638], [6440248.337, 5667402.413000001], [6440251.59, 5667410.043], [6440275.495, 5667463.354], [6440293.94, 5667503.391000001], [6440306.637, 5667528.778999999], [6440321.025, 5667557.536], [6440354.72, 5667624.891000001], [6440359.923, 5667636.757999999], [6440373.449, 5667666.104], [6440405.667, 5667741.843], [6440417.31, 5667767.620999999], [6440446.995, 5667832.862], [6440459.79, 5667860.2809999995], [6440502.995, 5667956.7190000005], [6440536.675, 5668035.495999999], [6440559.037, 5668089.079], [6440564.018, 5668104.800000001], [6440584.317, 5668190.3100000005], [6440632.906, 5668384.365], [6440680.68, 5668578.591], [6440701.039, 5668660.630000001], [6440723.895, 5668775.4399999995], [6440737.401, 5668868.172], [6440729.209, 5669009.126], [6440707.988, 5669076.893999999], [6440708.557, 5669085.8780000005], [6440709.302, 5669097.848999999], [6440717.02, 5669219.24], [6440717.736, 5669230.573000001], [6440712.001, 5669350.669], [6440702.419, 5669550.494999999], [6440693.889, 5669728.105], [6440692.835, 5669750.130999999], [6440722.936, 5669788.049000001], [6440744.628, 5669815.379000001], [6440780.941, 5669877.464], [6440807.882, 5669906.592], [6440818.698, 5669916.211999999], [6440846.93, 5669949.535], [6440864.005, 5669968.142000001], [6440884.377, 5669991.589], [6440856.817, 5670019.755000001], [6440797.193, 5670029.445], [6440794.741, 5670030.095000001], [6440813.54, 5670114.091], [6440819.005, 5670200.210000001], [6440818.772, 5670245.398], [6440820.575, 5670294.459000001], [6440825.045, 5670354.959000001], [6440831.134, 5670422.83], [6440837.048, 5670485.547], [6440841.502, 5670518.267999999], [6440846.32, 5670558.015000001], [6440847.144, 5670578.318], [6440849.123, 5670598.218], [6440854.917, 5670630.1620000005], [6440859.858, 5670657.525], [6440868.439, 5670696.454], [6440888.947, 5670790.5940000005], [6440894.814, 5670820.196], [6440896.393, 5670830.068], [6440908.609, 5670897.846999999], [6440914.277, 5670930.952], [6440918.182, 5670960.437999999], [6440924.536, 5671005.013], [6440926.922, 5671039.085999999], [6440935.157, 5671116.579], [6440944.648, 5671184.767999999], [6440947.976, 5671203.438999999], [6440950.268, 5671220.812000001], [6440954.433, 5671263.034], [6440956.689, 5671282.448000001], [6440959.562, 5671304.795], [6440968.83, 5671376.888], [6440973.514, 5671406.7129999995], [6440987.647, 5671496.786], [6440990.466, 5671506.652000001], [6441010.065, 5671575.0879999995], [6441011.832, 5671580.606000001], [6441044.537, 5671670.085000001], [6441045.839, 5671673.648], [6441060.304, 5671710.434], [6441065.278, 5671718.164000001], [6441066.93, 5671720.764], [6441070.566, 5671729.561000001], [6441072.855, 5671735.2129999995], [6441074.825, 5671750.1], [6441076.492, 5671752.359999999], [6441079.129, 5671752.968], [6441096.627, 5671739.426000001], [6441109.226, 5671735.993000001], [6441136.833, 5671735.679], [6441151.81, 5671732.888], [6441165.177, 5671742.505999999], [6441148.884, 5671747.244000001], [6441120.951, 5671762.862], [6441107.185, 5671782.27], [6441090.361, 5671813.455], [6441081.248, 5671832.286], [6441075.717, 5671841.363], [6441066.183, 5671842.677999999], [6441054.913, 5671842.715], [6441032.374, 5671843.737], [6440999.993, 5671842.129000001], [6440973.968, 5671837.704], [6440912.149, 5671847.172], [6440914.014, 5671834.409], [6440901.68, 5671829.1280000005], [6440888.647, 5671832.215], [6440872.697, 5671834.028000001], [6440863.178, 5671831.623], [6440847.523, 5671830.482000001], [6440833.089, 5671841.006999999], [6440808.82, 5671827.119999999], [6440796.655, 5671825.977], [6440754.956, 5671825.452], [6440720.614, 5671814.737], [6440707.395, 5671803.296], [6440713.975, 5671793.306], [6440706.623, 5671777.414000001], [6440689.175, 5671740.454], [6440650.172, 5671713.145], [6440630.392, 5671706.734999999], [6440612.478, 5671711.4120000005], [6440586.677, 5671720.614], [6440245.633, 5671853.41], [6440220.019, 5671863.129000001], [6440191.284, 5671864.516000001], [6440164.514, 5671852.268999999], [6440155.096, 5671844.232000001], [6440140.565, 5671831.846999999], [6440135.399, 5671827.249], [6440132.679, 5671824.821], [6440009.067, 5671714.486], [6439992.013, 5671702.711999999], [6439985.373, 5671701.112], [6439986.75, 5671712.385], [6439995.139, 5671721.414999999], [6439987.504, 5671742.527000001], [6440000.784, 5671768.078], [6440003.359, 5671794.988], [6440008.565, 5671800.386], [6440008.285, 5671838.43], [6440005.905, 5671847.598999999], [6440012.475, 5671853.331], [6440013.784, 5671858.205], [6440011.838, 5671866.819], [6440017.576, 5671868.32], [6440038.714, 5671873.825999999], [6440049.501, 5671882.566], [6440061.725, 5671886.140000001], [6440094.418, 5671909.347999999], [6440096.319, 5671925.136], [6440109.157, 5671946.403999999], [6440107.803, 5671950.1899999995], [6440114.111, 5671954.115], [6440122.019, 5671948.938999999], [6440126.262, 5671949.958000001], [6440127.808, 5671955.4399999995], [6440127.465, 5671965.925000001], [6440132.289, 5671972.8780000005], [6440131.86, 5671978.7530000005], [6440121.283, 5672004.732000001], [6440093.421, 5672043.726]]]}, "properties": {"OBJECTID": 36, "NROSIEDLA": 40, "NAZWAOSIEDLA": "Psie Pole - Zawidawie", "SHAPE.AREA": 16453957.9744294, "SHAPE.LEN": 22765.3678346851, "DATA": 1453334400000}}, {"type": "Feature", "id": 37, "geometry": {"type": "Polygon", "coordinates": [[[6432721.2989, 5668805.643200001], [6432698.8342, 5668805.9146], [6432678.9081, 5668806.2874], [6432657.7458, 5668807.4955], [6432637.2059, 5668808.668099999], [6432618.6292, 5668809.610400001], [6432518.3887, 5668815.1413], [6432505.848, 5668815.6501], [6432504.5133, 5668815.704299999], [6432495.4116, 5668816.0736], [6432482.3976, 5668816.6017], [6432476.3946, 5668816.8453], [6432475.9878, 5668816.8618], [6432465.9303, 5668817.2699], [6432446.7281, 5668818.0491], [6432436.971, 5668818.445], [6432419.8571, 5668819.123199999], [6432400.6839, 5668819.882999999], [6432381.4752, 5668820.644099999], [6432377.8989, 5668820.7859000005], [6432376.6333, 5668820.835999999], [6432371.5533, 5668821.0373], [6432357.9667, 5668821.5757], [6432343.0286, 5668822.1677], [6432334.1676, 5668822.5188], [6432302.5644, 5668823.771199999], [6432298.29, 5668823.9405000005], [6432261.0667, 5668825.4156], [6432256.1418, 5668825.6108], [6432221.6257, 5668826.978499999], [6432214.2317, 5668827.271500001], [6432194.8107, 5668828.041099999], [6432187.1648, 5668828.3441], [6432179.4654, 5668828.6492], [6432175.48, 5668828.8071], [6432162.5555, 5668829.3193], [6432152.8879, 5668829.702400001], [6432135.2859, 5668830.399900001], [6432130.0014, 5668830.609300001], [6432110.262, 5668831.3916], [6432098.7653, 5668831.847100001], [6432094.018, 5668832.0353], [6432085.041, 5668832.391000001], [6432080.7172, 5668832.604499999], [6432073.7623, 5668832.947799999], [6432060.2174, 5668833.616599999], [6432047.752, 5668834.232000001], [6432041.5176, 5668834.6764], [6432037.272, 5668834.979], [6432035.4127, 5668835.166200001], [6432019.332, 5668836.785], [6432018.36, 5668836.9146], [6432008.482, 5668838.232000001], [6432006.4951, 5668838.530200001], [6432003.4642, 5668838.985099999], [6431994.6535, 5668840.3072999995], [6431989.052, 5668841.148], [6431970.5306, 5668844.8049], [6431967.552, 5668845.392999999], [6431955.2835, 5668848.0448], [6431951.512, 5668848.859999999], [6431929.482, 5668854.835999999], [6431920.773, 5668857.392999999], [6431918.9726, 5668857.9822], [6431908.505, 5668861.4079], [6431903.793, 5668862.949999999], [6431887.943, 5668868.857000001], [6431878.583, 5668872.5649999995], [6431873.4487, 5668874.729800001], [6431867.23, 5668877.3518], [6431860.591, 5668880.151000001], [6431844.952, 5668887.327], [6431834.852, 5668892.266000001], [6431826.3578, 5668896.9035], [6431814.05, 5668903.623], [6431811.0323, 5668905.3421], [6431802.05, 5668910.459000001], [6431791.499, 5668917.018999999], [6431784.6041, 5668921.492900001], [6431781.839, 5668923.2870000005], [6431771.4506, 5668930.384500001], [6431765.787, 5668934.254000001], [6431755.1105, 5668942.071799999], [6431755.027, 5668942.132999999], [6431752.7705, 5668943.8828], [6431750.8829, 5668945.3465], [6431743.965, 5668950.710999999], [6431731.243, 5668961.181], [6431729.858, 5668962.480900001], [6431722.4588, 5668969.425799999], [6431707.3444, 5668983.6119], [6431696.192, 5668994.079399999], [6431682.476, 5669006.953], [6431671.1584, 5669018.357799999], [6431659.4787, 5669030.1274999995], [6431633.5751, 5669056.230699999], [6431620.9989, 5669068.9037], [6431606.319, 5669083.696699999], [6431599.795, 5669090.271], [6431598.4278, 5669091.6579], [6431591.6597, 5669098.523800001], [6431591.5423, 5669098.642899999], [6431582.9081, 5669107.401799999], [6431572.4895, 5669117.971000001], [6431570.3669, 5669120.124299999], [6431555.153, 5669135.558], [6431552.9907, 5669137.7322], [6431548.1854, 5669142.5638999995], [6431535.8933, 5669154.923599999], [6431528.9859, 5669161.868899999], [6431518.2377, 5669172.6763], [6431511.662, 5669179.2881000005], [6431503.3569, 5669187.638900001], [6431494.4003, 5669196.6448], [6431491.7534, 5669199.3061999995], [6431470.3069, 5669220.8707], [6431443.7798, 5669247.5436], [6431442.9833, 5669248.3445], [6431440.216, 5669251.127], [6431427.9341, 5669263.5875], [6431405.2482, 5669286.6033], [6431403.154, 5669288.728], [6431386.968, 5669305.023600001], [6431368.5245, 5669323.5921], [6431341.0885, 5669351.214], [6431340.126, 5669352.183], [6431331.6436, 5669360.6828000005], [6431318.9127, 5669373.4397], [6431310.049, 5669382.321599999], [6431299.636, 5669392.755999999], [6431297.1381, 5669395.288799999], [6431275.3181, 5669417.4136], [6431263.345, 5669429.554], [6431250.6665, 5669441.292300001], [6431249.5187, 5669442.355], [6431248.215, 5669443.562000001], [6431239.455, 5669451.261], [6431230.685, 5669458.710999999], [6431221.746, 5669465.66], [6431201.857, 5669479.819], [6431188.7775, 5669488.170399999], [6431187.248, 5669489.147], [6431186.9848, 5669489.2992], [6431172.258, 5669497.8149999995], [6431161.778, 5669503.425000001], [6431160.9878, 5669503.808599999], [6431155.2834, 5669506.5777], [6431155.934, 5669508.425000001], [6431157.291, 5669512.278000001], [6431158.978, 5669517.068], [6431159.175, 5669517.625600001], [6431163.681, 5669530.380999999], [6431163.8433, 5669530.8401999995], [6431168.9139, 5669545.1939], [6431174.146, 5669560.0044], [6431175.7839, 5669564.640799999], [6431183.0277, 5669585.1461], [6431193.3684, 5669614.4178], [6431196.798, 5669624.126], [6431197.947, 5669627.291999999], [6431202.8262, 5669640.761600001], [6431205.8357, 5669649.069499999], [6431208.1597, 5669655.485300001], [6431201.3838, 5669656.668400001], [6431197.8611, 5669657.283399999], [6431194.5417, 5669657.863], [6431191.3462, 5669658.3408], [6431188.2832, 5669658.798900001], [6431180.7559, 5669659.9245], [6431176.959, 5669660.4922], [6431166.2365, 5669662.0956], [6431166.2312, 5669662.0964], [6431136.7615, 5669665.382999999], [6431112.3859, 5669668.101399999], [6431095.0581, 5669670.0339], [6431046.3747, 5669671.6214000005], [6431045.8756, 5669671.6129], [6431043.1982, 5669671.5671], [6431042.4797, 5669671.5548], [6430984.4621, 5669670.562999999], [6430926.8622, 5669666.7795], [6430850.9001, 5669654.5557], [6430800.2588, 5669641.458799999], [6430750.4906, 5669625.7425], [6430702.4686, 5669608.279999999], [6430661.4316, 5669589.0712], [6430619.5215, 5669568.9893], [6430566.2608, 5669538.4298], [6430515.6195, 5669506.1241], [6430466.7244, 5669463.3409], [6430441.3552, 5669430.205700001], [6430433.2433, 5669419.6106], [6430434.6597, 5669411.137599999], [6430440.7231, 5669374.864399999], [6430447.5984, 5669333.7344], [6430451.9052, 5669307.969699999], [6430455.9689, 5669283.659399999], [6430459.8814, 5669254.0814], [6430463.0835, 5669222.2303], [6430466.5541, 5669187.707900001], [6430467.6339, 5669177.134099999], [6430471.2144, 5669142.072000001], [6430474.5602, 5669110.1129], [6430475.9857, 5669086.285800001], [6430477.8305, 5669054.451400001], [6430479.4532, 5669026.448799999], [6430480.6172, 5669002.696799999], [6430480.8776, 5668935.5199], [6430480.7015, 5668912.079700001], [6430480.6628, 5668888.1668], [6430480.4364, 5668869.429500001], [6430480.0901, 5668840.772500001], [6430479.766, 5668816.2579], [6430478.2398, 5668796.517899999], [6430476.7136, 5668776.777899999], [6430474.5205, 5668748.4124], [6430472.7454, 5668725.4538], [6430470.4616, 5668695.9153], [6430467.5194, 5668663.296], [6430465.3757, 5668639.6263999995], [6430463.3802, 5668626.5079], [6430453.2017, 5668559.5922], [6430446.8517, 5668515.142100001], [6430404.7829, 5668261.9354], [6430377.7953, 5668097.628799999], [6430320.6452, 5667774.571900001], [6430299.2139, 5667634.8716], [6430282.5451, 5667540.415200001], [6430273.3389, 5667478.3587], [6430228.184, 5667155.574999999], [6430227.821, 5667153.679], [6430223.7847, 5667129.179199999], [6430221.1602, 5667113.249600001], [6430208.935, 5667039.045], [6430204.0119, 5667009.167099999], [6430201.1076, 5666991.540999999], [6430185.1742, 5666894.8412999995], [6430182.893, 5666880.9969999995], [6430180.6164, 5666867.1866], [6430170.223, 5666804.136], [6430169.112, 5666797.459000001], [6430168.881, 5666796.0759], [6430165.6209, 5666776.557], [6430164.2797, 5666768.5265999995], [6430162.278, 5666756.5419], [6430161.79, 5666753.619899999], [6430161.5973, 5666752.466600001], [6430161.489, 5666751.818], [6430166.3018, 5666751.4736], [6430169.2307, 5666751.264], [6430172.7277, 5666751.013699999], [6430174.079, 5666750.916999999], [6430186.1328, 5666746.2301], [6430198.1684, 5666741.5503], [6430200.1667, 5666740.7733], [6430205.931, 5666738.532], [6430222.2709, 5666734.620100001], [6430239.1514, 5666730.5787], [6430240.4231, 5666730.2742], [6430245.0384, 5666729.169299999], [6430250.3962, 5666727.886600001], [6430262.4371, 5666725.003900001], [6430270.4384, 5666723.088300001], [6430280.719, 5666720.627], [6430281.1052, 5666721.118799999], [6430437.4449, 5666737.615499999], [6430839.3841, 5666758.1546], [6430995.2167, 5666766.1175999995], [6431302.2536, 5666723.965600001], [6431454.9442, 5666766.9716], [6432011.7866, 5666718.5985], [6432297.0975, 5666734.3737], [6432574.2306, 5666831.730699999], [6432724.4937, 5666884.518200001], [6432851.1714, 5666933.2434], [6432878.1083, 5666943.6106], [6432897.1831, 5666951.6481], [6432918.9387, 5666959.4004], [6432934.3371, 5666965.0876], [6432974.0992, 5666977.624299999], [6432997.0818, 5666984.032500001], [6433022.5899, 5666989.7304], [6433055.0292, 5666997.2849], [6433074.658, 5667001.260299999], [6433096.7126, 5667006.3093], [6433125.7678, 5667009.229599999], [6433146.4887, 5667011.729900001], [6433167.8787, 5667013.6478], [6433226.6378, 5667018.6566], [6433271.2191, 5667019.809], [6433289.5788, 5667020.164899999], [6433338.1784, 5667018.5824], [6433361.0554, 5667017.795399999], [6433383.5045, 5667016.201300001], [6433418.8858, 5667011.874399999], [6433431.4886, 5667009.870200001], [6433467.4719, 5667003.228499999], [6433490.4025, 5666997.2322], [6433528.4711, 5666986.028999999], [6433561.1815, 5666976.390699999], [6433589.2513, 5666967.117799999], [6433620.3378, 5666955.525], [6433644.064, 5666945.882200001], [6433664.0132, 5666936.8039], [6433682.6126, 5666927.178300001], [6433714.7915, 5666907.5363], [6433723.4457, 5666902.1161], [6433730.5622, 5666897.3608], [6433875.489, 5666785.786900001], [6433938.5185, 5666724.1504], [6434154.1138, 5666513.319800001], [6434327.5022, 5666402.2475000005], [6434506.3022, 5666348.0429], [6434624.6201, 5666325.6347], [6434745.0323, 5666315.343800001], [6434946.1809, 5666295.6963], [6435142.8372, 5666277.209100001], [6435457.8021, 5666251.806500001], [6435484.4491, 5666249.6983], [6435497.9961, 5666469.384400001], [6435498.4419, 5666487.276000001], [6435501.4085, 5666549.745999999], [6435504.0015, 5666581.0199], [6435506.0652, 5666596.4186], [6435513.2358, 5666620.055], [6435531.5051, 5666691.0636], [6435559.71, 5666798.358100001], [6435594.4557, 5666922.985200001], [6435622.6988, 5667033.445], [6435654.2411, 5667154.945], [6435684.1816, 5667274.8815], [6435707.7151, 5667388.5638999995], [6435732.5636, 5667480.0702], [6435747.4956, 5667536.873199999], [6435760.9056, 5667587.021400001], [6435762.205, 5667605.5252], [6435762.2263, 5667605.828600001], [6435761.992, 5667610.983899999], [6435761.8233, 5667614.6951], [6435761.6456, 5667618.603700001], [6435761.2341, 5667627.6567], [6435760.2711, 5667636.7676], [6435758.863, 5667650.089], [6435758.3642, 5667652.859099999], [6435753.7211, 5667678.6424], [6435751.1608, 5667692.8596], [6435750.477, 5667696.657], [6435748.469, 5667716.676000001], [6435748.117, 5667720.1821], [6435747.493, 5667726.398], [6435746.8591, 5667733.7445], [6435745.241, 5667752.499], [6435743.3189, 5667772.3050999995], [6435742.9388, 5667776.220899999], [6435742.7173, 5667778.503799999], [6435741.2484, 5667791.873299999], [6435740.5146, 5667798.5518], [6435740.1833, 5667801.5681], [6435739.6604, 5667806.327199999], [6435739.6489, 5667806.431700001], [6435739.273, 5667809.853], [6435737.6914, 5667821.965299999], [6435736.8832, 5667828.1554000005], [6435736.5876, 5667830.4186], [6435736.042, 5667834.5974], [6435736.0193, 5667834.771600001], [6435735.2495, 5667840.666999999], [6435735.1147, 5667841.6993], [6435734.536, 5667846.130999999], [6435734.3908, 5667847.2389], [6435733.9279, 5667850.770400001], [6435733.7254, 5667852.3156], [6435664.792, 5667822.079], [6435658.1378, 5667818.8938], [6435644.4598, 5667812.3466], [6435636.593, 5667808.581], [6435626.9963, 5667803.957800001], [6435622.3528, 5667801.720799999], [6435614.3411, 5667797.861099999], [6435608.863, 5667795.221999999], [6435573.127, 5667778.0404], [6435559.3586, 5667771.420700001], [6435531.2169, 5667757.8904], [6435514.3866, 5667749.7985], [6435512.913, 5667749.09], [6435498.242, 5667741.880000001], [6435473.0085, 5667729.892999999], [6435463.1765, 5667725.2224], [6435448.76, 5667718.374], [6435431.8392, 5667710.1337], [6435427.039, 5667707.796], [6435412.9978, 5667701.278899999], [6435410.169, 5667699.966], [6435391.337, 5667690.729], [6435387.0716, 5667688.6779], [6435371.0388, 5667680.9683], [6435346.755, 5667669.290999999], [6435345.6791, 5667668.7754999995], [6435345.6326, 5667668.800899999], [6435343.2359, 5667670.1117], [6435340.64, 5667671.531400001], [6435336.0347, 5667674.0502], [6435335.9378, 5667674.1032], [6435335.1155, 5667674.5529], [6435331.0385, 5667676.7827], [6435330.2507, 5667677.2136], [6435325.9741, 5667679.5526], [6435323.378, 5667680.9725], [6435320.3447, 5667682.6315], [6435318.0627, 5667683.8795], [6435316.3341, 5667684.824999999], [6435314.701, 5667685.7181], [6435310.724, 5667687.893200001], [6435307.4669, 5667689.6746], [6435301.1465, 5667693.1314], [6435298.0789, 5667694.8092], [6435290.8703, 5667698.751800001], [6435288.3685, 5667700.119999999], [6435283.7492, 5667702.646400001], [6435280.543, 5667704.4], [6435173.5129, 5667774.564200001], [6435129.0982, 5667810.3376], [6435077.2051, 5667854.3155000005], [6435070.0991, 5667860.757099999], [6435068.0924, 5667862.576199999], [6435066.0878, 5667864.393300001], [6435053.081, 5667876.184], [6435047.0264, 5667881.5931], [6435041.6887, 5667886.3617], [6435025.27, 5667901.029999999], [6435024.096, 5667902.0984000005], [6435014.4389, 5667910.886600001], [6435012.0302, 5667913.078600001], [6435000.629, 5667923.454], [6435000.3005, 5667923.7392], [6434996.5029, 5667927.036], [6434994.3169, 5667928.933800001], [6434991.779, 5667931.137], [6434991.228, 5667931.633300001], [6434988.1502, 5667934.4059], [6434985.2068, 5667937.0572999995], [6434980.2143, 5667941.5547], [6434972.3724, 5667948.618799999], [6434968.6426, 5667951.978700001], [6434961.935, 5667958.021], [6434956.7088, 5667962.469799999], [6434954.1604, 5667964.6391], [6434943.832, 5667973.431], [6434940.6871, 5667975.923900001], [6434935.6951, 5667979.880799999], [6434931.48, 5667983.221999999], [6434926.8975, 5667986.6395], [6434922.0571, 5667990.249399999], [6434915.616, 5667995.052999999], [6434914.1974, 5667996.035599999], [6434911.6619, 5667997.7917], [6434907.612, 5668000.5967999995], [6434906.4049, 5668001.4328000005], [6434897.843, 5668007.363], [6434887.8503, 5668014.0934], [6434886.721, 5668014.854], [6434881.4162, 5668018.4144], [6434878.869, 5668020.124], [6434866.9772, 5668027.8016], [6434863.597, 5668029.983999999], [6434856.4927, 5668034.771], [6434855.4363, 5668035.482799999], [6434843.697, 5668043.392999999], [6434835.3097, 5668048.939099999], [6434829.0422, 5668053.0835], [6434817.4807, 5668060.728399999], [6434817.3301, 5668060.828], [6434790.1751, 5668078.7842], [6434774.9259, 5668088.8675999995], [6434742.9599, 5668110.005100001], [6434733.3733, 5668116.3442], [6434711.902, 5668130.541999999], [6434709.3624, 5668132.2301], [6434694.7962, 5668141.9123], [6434671.9461, 5668157.101], [6434660.5212, 5668164.6952], [6434636.4404, 5668180.7019], [6434634.325, 5668182.107999999], [6434626.3509, 5668187.4793], [6434616.507, 5668194.109999999], [6434599.2363, 5668206.5253], [6434596.709, 5668208.342], [6434586.5166, 5668216.2535999995], [6434568.002, 5668230.625], [6434561.7761, 5668235.523600001], [6434549.7323, 5668244.9998], [6434521.325, 5668267.351], [6434519.6758, 5668268.649499999], [6434512.8159, 5668274.051000001], [6434508.3899, 5668277.536], [6434486.2076, 5668295.0021], [6434473.2688, 5668305.1899999995], [6434467.9278, 5668309.395500001], [6434461.9297, 5668314.1183], [6434451.3371, 5668322.458799999], [6434450.674, 5668322.980900001], [6434438.9119, 5668332.2423], [6434429.4158, 5668339.7194], [6434417.9943, 5668348.7126], [6434405.4149, 5668358.6175], [6434388.592, 5668371.863700001], [6434381.8959, 5668377.1361], [6434368.9848, 5668387.302200001], [6434363.39, 5668391.7075], [6434354.2041, 5668398.940400001], [6434353.4013, 5668399.5725], [6434330.0058, 5668417.993899999], [6434315.0579, 5668429.763699999], [6434300.0322, 5668441.594799999], [6434279.2017, 5668457.9965], [6434263.2428, 5668470.5624], [6434241.2863, 5668487.8508], [6434236.7249, 5668491.442399999], [6434220.5753, 5668504.158399999], [6434211.6758, 5668511.1658], [6434204.332, 5668516.9483], [6434182.0277, 5668534.510399999], [6434165.4873, 5668547.5342], [6434151.6942, 5668558.3947], [6434122.6104, 5668581.2951], [6434114.1641, 5668587.945599999], [6434085.5131, 5668610.505100001], [6434073.2075, 5668620.194399999], [6434070.3023, 5668622.482000001], [6434051.076, 5668637.6206], [6434036.5876, 5668649.0285], [6434028.4321, 5668655.450200001], [6434012.1281, 5668668.287799999], [6434006.0484, 5668673.0748], [6433993.6883, 5668682.8071], [6433959.2256, 5668709.942600001], [6433932.7947, 5668730.7541000005], [6433903.8965, 5668753.508300001], [6433881.6408, 5668771.032199999], [6433879.4561, 5668772.7524], [6433855.766, 5668791.4057], [6433847.1141, 5668798.2181], [6433841.0566, 5668802.9878], [6433835.0496, 5668807.717700001], [6433833.3293, 5668809.0722], [6433833.153, 5668809.210999999], [6433810.373, 5668825.827], [6433800.9392, 5668832.026799999], [6433796.9716, 5668834.634299999], [6433794.081, 5668836.534], [6433787.353, 5668840.663000001], [6433778.236, 5668845.891799999], [6433775.601, 5668847.403000001], [6433762.41, 5668854.322000001], [6433754.64, 5668858.102], [6433753.0965, 5668858.806], [6433749.8577, 5668860.283399999], [6433746.2592, 5668861.924799999], [6433742.769, 5668863.516799999], [6433740.7624, 5668864.432], [6433740.039, 5668864.762], [6433729.258, 5668869.381999999], [6433728.5017, 5668869.6899999995], [6433725.7513, 5668870.8101], [6433724.8802, 5668871.164899999], [6433724.0606, 5668871.4987], [6433716.7342, 5668874.4823], [6433715.1441, 5668875.129899999], [6433713.1994, 5668875.9219], [6433707.283, 5668878.3313], [6433705.2884, 5668879.1437], [6433703.9707, 5668879.680299999], [6433701.7711, 5668880.576099999], [6433700.6052, 5668881.050899999], [6433696.5869, 5668882.6873], [6433695.2871, 5668883.216700001], [6433691.6827, 5668884.684599999], [6433691.5738, 5668884.729], [6433691.0901, 5668884.925899999], [6433690.6172, 5668885.1185], [6433689.4726, 5668885.5846], [6433687.931, 5668886.2125], [6433685.7921, 5668887.0836], [6433685.0259, 5668887.3956], [6433682.666, 5668888.356699999], [6433681.319, 5668888.905200001], [6433680.2332, 5668889.3474], [6433679.7724, 5668889.5351], [6433678.7711, 5668889.9429], [6433676.0388, 5668891.055600001], [6433675.8977, 5668891.1131], [6433667.292, 5668894.617799999], [6433666.5817, 5668894.907], [6433661.3165, 5668897.0513], [6433658.8165, 5668898.069399999], [6433657.4933, 5668898.6083], [6433656.2657, 5668899.108200001], [6433652.8498, 5668900.499299999], [6433644.3302, 5668903.9690000005], [6433643.6026, 5668904.2653], [6433634.1462, 5668908.1164], [6433622.1052, 5668913.020099999], [6433612.7305, 5668916.8379999995], [6433603.915, 5668920.428099999], [6433590.5268, 5668925.8805], [6433579.904, 5668930.206599999], [6433568.4115, 5668934.887], [6433564.932, 5668936.304], [6433555.7608, 5668939.937000001], [6433540.0046, 5668946.178400001], [6433535.704, 5668947.881999999], [6433532.6758, 5668948.987500001], [6433517.574, 5668954.501], [6433514.5665, 5668955.461100001], [6433509.5909, 5668957.0495], [6433498.284, 5668960.659], [6433491.258, 5668962.6938000005], [6433485.194, 5668964.449999999], [6433484.5877, 5668964.615800001], [6433472.424, 5668967.942], [6433469.2697, 5668968.687100001], [6433462.163, 5668970.366], [6433461.3705, 5668970.521500001], [6433448.222, 5668973.101], [6433444.6174, 5668973.604699999], [6433432.9939, 5668975.2291], [6433419.0967, 5668977.1712], [6433409.512, 5668978.510600001], [6433408.071, 5668978.711999999], [6433394.3746, 5668980.466], [6433381.0031, 5668982.178400001], [6433361.6257, 5668984.6599], [6433360.188, 5668984.8440000005], [6433354.8093, 5668985.5549], [6433336.8669, 5668987.9265], [6433325.1098, 5668989.4805], [6433312.6118, 5668991.1324000005], [6433298.573, 5668992.988], [6433297.4608, 5668993.109300001], [6433293.9307, 5668993.4943], [6433282.764, 5668994.711999999], [6433282.2472, 5668994.756200001], [6433279.8814, 5668994.9585], [6433279.763, 5668994.968699999], [6433269.177, 5668995.874], [6433261.8673, 5668996.295700001], [6433258.9049, 5668996.466600001], [6433253.369, 5668996.786], [6433241.301, 5668996.988], [6433241.2367, 5668996.9867], [6433236.3091, 5668996.885], [6433229.282, 5668996.74], [6433224.9648, 5668996.554099999], [6433219.783, 5668996.331], [6433216.1096, 5668996.047599999], [6433208.4129, 5668995.4539], [6433200.896, 5668994.874], [6433197.5142, 5668994.4705], [6433188.577, 5668993.403999999], [6433180.9302, 5668992.325099999], [6433176.408, 5668991.687000001], [6433172.511, 5668990.9893], [6433166.299, 5668989.877], [6433154.5457, 5668987.4372000005], [6433152.671, 5668987.048], [6433141.9516, 5668984.4365], [6433140.443, 5668984.069], [6433139.5882, 5668983.8223], [6433129.943, 5668981.039000001], [6433121.1015, 5668978.2721], [6433120.903, 5668978.210000001], [6433110.1756, 5668974.6349], [6433106.053, 5668973.261], [6433102.3217, 5668971.7794], [6433097.4921, 5668969.8617], [6433091.2679, 5668967.3902], [6433081.2847, 5668963.426100001], [6433080.743, 5668963.210999999], [6433077.6477, 5668961.7706], [6433072.1676, 5668959.2205], [6433070.643, 5668958.511], [6433061.143, 5668953.8100000005], [6433055.9655, 5668951.043299999], [6433046.503, 5668945.9866], [6433041.831, 5668943.49], [6433033.461, 5668938.48], [6433028.5542, 5668935.4088], [6433023.092, 5668931.99], [6433018.1264, 5668928.5879999995], [6433011.31, 5668923.918], [6433001.7145, 5668916.8827], [6432997.48, 5668913.778000001], [6432995.0414, 5668911.781199999], [6432985.7087, 5668904.1393], [6432980.54, 5668899.907], [6432979.1463, 5668898.7322], [6432974.5215, 5668894.833799999], [6432974.3073, 5668894.6532000005], [6432969.6906, 5668890.761600001], [6432969.3258, 5668890.4541], [6432968.2303, 5668889.5306], [6432958.5085, 5668881.3358], [6432957.027, 5668880.086999999], [6432948.3792, 5668874.258300001], [6432937.3483, 5668866.8235], [6432890.7065, 5668840.0331999995], [6432861.7939, 5668827.450200001], [6432843.7963, 5668821.544299999], [6432826.4278, 5668816.5195], [6432805.6715, 5668810.8159], [6432792.8388, 5668807.6503], [6432771.7526, 5668806.115], [6432748.7557, 5668805.3114], [6432721.2989, 5668805.643200001]]]}, "properties": {"OBJECTID": 37, "NROSIEDLA": 37, "NAZWAOSIEDLA": "Karłowice - Różanka", "SHAPE.AREA": 11102549.7675577, "SHAPE.LEN": 16284.1464788274, "DATA": 1453334400000}}, {"type": "Feature", "id": 38, "geometry": {"type": "Polygon", "coordinates": [[[6427210.993, 5669493.079], [6427179.0297, 5669501.528100001], [6427176.9, 5669502.091], [6427144.311, 5669519.686000001], [6427140.55, 5669521.8215], [6427123.6433, 5669531.421], [6427113.719, 5669537.056], [6427059.415, 5669570.013], [6426999.397, 5669610.239], [6426954.398, 5669646.512499999], [6426945.618, 5669653.59], [6426937.995, 5669659.982999999], [6426880.854, 5669706.573999999], [6426821.143, 5669755.596999999], [6426779.6139, 5669782.3259], [6426761.603, 5669793.918], [6426739.8095, 5669811.474300001], [6426732.8707, 5669817.063999999], [6426707.8517, 5669837.218599999], [6426689.0108, 5669852.396299999], [6426676.9211, 5669862.135500001], [6426671.8662, 5669866.207599999], [6426669.2647, 5669868.303300001], [6426668.3533, 5669869.0375], [6426661.342, 5669874.6855999995], [6426660.4594, 5669875.396600001], [6426658.2369, 5669877.187000001], [6426658.006, 5669877.373], [6426653.6852, 5669881.672599999], [6426651.9182, 5669883.431], [6426647.267, 5669888.0594999995], [6426644.9414, 5669890.3737], [6426641.4113, 5669893.886499999], [6426638.8154, 5669896.469699999], [6426635.332, 5669899.9361000005], [6426632.7107, 5669902.544500001], [6426627.8199, 5669907.411499999], [6426625.9041, 5669909.3179], [6426621.0088, 5669914.189200001], [6426619.0361, 5669916.1522], [6426614.7174, 5669920.449899999], [6426612.8651, 5669922.293099999], [6426611.785, 5669923.367900001], [6426611.3022, 5669923.8484000005], [6426611.2755, 5669923.8749], [6426611.1022, 5669923.7007], [6426599.1627, 5669911.7019], [6426597.8466, 5669906.0327], [6426593.5471, 5669887.511700001], [6426593.5514, 5669887.2435], [6426593.6524, 5669880.9847], [6426593.8505, 5669868.7015], [6426593.8779, 5669867.0064], [6426595.1898, 5669857.3455], [6426597.5159, 5669840.2173999995], [6426599.9411, 5669829.7585], [6426599.9472, 5669829.732100001], [6426600.1356, 5669828.9197], [6426602.8075, 5669817.397], [6426613.8311, 5669791.755100001], [6426613.9424, 5669791.4964000005], [6426618.0211, 5669782.0089], [6426631.9118, 5669749.928099999], [6426638.5264, 5669729.7535999995], [6426640.8415, 5669714.2093], [6426639.8493, 5669696.3498], [6426637.8649, 5669683.7820999995], [6426634.3518, 5669674.121200001], [6426632.5732, 5669669.23], [6426624.305, 5669655.339299999], [6426611.4065, 5669638.8029], [6426596.8544, 5669617.9669], [6426586.2711, 5669601.430400001], [6426580.3179, 5669588.862600001], [6426577.6721, 5669574.971999999], [6426577.6721, 5669558.104800001], [6426581.6408, 5669542.8912], [6426587.9247, 5669529.3313], [6426595.8622, 5669518.0865], [6426608.7607, 5669506.841700001], [6426624.9664, 5669495.9276], [6426640.8415, 5669485.3442], [6426654.7321, 5669472.445699999], [6426664.9848, 5669459.5473], [6426673.5837, 5669443.0108], [6426679.2061, 5669426.474300001], [6426679.5369, 5669411.591499999], [6426678.81, 5669401.9967], [6426677.8832, 5669389.7633], [6426672.5915, 5669369.5888], [6426650.4326, 5669308.7345], [6426645.141, 5669293.190199999], [6426643.4873, 5669280.622400001], [6426642.011, 5669256.0788], [6426641.9317, 5669254.7607], [6426640.8415, 5669236.635399999], [6426640.2545, 5669219.025599999], [6426639.8493, 5669206.8697], [6426639.8493, 5669197.609300001], [6426639.8926, 5669197.407199999], [6426642.8259, 5669183.718599999], [6426647.7868, 5669172.804500001], [6426655.7243, 5669163.213400001], [6426664.9848, 5669155.9373], [6426670.1929, 5669152.525], [6426673.6262, 5669150.275599999], [6426674.5759, 5669149.6534], [6426683.8364, 5669142.046700001], [6426688.9414, 5669135.523700001], [6426689.7895, 5669134.4399], [6426694.1079, 5669124.183700001], [6426695.0812, 5669121.872099999], [6426696.2891, 5669117.6808], [6426696.3975, 5669117.304500001], [6426699.4394, 5669106.749], [6426701.8922, 5669099.967800001], [6426708.2422, 5669085.680299999], [6426713.5339, 5669072.7157000005], [6426723.0589, 5669057.899], [6426730.4673, 5669046.7864], [6426739.7277, 5669034.615599999], [6426751.8985, 5669021.9156], [6426764.8632, 5669012.3905], [6426780.7382, 5669004.1884], [6426795.5549, 5669000.219699999], [6426810.6362, 5668998.632200001], [6426825.7174, 5669001.0134], [6426841.3279, 5669005.511399999], [6426858.7904, 5669014.2425999995], [6426873.3425, 5669021.1218], [6426886.3071, 5669025.090600001], [6426902.1822, 5669025.884299999], [6426920.1739, 5669025.884299999], [6426934.4614, 5669024.825999999], [6426954.8344, 5669021.651000001], [6426970.974, 5669018.476], [6426989.4949, 5669011.5967999995], [6427005.1053, 5669003.6592999995], [6427014.1012, 5668995.4572], [6427020.7158, 5668986.990499999], [6427025.4783, 5668976.1425], [6427029.9762, 5668963.9717], [6427031.8283, 5668953.1238], [6427032.0929, 5668941.217499999], [6427030.7699, 5668919.521600001], [6427029.9762, 5668889.358999999], [6427030.2408, 5668875.0715], [6427031.0345, 5668863.4298], [6427033.1512, 5668851.523499999], [6427040.0304, 5668829.2985], [6427045.5866, 5668811.5714], [6427049.82, 5668802.046399999], [6427055.9054, 5668795.960899999], [6427062.52, 5668790.4047], [6427074.1617, 5668786.7005], [6427087.1263, 5668784.8484000005], [6427101.6784, 5668786.1713], [6427114.9076, 5668785.377599999], [6427127.343, 5668782.2026], [6427137.1327, 5668779.0276], [6427145.5993, 5668771.8838], [6427157.5056, 5668760.2421], [6427164.914, 5668749.1296], [6427168.8827, 5668737.223300001], [6427169.1473, 5668728.7566], [6427168.3535, 5668718.437899999], [6427162.2681, 5668692.7732], [6427155.3889, 5668662.346100001], [6427153.8014, 5668651.762700001], [6427153.5369, 5668638.7981], [6427154.5952, 5668628.2148], [6427157.241, 5668618.160599999], [6427160.9452, 5668605.725099999], [6427165.9723, 5668595.141799999], [6427174.1744, 5668584.5583999995], [6427184.7577, 5668574.5042], [6427197.7224, 5668561.804199999], [6427206.9828, 5668548.574999999], [6427212.8036, 5668536.6688], [6427216.2432, 5668522.381200001], [6427216.2432, 5668511.797900001], [6427213.862, 5668500.949899999], [6427205.9245, 5668490.366599999], [6427197.1932, 5668484.281099999], [6427185.8161, 5668478.4603], [6427170.2056, 5668470.7874], [6427153.4998, 5668463.0483], [6427134.291, 5668451.6976], [6427121.1941, 5668439.4739], [6427113.336, 5668423.7576], [6427102.8585, 5668401.929400001], [6427096.7466, 5668378.355], [6427090.6347, 5668366.131200001], [6427081.9034, 5668358.2731], [6427068.8065, 5668346.0493], [6427052.2171, 5668335.571799999], [6427028.6427, 5668318.9824], [6427016.4189, 5668305.885500001], [6427000.7026, 5668279.6917], [6426986.7326, 5668257.863500001], [6426979.7476, 5668227.304099999], [6426974.5088, 5668196.7446], [6426974.5088, 5668171.424000001], [6426978.8745, 5668147.8495000005], [6426988.4789, 5668116.416999999], [6426998.0832, 5668086.730699999], [6427001.5758, 5668066.648700001], [6426998.9564, 5668050.0593], [6426992.8445, 5668036.962400001], [6426985.8595, 5668024.738700001], [6426973.6357, 5668016.8805], [6426959.6657, 5668012.514900001], [6426942.2031, 5668012.514900001], [6426923.8675, 5668016.8805], [6426902.0393, 5668021.246200001], [6426887.1962, 5668028.2312], [6426864.4949, 5668044.820599999], [6426835.6817, 5668057.044399999], [6426815.5998, 5668061.41], [6426799.8835, 5668061.41], [6426771.9434, 5668058.7906], [6426750.9884, 5668057.044399999], [6426734.399, 5668057.9175], [6426709.9514, 5668063.156199999], [6426689.8695, 5668070.1413], [6426667.1682, 5668071.0144], [6426643.5938, 5668064.9025], [6426624.385, 5668056.1712], [6426599.0643, 5668050.0593], [6426571.9974, 5668048.313100001], [6426548.423, 5668052.6787], [6426511.7516, 5668058.7906], [6426490.7966, 5668057.9175], [6426461.1103, 5668049.1862], [6426418.3271, 5668028.2312], [6426372.958, 5668078.157], [6426313.503, 5668105.720000001], [6426396.4989, 5668206.348999999], [6426438.409, 5668249.132200001], [6426415.7871, 5668270.8017], [6426291.9618, 5668348.589299999], [6426215.7617, 5668386.6894000005], [6426136.3865, 5668434.3145], [6426087.5887, 5668449.9769], [6426057.5008, 5668406.0305], [6426003.367, 5668318.717800001], [6425938.7556, 5668200.8456999995], [6425885.4949, 5668091.7048], [6425794.2832, 5667889.856799999], [6425759.319, 5667939.976], [6425757.7853, 5667942.1744], [6425757.6321, 5667942.394099999], [6425756.9032, 5667943.438999999], [6425756.4339, 5667944.1116], [6425756.211, 5667944.4311999995], [6425755.715, 5667945.142100001], [6425755.653, 5667945.231000001], [6425755.5785, 5667945.3376], [6425755.577, 5667945.334000001], [6425737.308, 5667971.484999999], [6425740.553, 5667973.476], [6425658.154, 5668091.927999999], [6425646.321, 5668094.734999999], [6425648.198, 5668092.012], [6425604.071, 5668061.052999999], [6425571.103, 5668106.106000001], [6425546.188, 5668111.6280000005], [6425479.536, 5668063.761], [6425476.961, 5668055.941], [6425484.281, 5668045.881999999], [6425467.609, 5668035.093], [6425465.073, 5668026.283], [6425462.888, 5668012.01], [6425459.5021, 5667997.484200001], [6425459.3204, 5667996.808800001], [6425464.0567, 5667989.9582], [6425474.4971, 5667974.857000001], [6425482.4312, 5667963.380999999], [6425490.2216, 5667952.1129], [6425497.7942, 5667941.1599], [6425507.0555, 5667927.7641], [6425517.2412, 5667913.031400001], [6425527.5336, 5667898.144400001], [6425539.1369, 5667881.361199999], [6425553.4274, 5667860.691199999], [6425561.6911, 5667848.7415], [6425578.4399, 5667825.1951], [6425589.5235, 5667809.6132], [6425607.765, 5667783.9683], [6425619.0815, 5667768.0589000005], [6425626.7972, 5667757.2118], [6425645.6279, 5667730.738600001], [6425655.0154, 5667717.541099999], [6425665.2683, 5667703.127], [6425675.2745, 5667689.059800001], [6425682.5001, 5667678.9015999995], [6425686.4935, 5667673.2875], [6425688.5824, 5667670.3509], [6425690.7808, 5667667.260199999], [6425692.8821, 5667664.306], [6425693.275, 5667663.753699999], [6425695.4493, 5667660.697000001], [6425696.8528, 5667658.7239], [6425698.1634, 5667656.8813000005], [6425699.1809, 5667655.4509], [6425700.9361, 5667652.9833], [6425702.6978, 5667650.5067], [6425703.7001, 5667649.0976], [6425705.7466, 5667646.2205], [6425706.9451, 5667644.535599999], [6425707.6511, 5667643.543], [6425710.5035, 5667639.533], [6425711.214, 5667638.5341], [6425712.0679, 5667637.3336], [6425713.5739, 5667635.216499999], [6425715.7088, 5667632.215], [6425718.3308, 5667628.528999999], [6425720.3073, 5667625.7501], [6425720.6251, 5667625.303400001], [6425723.0218, 5667621.714199999], [6425724.9508, 5667618.8016], [6425725.3668, 5667618.1735], [6425727.5306, 5667614.9065000005], [6425729.9432, 5667611.263800001], [6425732.1743, 5667607.895300001], [6425734.8134, 5667603.910499999], [6425736.3829, 5667601.5407], [6425737.8732, 5667599.2906], [6425738.2706, 5667598.6906], [6425741.0679, 5667594.4671], [6425742.3227, 5667592.373299999], [6425742.9832, 5667591.271], [6425749.0981, 5667582.2261], [6425750.46, 5667580.2117], [6425752.8459, 5667576.682600001], [6425752.8902, 5667576.6171], [6425759.5818, 5667566.513800001], [6425762.3181, 5667562.382300001], [6425762.8968, 5667561.5086], [6425765.7574, 5667557.1895], [6425766.4154, 5667556.196], [6425773.2666, 5667545.8517], [6425774.9529, 5667543.424900001], [6425777.2693, 5667540.0911], [6425781.0284, 5667534.6811999995], [6425785.5208, 5667528.216], [6425792.5557, 5667518.5496], [6425797.3278, 5667511.9923], [6425798.3288, 5667510.616900001], [6425801.4054, 5667506.3894], [6425802.4101, 5667505.0089], [6425813.1942, 5667490.1906], [6425815.9965, 5667486.34], [6425822.4688, 5667477.446599999], [6425823.8865, 5667475.4986000005], [6425828.9755, 5667468.505899999], [6425831.9875, 5667464.3672], [6425835.2682, 5667459.859300001], [6425838.7136, 5667455.125], [6425841.8448, 5667450.8224], [6425847.847, 5667442.574999999], [6425849.1282, 5667440.8144000005], [6425853.4764, 5667434.8397], [6425861.8628, 5667423.3160999995], [6425862.5975, 5667422.306600001], [6425872.6548, 5667408.4871], [6425880.3815, 5667397.869999999], [6425881.1436, 5667396.822799999], [6425886.729, 5667389.148], [6425894.7722, 5667378.7479], [6425901.3468, 5667370.2468], [6425903.3736, 5667367.6369], [6425915.1274, 5667352.5012], [6425917.2601, 5667349.754899999], [6425927.6489, 5667336.3769000005], [6425937.3226, 5667323.9198], [6425940.2903, 5667320.1161], [6425946.556, 5667312.0854], [6425948.5555, 5667309.5909], [6425962.3718, 5667292.3543], [6425967.1805, 5667286.3552], [6425972.6726, 5667279.5035999995], [6425977.8119, 5667273.092], [6425988.6307, 5667259.594900001], [6425989.237, 5667258.838500001], [6425994.6722, 5667252.0579], [6425999.4496, 5667246.0978], [6426021.8085, 5667218.092599999], [6426022.2714, 5667217.512800001], [6426023.3303, 5667216.1853], [6426041.3311, 5667193.6197999995], [6426043.7593, 5667190.5758], [6426052.3351, 5667179.825300001], [6426061.9527, 5667167.7687], [6426067.2293, 5667161.154100001], [6426069.3018, 5667158.556], [6426078.031, 5667147.6132], [6426094.6716, 5667126.752800001], [6426098.9307, 5667121.4136], [6426109.371, 5667108.3257], [6426113.2662, 5667103.4427000005], [6426124.9342, 5667088.8159], [6426134.5157, 5667076.8048], [6426139.5592, 5667070.4823], [6426140.1775, 5667069.7404], [6426146.9435, 5667061.6219], [6426157.6299, 5667048.7993], [6426163.8353, 5667041.353499999], [6426168.6325, 5667035.782199999], [6426177.7915, 5667025.145300001], [6426182.714, 5667019.4286], [6426189.9873, 5667010.9816], [6426199.0381, 5667000.302200001], [6426210.6341, 5666984.652899999], [6426220.4494, 5666971.4065000005], [6426231.8498, 5666956.0211], [6426246.2255, 5666936.6204], [6426252.3709, 5666928.3269], [6426265.0702, 5666911.736400001], [6426275.7654, 5666897.963300001], [6426286.5727, 5666884.0459], [6426296.1181, 5666871.7535], [6426306.8133, 5666857.9805], [6426321.4622, 5666839.115900001], [6426334.6251, 5666822.164899999], [6426346.913, 5666806.3408], [6426356.8399, 5666793.5572], [6426368.6849, 5666778.303400001], [6426384.9265, 5666757.387800001], [6426396.2273, 5666742.834799999], [6426408.3471, 5666727.2272], [6426418.6048, 5666714.0175], [6426439.7247, 5666686.819700001], [6426455.3553, 5666666.6909], [6426470.6605, 5666646.9812], [6426481.3557, 5666633.2081], [6426499.1847, 5666610.248400001], [6426508.2419, 5666598.5846], [6426518.3875, 5666585.519300001], [6426529.3015, 5666571.464500001], [6426539.0096, 5666558.9626], [6426555.0727, 5666538.963099999], [6426571.2427, 5666519.138599999], [6426586.7662, 5666500.106699999], [6426602.9905, 5666480.215600001], [6426616.3834, 5666463.795700001], [6426630.0996, 5666446.979599999], [6426645.2465, 5666428.409399999], [6426657.342, 5666413.5802], [6426668.6955, 5666399.660700001], [6426699.9812, 5666361.304300001], [6426715.0404, 5666342.841600001], [6426725.0862, 5666330.5254], [6426758.856, 5666358.07], [6426760.865, 5666367.3100000005], [6426762.3239, 5666371.0175], [6426766.8122, 5666382.423800001], [6426774.2224, 5666401.255899999], [6426779.2223, 5666413.962200001], [6426787.6392, 5666435.352600001], [6426791.5075, 5666445.1831], [6426799.0655, 5666464.3906], [6426803.1263, 5666474.7107], [6426812.4136, 5666498.312899999], [6426816.1611, 5666507.8366], [6426818.233, 5666513.102], [6426818.7149, 5666514.323999999], [6426826.4432, 5666533.9231], [6426829.3441, 5666541.279999999], [6426838.9083, 5666565.5348000005], [6426842.8654, 5666575.5701], [6426853.9284, 5666603.6261], [6426856.9292, 5666611.236], [6426861.204, 5666622.077], [6426862.725, 5666625.921], [6426866.431, 5666635.284], [6426867.8322, 5666639.2708], [6426868.977, 5666642.528000001], [6426870.264, 5666645.802999999], [6426871.5273, 5666649.0185], [6426878.4176, 5666666.5568], [6426885.373, 5666684.2611], [6426892.5732, 5666702.588199999], [6426897.5972, 5666715.3762], [6426905.662, 5666735.903999999], [6426906.8828, 5666739.0645], [6426912.3267, 5666753.1587000005], [6426918.7503, 5666769.7894], [6426924.018, 5666783.427100001], [6426931.2783, 5666802.224099999], [6426931.4117, 5666802.569399999], [6426934.1047, 5666809.5416], [6426935.791, 5666813.907199999], [6426940.0031, 5666824.8125], [6426942.0505, 5666830.113], [6426948.4889, 5666846.782], [6426950.6861, 5666852.4703], [6426954.107, 5666861.327], [6426959.188, 5666874.0591], [6426960.2075, 5666876.613600001], [6426962.547, 5666882.476], [6426964.413, 5666887.152000001], [6426966.586, 5666893.051000001], [6426968.8653, 5666898.868100001], [6426970.9012, 5666904.064099999], [6426978.2017, 5666922.6965], [6426979.8284, 5666926.848200001], [6426980.0933, 5666927.5241], [6426980.2055, 5666927.8105999995], [6426984.301, 5666938.263], [6426990.7093, 5666950.7017], [6426990.9456, 5666951.1603999995], [6426993.7746, 5666949.6208999995], [6426999.8229, 5666946.329500001], [6427005.9941, 5666943.1504999995], [6427025.6905, 5666933.7217999995], [6427035.5984, 5666929.7458999995], [6427046.2857, 5666925.826099999], [6427050.1938, 5666924.4991999995], [6427066.5168, 5666918.5123], [6427072.5955, 5666916.4506], [6427153.8975, 5666888.448100001], [6427248.4332, 5666855.533600001], [6427290.9593, 5666840.8192], [6427295.7212, 5666839.1675], [6427300.5013, 5666837.4103999995], [6427311.2669, 5666833.6768], [6427340.4344, 5666823.327099999], [6427384.6458, 5666807.4936], [6427431.8458, 5666790.824999999], [6427442.4973, 5666786.9965], [6427446.5853, 5666785.5458], [6427456.5476, 5666782.0242], [6427479.061, 5666774.150599999], [6427526.2675, 5666757.879799999], [6427573.4713, 5666741.5099], [6427610.4166, 5666728.765799999], [6427620.7674, 5666725.142999999], [6427632.8182, 5666720.897700001], [6427647.0638, 5666715.925100001], [6427689.4949, 5666701.2103], [6427724.849, 5666689.0843], [6427734.2807, 5666685.7806], [6427748.1739, 5666680.528100001], [6427759.8835, 5666675.8004], [6427769.5892, 5666671.7015], [6427779.9984, 5666666.8901], [6427795.5843, 5666659.614800001], [6427808.0856, 5666653.375700001], [6427856.5003, 5666629.1908], [6427901.3373, 5666607.0493], [6427945.9719, 5666584.8115], [6427975.0041, 5666570.458900001], [6428015.5126, 5666550.4572], [6428057.5109, 5666529.663000001], [6428060.5883, 5666528.127800001], [6428107.1112, 5666504.8638], [6428125.704, 5666495.6369], [6428170.0424, 5666473.701199999], [6428214.7791, 5666451.4618999995], [6428259.6173, 5666429.3203], [6428326.2167, 5666396.3221], [6428351.4656, 5666383.517100001], [6428367.2872, 5666375.718900001], [6428375.8945, 5666371.528999999], [6428385.4666, 5666367.076099999], [6428392.8819, 5666363.785800001], [6428399.3999, 5666361.0295], [6428421.5078, 5666352.569499999], [6428432.2373, 5666348.0306], [6428441.7185, 5666343.7436999995], [6428449.62, 5666339.793500001], [6428456.1094, 5666336.303200001], [6428466.3107, 5666330.2312], [6428477.292, 5666323.5843], [6428504.5556, 5666306.4044], [6428540.9666, 5666283.510500001], [6428556.2566, 5666273.749399999], [6428558.7444, 5666272.1143], [6428561.1904, 5666270.5845], [6428590.7188, 5666252.1172], [6428648.4854, 5666215.5458], [6428687.5625, 5666190.8577], [6428693.7031, 5666186.7896], [6428700.425, 5666182.4245], [6428707.4351, 5666177.4607], [6428723.7987, 5666165.9606], [6428759.4436, 5666140.8267], [6428799.8235, 5666111.9311], [6428835.2116, 5666087.0602], [6428850.0283, 5666076.3445], [6428881.1104, 5666055.0767], [6428883.8281, 5666053.556399999], [6428890.319, 5666049.3071], [6428897.1953, 5666045.005999999], [6428901.3942, 5666042.4377999995], [6428905.3171, 5666040.1624], [6428913.5044, 5666035.741599999], [6428919.9892, 5666032.349099999], [6428929.5561, 5666027.521600001], [6428947.3659, 5666018.7983], [6428979.0758, 5666003.416300001], [6428993.4797, 5665996.244999999], [6428999.6613, 5665992.910800001], [6429004.8945, 5665989.9640999995], [6429008.5445, 5665987.834100001], [6429015.146, 5665983.883300001], [6429020.9767, 5665980.0271000005], [6429026.9279, 5665976.2565], [6429075.3802, 5665943.9111], [6429118.2428, 5665915.3025], [6429146.5439, 5665896.419500001], [6429152.7675, 5665892.261499999], [6429168.1686, 5665881.3256], [6429171.9728, 5665878.624299999], [6429173.9575, 5665877.215], [6429178.0551, 5665874.302100001], [6429185.954, 5665868.6785], [6429210.3418, 5665851.183], [6429218.8792, 5665845.0726], [6429225.7555, 5665840.2653], [6429236.9829, 5665832.8693], [6429298.3466, 5665793.6502], [6429332.6785, 5665771.736500001], [6429344.4841, 5665764.0940000005], [6429351.6319, 5665759.5052000005], [6429364.6267, 5665751.149499999], [6429395.1872, 5665731.278899999], [6429427.6439, 5665710.3806], [6429458.412, 5665690.7038], [6429478.737, 5665676.721100001], [6429497.5899, 5665663.073999999], [6429513.3914, 5665652.470899999], [6429524.056, 5665645.3234], [6429533.3117, 5665639.168299999], [6429541.5063, 5665633.740599999], [6429549.5321, 5665628.398399999], [6429556.7507, 5665623.6972], [6429567.8274, 5665616.206900001], [6429577.9985, 5665609.1884], [6429594.1308, 5665596.9515], [6429604.0088, 5665589.270099999], [6429620.1212, 5665575.710100001], [6429636.4952, 5665562.624600001], [6429653.8164, 5665548.474400001], [6429680.9055, 5665526.566], [6429694.7047, 5665515.2391], [6429701.2507, 5665509.8935], [6429701.8034, 5665509.4158], [6429723.4044, 5665490.784700001], [6429726.1391, 5665488.426000001], [6429727.1184, 5665490.3269], [6429732.4808, 5665500.7356], [6429734.0427, 5665503.767200001], [6429735.6183, 5665506.8255], [6429789.4214, 5665603.3463], [6429830.027, 5665657.644200001], [6429885.3863, 5665704.9154], [6429948.7757, 5665755.513800001], [6429984.6508, 5665796.171800001], [6430010.2823, 5665839.236199999], [6430032.6278, 5665893.7546999995], [6430041.0163, 5665926.7546], [6430053.1594, 5665987.103399999], [6430066.8091, 5666077.681600001], [6430108.8534, 5666380.045399999], [6430144.4324, 5666643.4759], [6430154.9784, 5666708.8529], [6430161.489, 5666751.818], [6430160.1953, 5666751.9145], [6430159.2406, 5666751.9856], [6430156.4047, 5666752.1971], [6430154.2083, 5666752.3609], [6430091.0397, 5666757.070900001], [6430043.2119, 5666760.6371], [6430023.109, 5666762.136], [6429964.365, 5666766.944], [6429875.948, 5666782.210000001], [6429774.753, 5666807.631999999], [6429684.252, 5666840.828], [6429612.007, 5666878.704], [6429541.91, 5666937.154999999], [6429537.8106, 5666941.4146], [6429496.8352, 5666983.991699999], [6429490.4429, 5666990.6339], [6429479.588, 5667001.913000001], [6429453.57, 5667042.029999999], [6429433.8296, 5667072.578299999], [6429433.444, 5667073.175000001], [6429399.378, 5667134.289999999], [6429369.187, 5667193.459000001], [6429345.789, 5667260.447000001], [6429323.111, 5667328.926999999], [6429302.136, 5667397.285], [6429284.2002, 5667454.178200001], [6429279.792, 5667468.161], [6429254.21, 5667544.08], [6429234.62, 5667586.119999999], [6429221.62, 5667611.18], [6429193.579, 5667659.482000001], [6429168.53, 5667702.630000001], [6429106.34, 5667770.49], [6429056.83, 5667826.99], [6429003.36, 5667871.4399999995], [6428959.111, 5667900.471999999], [6428897.799, 5667924.613], [6428876.692, 5667932.4690000005], [6428845.632, 5667944.143999999], [6428820.095, 5667949.453], [6428756.25, 5667962.625], [6428724.373, 5667964.709000001], [6428662.511, 5667968.256999999], [6428625.4033, 5667979.6417], [6428610.598, 5667984.184], [6428559.608, 5668002.001], [6428517.867, 5668032.106000001], [6428484.26, 5668064.914000001], [6428447.545, 5668122.061000001], [6428431.1992, 5668159.3665], [6428422.92, 5668178.262], [6428410.165, 5668240.119999999], [6428399.703, 5668259.948000001], [6428383.397, 5668309.347999999], [6428389.707, 5668409.579], [6428392.1599, 5668425.7301], [6428396.226, 5668452.504000001], [6428413.575, 5668522.699999999], [6428442.366, 5668604.460000001], [6428444.6359, 5668610.8916], [6428473.225, 5668691.895], [6428497.379, 5668762.3100000005], [6428516.388, 5668837.2870000005], [6428518.105, 5668921.373], [6428513.659, 5668958.929], [6428504.3454, 5668990.7489], [6428486.575, 5669051.461999999], [6428481.5534, 5669065.493899999], [6428470.903, 5669095.254000001], [6428454.0925, 5669143.708699999], [6428432.438, 5669206.126], [6428404.372, 5669283.77], [6428380.0901, 5669349.524700001], [6428377.255, 5669357.202], [6428362.197, 5669393.987], [6428299.948, 5669481.743000001], [6428269.853, 5669507.308], [6428182.993, 5669569.558], [6428146.3483, 5669582.7314], [6428146.149, 5669582.802999999], [6428050.3879, 5669612.4278], [6428043.221, 5669614.645], [6427972.599, 5669621.697000001], [6427947.6458, 5669619.9473], [6427929.2802, 5669618.659499999], [6427902.033, 5669616.749], [6427825.206, 5669606.676999999], [6427770.688, 5669597.234999999], [6427742.829, 5669592.471000001], [6427665.776, 5669571.9], [6427498.767, 5669514.210999999], [6427399.5337, 5669488.437899999], [6427397.944, 5669488.025], [6427362.069, 5669482.057], [6427328.46, 5669481.461999999], [6427210.993, 5669493.079]]]}, "properties": {"OBJECTID": 38, "NROSIEDLA": 23, "NAZWAOSIEDLA": "Pilczyce - Kozanów - Popowice Płn.", "SHAPE.AREA": 8534004.64301599, "SHAPE.LEN": 18002.017097342803, "DATA": 1453334400000}}, {"type": "Feature", "id": 39, "geometry": {"type": "Polygon", "coordinates": [[[6423185.329, 5672757.355], [6423163.613, 5672756.157], [6423135.431, 5672711.437000001], [6423129.452, 5672701.669], [6423101.132, 5672704.361], [6423084.072, 5672709.498], [6423067.782, 5672719.545], [6423029.267, 5672746.682], [6423017.693, 5672748.923], [6423001.474, 5672747.409], [6422986.591, 5672742.348999999], [6422974.128, 5672736.329], [6422949.215, 5672737.911], [6422934.46, 5672739.220000001], [6422872.236, 5672723.442], [6422856.89, 5672720.547], [6422837.224, 5672725.126], [6422794.433, 5672725.302999999], [6422767.364, 5672736.232000001], [6422742.394, 5672731.384], [6422708.145, 5672726.738], [6422669.083, 5672716.83], [6422642.888, 5672718.207], [6422557.886, 5672748.257999999], [6422549.74, 5672760.267999999], [6422511.563, 5672770.661], [6422474.658, 5672777.007999999], [6422447.156, 5672801.843], [6422423.091, 5672815.706], [6422409.306, 5672820.263], [6422409.915, 5672832.627], [6422412.166, 5672853.411], [6422410.77, 5672892.721999999], [6422403.577, 5672924.862], [6422402.198, 5672938.198999999], [6422387.186, 5672984.466], [6422381.265, 5673017.5600000005], [6422371.71, 5673023.867000001], [6422356.979, 5673033.796], [6422304.089, 5673078.001], [6422287.639, 5673088.081], [6422269.18, 5673093.255000001], [6422216.601, 5673099.562000001], [6422156.954, 5673107.654999999], [6422148.06, 5673110.773], [6422133.01, 5673115.025], [6422127.399, 5673113.323000001], [6422119.314, 5673114.540999999], [6422111.377, 5673115.738], [6422019.037, 5673140.151000001], [6421983.375, 5673146.024], [6421944.27, 5673150.749], [6421908.691, 5673151.821], [6421900.518, 5673151.630999999], [6421882.467, 5673150.039999999], [6421874.233, 5673148.869999999], [6421856.962, 5673146.459000001], [6421833.35, 5673141.446], [6421827.369, 5673140.568], [6421818.524, 5673137.665999999], [6421789.209, 5673126.700999999], [6421785.334, 5673114.687000001], [6421791.93, 5673077.864], [6421765.808, 5673006.664999999], [6421753.687, 5672986.800000001], [6421744.393, 5672976.562000001], [6421716.415, 5672966.200999999], [6421661.463, 5672950.638], [6421579.072, 5672922.998], [6421512.685, 5672895.625], [6421504.044, 5672889.880000001], [6421484.678, 5672811.85], [6421466.933, 5672724.74], [6421456.803, 5672685.022], [6421441.808, 5672642.541999999], [6421422.95, 5672566.637], [6421416.771, 5672527.038000001], [6421416.808, 5672520.217], [6421407.545, 5672477.846999999], [6421403.296, 5672459.877], [6421385.348, 5672403.262], [6421371.128, 5672371.9629999995], [6421361.837, 5672359.545], [6421346.963, 5672350.316], [6421338.323, 5672342.92], [6421321.891, 5672333.789000001], [6421305.88, 5672325.533], [6421281.065, 5672311.972999999], [6421255.248, 5672299.964], [6421228.423, 5672288.908], [6421221.818, 5672285.217], [6421146.49, 5672256.744999999], [6421150.025, 5672208.205], [6421099.82, 5672220.504000001], [6421073.904, 5672195.294], [6420981.213, 5672219.676000001], [6420846.003, 5672246.0600000005], [6420754.715, 5672255.83], [6420714.96, 5672264.669], [6420613.27, 5672274.293], [6420559.549, 5672287.75], [6420503.776, 5672155.184], [6420487.14, 5672111.720000001], [6420478.346, 5672117.236], [6420451.498, 5672128.220000001], [6420466.489, 5672173.805], [6420424.426, 5672160.539000001], [6420365.143, 5672133.938999999], [6420317.282, 5672108.302999999], [6420261.941, 5672082.697000001], [6420195.87, 5672060.591], [6420118.401, 5672038.831], [6420114.209, 5672039.345000001], [6420109.723, 5672039.895], [6420053.472, 5672037.825999999], [6420037.961, 5672040.384], [6420000.33, 5672032.339], [6419984.616, 5672024.668], [6419936.67, 5672021.063999999], [6419914.595, 5672023.209000001], [6419892.908, 5672032.640000001], [6419876.477, 5672035.927999999], [6419841.364, 5672039.188999999], [6419815.472, 5672050.6899999995], [6419778.097, 5672062.9], [6419746.531, 5672100.671], [6419736.903, 5672110.380999999], [6419710.122, 5672137.390000001], [6419696.453, 5672148.365], [6419689.013, 5672170.795], [6419662.893, 5672194.99], [6419636.415, 5672222.710000001], [6419616.192, 5672244.184], [6419606.425, 5672256.932], [6419567.446, 5672288.043], [6419546.679, 5672309.153999999], [6419528.04, 5672319.358999999], [6419513.05, 5672335.221000001], [6419509.04, 5672344.369000001], [6419485.529, 5672353.552999999], [6419477.709, 5672364.398], [6419464.212, 5672368.051000001], [6419452.393, 5672378.831], [6419428.957, 5672400.207], [6419399.567, 5672418.602], [6419387.019, 5672428.774], [6419380.483, 5672427.513], [6419349.906, 5672441.942], [6419325.945, 5672459.441], [6419270.884, 5672482.8149999995], [6419247.275, 5672496.2809999995], [6419225.295, 5672527.068], [6419193.149, 5672551.647], [6419179.966, 5672563.907], [6419152.511, 5672573.579], [6419115.631, 5672592.885], [6419096.352, 5672593.877], [6419075.245, 5672610.013], [6419057.917, 5672618.551999999], [6419047.763, 5672595.013], [6419040.618, 5672577.117000001], [6419015.059, 5672507.438999999], [6419004.998, 5672509.682], [6418999.006, 5672511.017999999], [6418938.408, 5672524.528999999], [6418883.45, 5672536.806], [6418831.905, 5672547.642000001], [6418777.634, 5672554.651000001], [6418753.539, 5672561.913000001], [6418708.207, 5672575.403999999], [6418692.249, 5672585.638], [6418682.245, 5672597.001], [6418676.275, 5672612.794], [6418666.291, 5672706.1219999995], [6418601.143, 5672768.045], [6418574.911, 5672767.323000001], [6418542.77, 5672772.422], [6418521.956, 5672780.475], [6418503.785, 5672783.855], [6418494.058, 5672786.642999999], [6418475.728, 5672797.555], [6418416.087, 5672805.377], [6418367.088, 5672803.32], [6418350.512, 5672802.93], [6418352.36, 5672773.825999999], [6418355.603, 5672742.636], [6418342.125, 5672728.028000001], [6418252.303, 5672707.783], [6418183.714, 5672705.041999999], [6418029.737, 5672722.641000001], [6417984.695, 5672607.798], [6417963.66, 5672547.107999999], [6417950.539, 5672568.567], [6417879.482, 5672390.800000001], [6417858.545, 5672338.414000001], [6417833.817, 5672279.704], [6417808.673, 5672217.245999999], [6417760.69, 5672093.361], [6417733.655, 5672027.465], [6417732.304, 5672024.071], [6417718.97, 5671990.556], [6417762.481, 5671950.4120000005], [6417785.388, 5671929.231000001], [6417844.841, 5671873.211999999], [6417848.327, 5671869.549000001], [6417851.96, 5671865.6850000005], [6417923.625, 5671789.558], [6417933.773, 5671778.585999999], [6417912.973, 5671739.0940000005], [6417893.864, 5671707.093], [6417881.325, 5671707.223999999], [6417731.2, 5671574.922], [6417726.397, 5671565.640000001], [6417638.869, 5671397.9399999995], [6417555.392, 5671427.063999999], [6417567.609, 5671334.952], [6417588.638, 5671132.589], [6417616.359, 5671001.307], [6417639.463, 5670962.475], [6417644.208, 5670954.477], [6417666.346, 5670922.676999999], [6417702.612, 5670865.625], [6417727.301, 5670823.913000001], [6417743.044, 5670792.57], [6417744.709, 5670788.859999999], [6417758.92, 5670760.6559999995], [6417802.991, 5670645.313999999], [6417846.272, 5670537.370999999], [6417868.421, 5670467.397], [6417888.409, 5670391.578], [6417917.958, 5670307.473999999], [6417951.866, 5670197.625], [6417956.418, 5670177.038000001], [6417971.301, 5670072.691], [6417986.212, 5669964.904999999], [6418086.919, 5669913.4350000005], [6418229.026, 5669840.364], [6418222.039, 5669831.458000001], [6418197.78, 5669786.039000001], [6418182.87, 5669757.927999999], [6418180.066, 5669742.702], [6418174.306, 5669731.950999999], [6418171.391, 5669726.556], [6418123.861, 5669653.1559999995], [6418098.514, 5669613.02], [6418086.734, 5669590.751], [6418074.565, 5669567.7469999995], [6418021.298, 5669475.607000001], [6418020.256, 5669473.799000001], [6417985.768, 5669422.0940000005], [6417961.024, 5669384.711999999], [6417948.312, 5669367.215], [6417943.379, 5669360.424000001], [6417924.464, 5669335.242000001], [6417910.409, 5669310.161], [6417891.13, 5669277.232999999], [6417870.474, 5669244.612], [6417859.167, 5669224.208000001], [6417844.599, 5669188.062999999], [6417833.251, 5669173.41], [6417822.895, 5669156.483999999], [6417822.03, 5669154.424000001], [6417726.438, 5669185.562000001], [6417631.832, 5669216.327], [6417537.356, 5669247.242000001], [6417441.796, 5669278.741], [6417346.643, 5669310.025], [6417261.313, 5669337.9969999995], [6417255.489, 5669315.386], [6417232.613, 5669226.526000001], [6417190.809, 5669065.228], [6417174.446, 5668991.438999999], [6417163.547, 5669003.262], [6416961.798, 5669043.164999999], [6416959.634, 5669035.431], [6416915.434, 5668911.414000001], [6416879.064, 5668809.813999999], [6416826.188, 5668661.392000001], [6416786.915, 5668551.339], [6416785.483, 5668547.866], [6416763.111, 5668489.922], [6416730.819, 5668389.869999999], [6416699.543, 5668292.726], [6416666.436, 5668189.382999999], [6416634.907, 5668091.602], [6416600.666, 5667984.636], [6416581.163, 5667923.877], [6416570.471, 5667891.414000001], [6416541.416, 5667800.728], [6416536.03, 5667783.672], [6416623.074, 5667773.399], [6416695.223, 5667763.696], [6416668.842, 5667607.135], [6416691.942, 5667601.154999999], [6416694.874, 5667613.721000001], [6416845.993, 5667610.855], [6416891.915, 5667609.880999999], [6416961.937, 5667598.823999999], [6416976.894, 5667605.134], [6416982.634, 5667607.515000001], [6417051.508, 5667636.4350000005], [6417081.026, 5667648.4399999995], [6417156.434, 5667684.221000001], [6417193.233, 5667701.288000001], [6417205.346, 5667720.562999999], [6417219.712, 5667720.959000001], [6417238.873, 5667706.825999999], [6417306.314, 5667711.431], [6417318.334, 5667712.135], [6417394.513, 5667716.524], [6417397.935, 5667716.711999999], [6417435.304, 5667718.880000001], [6417440.538, 5667719.147], [6417449.426, 5667875.164000001], [6417474.799, 5667884.328], [6417575.227, 5667927.227], [6417590.195, 5667934.387], [6417608.184, 5667943.27], [6417636.805, 5667959.695], [6417668.772, 5667980.720000001], [6417732.841, 5668013.4350000005], [6417751.909, 5668020.664000001], [6417764.894, 5668023.527000001], [6417874.719, 5668035.764], [6417874.899, 5668033.301000001], [6417873.012, 5668007.052999999], [6417868.4, 5667988.697000001], [6417858.027, 5667962.0309999995], [6417849.132, 5667937.607000001], [6417843.449, 5667922.514], [6417836.363, 5667904.709000001], [6417821.171, 5667864.09], [6417813.714, 5667847.049000001], [6417801.486, 5667831.616], [6417787.743, 5667814.859999999], [6417771.958, 5667797.26], [6417754.351, 5667777.771], [6417736.187, 5667758.598999999], [6417715.922, 5667739.312999999], [6417697.673, 5667722.172], [6417685.464, 5667710.749], [6417660.132, 5667686.854], [6417648.153, 5667670.498], [6417642.501, 5667661.345000001], [6417638.422, 5667649.8440000005], [6417628.045, 5667632.8379999995], [6417616.622, 5667611.965], [6417608.692, 5667594.6899999995], [6417599.383, 5667575.771], [6417593.262, 5667558.304], [6417586.476, 5667538.813999999], [6417578.832, 5667512.863], [6417572.186, 5667494.181], [6417569.196, 5667485.897], [6417568.192, 5667483.078], [6417564.363, 5667472.353], [6417561.095, 5667465.942], [6417556.568, 5667457.075999999], [6417556.92, 5667455.620999999], [6417555.727, 5667440.494999999], [6417555.635, 5667438.726], [6417553.129, 5667413.554], [6417547.667, 5667397.739], [6417543.596, 5667385.297], [6417537.409, 5667365.861], [6417526.441, 5667330.611], [6417525.509, 5667329.702], [6417519.059, 5667311.419], [6417511.688, 5667292.198000001], [6417502.468, 5667268.919], [6417499.352, 5667260.136], [6417493.98, 5667244.99], [6417486.378, 5667222.380999999], [6417485.061, 5667217.707], [6417481.102, 5667203.624], [6417475.541, 5667187.801000001], [6417470.571, 5667174.460999999], [6417467.134, 5667168.971999999], [6417455.871, 5667145.835999999], [6417444.805, 5667120.757999999], [6417440.023, 5667112.446], [6417424.289, 5667085.044], [6417411.354, 5667075.75], [6417400.461, 5667073.081], [6417384.368, 5667067.806], [6417366.003, 5667062.399], [6417344.505, 5667052.52], [6417320.068, 5667042.725], [6417317.215, 5667041.581], [6417320.542, 5667010.829], [6417320.15, 5666995.832], [6417318.05, 5666961.3440000005], [6417319.196, 5666888.5649999995], [6417319.247, 5666863.873], [6417319.371, 5666832.8100000005], [6417318.975, 5666774.332], [6417319.593, 5666720.09], [6417315.716, 5666692.164000001], [6417293.33, 5666603.494999999], [6417292.1, 5666597.710000001], [6417291.714, 5666596.374], [6417267.722, 5666539.263], [6417264.196, 5666517.301999999], [6417254.508, 5666480.323000001], [6417253.021, 5666478.890000001], [6417251.478, 5666472.848999999], [6417237.729, 5666447.426000001], [6417223.861, 5666430.294], [6417217.512, 5666421.261], [6417199.628, 5666375.6280000005], [6417242.6, 5666357.356000001], [6417275.869, 5666349.673], [6417316.558, 5666340.32], [6417350.552, 5666332.139], [6417394.402, 5666319.549000001], [6417430.605, 5666312.961999999], [6417457.846, 5666307.103], [6417485.618, 5666300.884], [6417497.781, 5666298.161], [6417520.368, 5666296.198000001], [6417552.018, 5666290.234999999], [6417578.499, 5666285.244999999], [6417617.956, 5666275.757999999], [6417701.285, 5666260.41], [6417715.882, 5666257.683], [6417797.522, 5666248.106000001], [6417843.797, 5666242.457], [6417900.143, 5666235.055], [6417964.817, 5666226.703], [6417969.469, 5666225.967], [6418051.413, 5666209.986], [6418109.838, 5666190.919], [6418142.654, 5666181.243000001], [6418200.239, 5666159.796], [6418213.237, 5666155.329], [6418267.556, 5666136.642000001], [6418321.82, 5666128.346000001], [6418324.785, 5666127.891000001], [6418327.38, 5666127.489], [6418330.9059, 5666126.6338], [6418334.8121, 5666125.686000001], [6418336.4808, 5666125.2809], [6418338.8158, 5666124.7140999995], [6418342.9825, 5666123.7027], [6418345.857, 5666123.005000001], [6418351.5678, 5666121.5517], [6418352.7827, 5666121.2425], [6418354.5022, 5666120.8049], [6418356.954, 5666120.181], [6418358.5559, 5666119.772], [6418361.6303, 5666118.987], [6418365.5079, 5666117.9969], [6418365.5159, 5666117.9947999995], [6418377.6456, 5666114.897700001], [6418380.8356, 5666114.0832], [6418382.078, 5666113.766000001], [6418385.925, 5666112.679], [6418390.7028, 5666111.4793], [6418398.7097, 5666109.468800001], [6418400.322, 5666109.063999999], [6418404.9507, 5666107.8583], [6418411.6342, 5666106.1173], [6418418.565, 5666104.312000001], [6418420.9448, 5666103.6796], [6418427.7602, 5666101.8685], [6418438.0898, 5666099.123500001], [6418438.163, 5666099.104], [6418442.749, 5666097.575099999], [6418453.6076, 5666093.9552], [6418458.8581, 5666092.2048], [6418471.66, 5666087.937000001], [6418474.642, 5666086.9953000005], [6418479.3158, 5666085.519200001], [6418484.801, 5666083.7870000005], [6418489.6836, 5666082.0866], [6418489.74, 5666082.067], [6418495.0433, 5666080.3245], [6418507.94, 5666076.086999999], [6418510.9562, 5666075.042099999], [6418514.3366, 5666073.870999999], [6418525.528, 5666069.994000001], [6418529.014, 5666068.843599999], [6418532.9821, 5666067.5341], [6418544.4128, 5666063.762], [6418547.422, 5666062.768999999], [6418549.9878, 5666061.9223], [6418560.98, 5666058.295], [6418563.1586, 5666057.571], [6418564.6932, 5666057.061000001], [6418566.7324, 5666056.383199999], [6418569.6748, 5666055.4054000005], [6418579.467, 5666052.151000001], [6418583.4257, 5666050.9848], [6418589.2891, 5666049.2575], [6418604.6, 5666044.7469999995], [6418606.0741, 5666044.214199999], [6418609.7517, 5666042.8848], [6418626.447, 5666036.8499], [6418635.658, 5666033.520400001], [6418642.21, 5666031.152000001], [6418648.8838, 5666033.271400001], [6418650.583, 5666033.811000001], [6418655.302, 5666035.262], [6418675.6596, 5666041.521299999], [6418678.6371, 5666042.436799999], [6418693.114, 5666046.888], [6418693.2167, 5666047.273600001], [6418693.8607, 5666049.6910999995], [6418694.6234, 5666052.554199999], [6418694.6269, 5666052.567399999], [6418698.428, 5666066.836100001], [6418699.4168, 5666070.5483], [6418703.484, 5666085.816], [6418704.0837, 5666088.069], [6418705.3129, 5666092.6866], [6418705.686, 5666094.088300001], [6418707.7601, 5666101.8803], [6418708.3083, 5666103.9397], [6418708.47, 5666104.547], [6418709.8285, 5666107.0714], [6418710.3422, 5666108.026000001], [6418710.8651, 5666108.9976], [6418712.9211, 5666112.8182], [6418713.4085, 5666113.7239], [6418719.437, 5666124.926000001], [6418719.9538, 5666125.997099999], [6418722.7618, 5666131.8166000005], [6418726.1457, 5666138.829399999], [6418728.5873, 5666143.889599999], [6418729.9994, 5666146.816], [6418730.5438, 5666147.9443], [6418732.218, 5666151.414000001], [6418732.4091, 5666151.447899999], [6418734.0493, 5666151.7392], [6418738.2247, 5666152.480599999], [6418770.8728, 5666158.278000001], [6418779.202, 5666159.756999999], [6418791.6793, 5666158.6723], [6418819.027, 5666156.2949], [6418832.1194, 5666155.1567], [6418842.411, 5666154.262], [6418860.805, 5666147.018999999], [6418863.3713, 5666146.153000001], [6418865.108, 5666145.567], [6418868.89, 5666144.021], [6418876.962, 5666140.853], [6418880.0138, 5666139.9746], [6418905.177, 5666132.732000001], [6418914.7006, 5666129.3444], [6418922.5057, 5666126.5681], [6418956.1873, 5666114.587300001], [6418971.7256, 5666109.0602], [6419002.15, 5666098.238], [6419008.4691, 5666096.906400001], [6419018.465, 5666094.800000001], [6419034.272, 5666091.4690000005], [6419051.4375, 5666087.8003], [6419072.457, 5666083.308], [6419075.8482, 5666081.918299999], [6419089.9609, 5666076.135], [6419113.1132, 5666066.647399999], [6419123.051, 5666062.574999999], [6419133.007, 5666057.973999999], [6419145.702, 5666048.505899999], [6419145.832, 5666048.409], [6419149.7569, 5666047.100199999], [6419152.508, 5666046.1829], [6419168.0379, 5666041.0043], [6419179.997, 5666037.0165], [6419180.7925, 5666036.7512], [6419187.2731, 5666034.5901999995], [6419188.4505, 5666034.1976], [6419189.49, 5666033.851], [6419191.2104, 5666033.0963], [6419191.3212, 5666033.047700001], [6419191.6025, 5666032.9243], [6419192.8786, 5666032.364499999], [6419195.141, 5666031.3719999995], [6419214.9899, 5666024.584100001], [6419215.4336, 5666024.432399999], [6419225.757, 5666020.902000001], [6419232.487, 5666022.521], [6419236.6593, 5666021.8806], [6419245.784, 5666020.48], [6419247.031, 5666020.9704], [6419248.7853, 5666021.6602], [6419250.4574, 5666022.3177000005], [6419251.361, 5666022.673], [6419251.815, 5666023.091700001], [6419252.2346, 5666023.478599999], [6419253.4053, 5666024.5581], [6419253.6796, 5666024.811000001], [6419255.3915, 5666026.389699999], [6419255.8152, 5666026.7804000005], [6419257.8118, 5666028.6216], [6419259.1036, 5666029.8127999995], [6419260.6042, 5666031.1965], [6419261.3598, 5666031.893200001], [6419261.777, 5666032.278000001], [6419262.0431, 5666032.634500001], [6419262.0599, 5666032.657], [6419262.268, 5666032.935699999], [6419262.4344, 5666033.158600001], [6419262.7555, 5666033.5888], [6419263.6428, 5666034.7775], [6419264.115, 5666035.41], [6419264.4702, 5666035.888499999], [6419265.2238, 5666036.9037], [6419266.2064, 5666038.227399999], [6419266.5872, 5666038.7404], [6419267.1605, 5666039.512700001], [6419268.9011, 5666041.8575], [6419269.4311, 5666042.5715], [6419270.6137, 5666044.1647], [6419271.1735, 5666044.9187], [6419271.3192, 5666045.1151], [6419271.6464, 5666045.5558], [6419262.4515, 5666052.3816], [6419250.3865, 5666064.6054], [6419240.8615, 5666079.0517], [6419239.4327, 5666090.958000001], [6419240.544, 5666097.466700001], [6419246.1002, 5666105.8805], [6419283.2478, 5666143.3456], [6419304.2028, 5666158.903100001], [6419320.7129, 5666161.760600001], [6419341.6679, 5666152.7118], [6419348.9704, 5666120.9618], [6419359.7654, 5666105.7217], [6419379.9267, 5666078.099199999], [6419388.8167, 5666053.334100001], [6419399.453, 5666035.7128], [6419414.1223, 5666015.118000001], [6419426.2818, 5665987.770199999], [6419438.9818, 5665931.7314], [6419446.1256, 5665914.2688], [6419456.9206, 5665912.9988], [6419470.4144, 5665914.110099999], [6419478.1932, 5665918.237600001], [6419485.1782, 5665926.0164], [6419495.1795, 5665941.573899999], [6419505.022, 5665962.0527], [6419511.0545, 5665982.5315000005], [6419513.1182, 5665995.707800001], [6419515.6583, 5666016.662799999], [6419517.5633, 5666041.269099999], [6419516.2933, 5666062.065400001], [6419515.817, 5666077.464199999], [6419518.992, 5666119.374299999], [6419520.5795, 5666140.0118], [6419525.342, 5666151.4418], [6419531.057, 5666159.855599999], [6419540.1058, 5666165.411800001], [6419551.5358, 5666172.3969], [6419561.2196, 5666188.1131], [6419564.6338, 5666203.4256], [6419562.1721, 5666217.1645], [6419555.4386, 5666226.979699999], [6419542.6458, 5666240.659499999], [6419529.4695, 5666253.8358], [6419501.212, 5666277.1721], [6419485.8132, 5666294.158399999], [6419485.3369, 5666304.159600001], [6419490.2582, 5666322.892200001], [6419493.4332, 5666331.623400001], [6419499.7832, 5666340.6722], [6419501.7435, 5666348.4608], [6419496.4797, 5666371.080399999], [6419482.7969, 5666406.077299999], [6419473.7482, 5666433.2236], [6419472.0019, 5666441.478700001], [6419472.1607, 5666453.702400001], [6419475.6532, 5666466.720000001], [6419478.9869, 5666472.7524999995], [6419483.4319, 5666479.737500001], [6419489.782, 5666485.135], [6419497.5607, 5666489.262499999], [6419505.657, 5666491.961300001], [6419527.4058, 5666499.74], [6419543.7571, 5666504.0263], [6419570.7446, 5666510.6938000005], [6419594.6259, 5666517.8868], [6419618.6872, 5666530.6963], [6419632.816, 5666539.9037999995], [6419639.9598, 5666547.047599999], [6419652.0248, 5666561.9701000005], [6419661.2323, 5666574.511399999], [6419669.9636, 5666580.5439], [6419678.5361, 5666584.9889], [6419686.1561, 5666585.941400001], [6419695.0461, 5666585.6239], [6419705.5369, 5666583.1809], [6419712.6806, 5666580.005899999], [6419716.9876, 5666575.835000001], [6419724.3396, 5666569.378900001], [6419740.9382, 5666554.9234], [6419762.0952, 5666543.0572], [6419770.7137, 5666539.488500001], [6419780.467, 5666537.302100001], [6419785.0708, 5666536.9846], [6419791.897, 5666537.302100001], [6419805.0733, 5666539.2071], [6419817.2971, 5666543.175899999], [6419830.3146, 5666549.8434], [6419866.3509, 5666568.5759], [6419882.0672, 5666574.767200001], [6419908.1023, 5666584.927200001], [6419935.5661, 5666597.4684999995], [6419967.3161, 5666611.914799999], [6419974.3011, 5666617.471000001], [6419990.0174, 5666631.5998], [6419996.5262, 5666635.4098000005], [6420024.1487, 5666650.808599999], [6420047.3263, 5666658.746099999], [6420070.0276, 5666664.3024], [6420096.5389, 5666667.477399999], [6420117.8114, 5666668.747400001], [6420174.644, 5666667.953600001], [6420198.2978, 5666667.0011], [6420208.6166, 5666665.254899999], [6420218.3004, 5666662.0799], [6420235.9217, 5666655.4123], [6420247.9867, 5666649.6973], [6420264.4967, 5666637.632300001], [6420272.4342, 5666630.171], [6420277.8318, 5666621.4398], [6420282.4355, 5666612.0735], [6420288.1505, 5666603.659700001], [6420314.5031, 5666573.6559], [6420324.3456, 5666566.5122], [6420333.8706, 5666563.972200001], [6420344.0306, 5666563.4958999995], [6420378.4795, 5666567.623400001], [6420409.1183, 5666572.862199999], [6420431.3433, 5666576.0372], [6420453.8859, 5666580.9584], [6420472.3009, 5666586.6735], [6420499.4472, 5666604.9297], [6420506.7497, 5666611.755999999], [6420510.8772, 5666622.2335], [6420511.9885, 5666634.6161], [6420511.5122, 5666652.872300001], [6420510.5597, 5666666.048599999], [6420511.1947, 5666697.004899999], [6420512.6235, 5666721.135], [6420515.0047, 5666726.85], [6420519.6085, 5666734.9463], [6420530.086, 5666751.615], [6420535.801, 5666754.154999999], [6420549.2948, 5666756.5363], [6420566.4458, 5666758.452299999], [6420582.4525, 5666758.2589], [6420595.3515, 5666755.638], [6420607.0758, 5666757.9615], [6420618.0866, 5666762.7805], [6420625.2833, 5666768.0722], [6420632.6522, 5666778.3334], [6420638.195, 5666791.778899999], [6420642.64, 5666810.8289], [6420647.5083, 5666836.0173], [6420654.2566, 5666865.8204], [6420654.8427, 5666868.408600001], [6420655.582, 5666872.832], [6420658.5044, 5666890.316500001], [6420663.7961, 5666913.3353], [6420673.0565, 5666930.797800001], [6420685.2274, 5666946.1437], [6420721.2108, 5666977.8938], [6420734.9517, 5666996.5482], [6420737.0858, 5667029.7522], [6420732.7996, 5667063.566], [6420727.7196, 5667091.9823], [6420719.6233, 5667115.477399999], [6420707.5583, 5667136.5912], [6420697.3983, 5667156.4350000005], [6420691.5245, 5667169.611199999], [6420684.0632, 5667192.4713], [6420679.4595, 5667215.172599999], [6420678.507, 5667236.127599999], [6420679.777, 5667251.843900001], [6420684.0632, 5667264.0677000005], [6420697.0808, 5667278.037699999], [6420707.2408, 5667285.6577], [6420726.1321, 5667295.024], [6420734.3871, 5667301.691500001], [6420769.9321, 5667345.2028], [6420779.6722, 5667359.898800001], [6420790.3555, 5667378.243799999], [6420804.7193, 5667394.692600001], [6420819.633, 5667406.2126], [6420832.6535, 5667412.3431], [6420841.3048, 5667416.4164], [6420843.6242, 5667416.875499999], [6420864.7611, 5667421.0592], [6420888.8643, 5667428.1592], [6420904.4087, 5667435.698100001], [6420909.9189, 5667438.3705], [6420919.2836, 5667443.572899999], [6420935.955, 5667452.8344], [6420954.5935, 5667466.770400001], [6420966.9561, 5667482.349400001], [6420969.5964, 5667485.6766], [6420981.1428, 5667494.3376], [6420985.7518, 5667497.7949], [6421003.7885, 5667512.3554], [6421028.5604, 5667524.3696], [6421047.4427, 5667530.412799999], [6421049.9826, 5667531.2257], [6421060.0831, 5667534.4583], [6421083.6063, 5667544.639699999], [6421107.3457, 5667557.6031], [6421129.3579, 5667527.910700001], [6421160.4412, 5667488.5765], [6421252.5164, 5667369.910599999], [6421325.9384, 5667288.947899999], [6421362.8478, 5667252.4354], [6421405.3135, 5667214.3353], [6421453.3355, 5667172.6633], [6421500.5637, 5667140.9133], [6421561.6826, 5667097.6537999995], [6421576.5227, 5667088.210100001], [6421581.3536, 5667085.1359], [6421604.0693, 5667070.680500001], [6421615.2151, 5667063.5877], [6421622.8015, 5667058.76], [6421648.2548, 5667042.175000001], [6421665.3772, 5667031.0184], [6421694.8216, 5667011.832900001], [6421707.4346, 5667003.614399999], [6421710.511, 5667001.6099], [6421732.1279, 5666988.004899999], [6421750.3608, 5666976.5296], [6421767.2643, 5666965.891000001], [6421778.3881, 5666958.594699999], [6421823.2121, 5666934.2916], [6421877.1886, 5666908.352], [6421937.183, 5666882.1119], [6421995.862, 5666856.4471], [6422055.4179, 5666830.398700001], [6422108.4576, 5666812.338500001], [6422149.3372, 5666798.6844999995], [6422212.3446, 5666780.1325], [6422280.1875, 5666760.289999999], [6422366.5148, 5666735.041300001], [6422441.7409, 5666713.2842], [6422513.2626, 5666692.188999999], [6422572.0532, 5666674.424000001], [6422638.7509, 5666654.2697], [6422703.6923, 5666634.6461], [6422741.3123, 5666623.2783], [6422742.3222, 5666622.973099999], [6422742.7483, 5666622.8443], [6422780.4061, 5666611.4651], [6422843.2041, 5666592.8664], [6422926.7986, 5666569.876800001], [6422986.3621, 5666555.051899999], [6422996.389, 5666552.4033], [6422997.5092, 5666552.1074], [6422998.8908, 5666551.7425], [6423120.8788, 5666519.520099999], [6423207.6857, 5666499.809900001], [6423270.1056, 5666483.5714], [6423400.3259, 5666445.594900001], [6423493.062, 5666418.9690000005], [6423601.0097, 5666390.2415], [6423708.4043, 5666361.6612], [6423796.7753, 5666338.1436], [6423869.6195, 5666318.757999999], [6423929.5538, 5666303.1479], [6423971.0833, 5666292.386700001], [6424029.914, 5666277.1423], [6424038.1544, 5666274.9679000005], [6424146.2076, 5666244.822799999], [6424300.498, 5666201.409700001], [6424438.2427, 5666162.918299999], [6424460.0959, 5666156.997300001], [6424473.1447, 5666153.186000001], [6424535.5136, 5666135.7436999995], [6424565.4014, 5666127.218900001], [6424586.1121, 5666121.6865], [6424613.9707, 5666113.6873], [6424625.3967, 5666110.6271], [6424644.7308, 5666105.140799999], [6424681.7966, 5666094.5876], [6424756.6999, 5666072.680500001], [6424786.8077, 5666063.8595], [6424851.6615, 5666044.3895], [6424964.6193, 5666011.3234], [6424999.9303, 5666001.2475000005], [6425069.3962, 5665981.773800001], [6425137.3041, 5665963.017000001], [6425178.6482, 5665951.2894], [6425233.5959, 5665935.987199999], [6425236.2113, 5665935.2588], [6425243.7266, 5665933.108899999], [6425255.2894, 5665929.801000001], [6425272.3802, 5665924.911699999], [6425278.9836, 5665923.022600001], [6425281.0188, 5665922.440400001], [6425287.5938, 5665920.598200001], [6425306.3846, 5665915.3333], [6425345.214, 5665904.4539], [6425353.0122, 5665902.268999999], [6425389.598, 5665892.018300001], [6425418.2321, 5665884.045299999], [6425435.8557, 5665879.1381], [6425456.1372, 5665873.490800001], [6425497.475, 5665861.980599999], [6425553.5006, 5665846.3807], [6425592.3349, 5665835.567500001], [6425601.5123, 5665832.9662], [6425611.7787, 5665830.0561999995], [6425663.8578, 5665815.294199999], [6425667.3378, 5665814.322000001], [6425712.1617, 5665801.799000001], [6425716.6001, 5665800.6328], [6425724.1666, 5665798.5045], [6425733.8685, 5665795.7754999995], [6425734.4207, 5665797.7389], [6425735.7865, 5665802.5943], [6425736.4149, 5665804.828500001], [6425743.6657, 5665830.6065], [6425752.397, 5665847.0107], [6425758.7966, 5665858.150699999], [6425759.5408, 5665859.4461], [6425769.595, 5665874.262800001], [6425783.3533, 5665893.0483], [6425802.1388, 5665918.4483], [6425802.3414, 5665918.8006], [6425809.6924, 5665931.585100001], [6425814.3096, 5665939.615], [6425820.9242, 5665954.6963], [6425827.2742, 5665974.8047], [6425831.6859, 5665997.381999999], [6425831.7722, 5665997.8235], [6425834.418, 5666016.3443], [6425837.3284, 5666036.188100001], [6425842.2523, 5666071.8861], [6425842.6201, 5666074.5528], [6425848.4894, 5666114.0635], [6425853.468, 5666147.5779], [6425854.791, 5666162.923800001], [6425854.791, 5666179.592599999], [6425852.1451, 5666192.821799999], [6425847.8573, 5666204.556700001], [6425847.118, 5666206.5801], [6425834.1183, 5666239.079399999], [6425830.7138, 5666247.590600001], [6425791.0263, 5666347.074200001], [6425784.5785, 5666362.945699999], [6425778.3071, 5666378.3828], [6425766.9491, 5666406.3409], [6425763.5095, 5666421.4222], [6425763.245, 5666436.5035], [6425765.3616, 5666446.557700001], [6425768.5366, 5666455.0243999995], [6425774.6221, 5666465.6077], [6425776.3542, 5666468.0691], [6425779.6491, 5666472.751499999], [6425789.6033, 5666486.352700001], [6425806.145, 5666508.9549], [6425841.0326, 5666556.624600001], [6425860.3463, 5666582.9692], [6425892.4993, 5666626.827], [6425901.3577, 5666638.9102], [6425928.7032, 5666676.058700001], [6425929.4036, 5666677.010199999], [6425945.5432, 5666699.235300001], [6425956.9203, 5666711.1416], [6425972.0016, 5666723.577], [6425982.141, 5666730.014699999], [6425988.6704, 5666734.1603999995], [6426033.6497, 5666763.264599999], [6426049.7893, 5666777.2875], [6426053.3342, 5666780.9723000005], [6426069.8976, 5666798.1896], [6426081.5393, 5666816.445900001], [6426087.4196, 5666828.043], [6426091.0644, 5666835.2314], [6426099.7956, 5666856.1335], [6426114.9406, 5666901.883400001], [6426126.095, 5666935.5787], [6426128.1922, 5666941.5495], [6426130.1349, 5666947.080600001], [6426133.1332, 5666955.617000001], [6426145.8332, 5666995.5692], [6426146.6227, 5666997.8484000005], [6426152.9799, 5667016.1997], [6426155.8551, 5667024.4998], [6426156.6428, 5667026.1634], [6426162.4492, 5667038.426200001], [6426163.8353, 5667041.353499999], [6426157.6299, 5667048.7993], [6426146.9435, 5667061.6219], [6426140.1775, 5667069.7404], [6426139.5592, 5667070.4823], [6426134.5157, 5667076.8048], [6426124.9342, 5667088.8159], [6426113.2662, 5667103.4427000005], [6426109.371, 5667108.3257], [6426098.9307, 5667121.4136], [6426094.6716, 5667126.752800001], [6426078.031, 5667147.6132], [6426069.3018, 5667158.556], [6426067.2293, 5667161.154100001], [6426061.9527, 5667167.7687], [6426052.3351, 5667179.825300001], [6426043.7593, 5667190.5758], [6426041.3311, 5667193.6197999995], [6426023.3303, 5667216.1853], [6426022.2714, 5667217.512800001], [6426021.8085, 5667218.092599999], [6425999.4496, 5667246.0978], [6425994.6722, 5667252.0579], [6425989.237, 5667258.838500001], [6425988.6307, 5667259.594900001], [6425977.8119, 5667273.092], [6425972.6726, 5667279.5035999995], [6425967.1805, 5667286.3552], [6425962.3718, 5667292.3543], [6425948.5555, 5667309.5909], [6425946.556, 5667312.0854], [6425940.2903, 5667320.1161], [6425937.3226, 5667323.9198], [6425927.6489, 5667336.3769000005], [6425917.2601, 5667349.754899999], [6425915.1274, 5667352.5012], [6425903.3736, 5667367.6369], [6425901.3468, 5667370.2468], [6425894.7722, 5667378.7479], [6425886.729, 5667389.148], [6425881.1436, 5667396.822799999], [6425880.3815, 5667397.869999999], [6425872.6548, 5667408.4871], [6425862.5975, 5667422.306600001], [6425861.8628, 5667423.3160999995], [6425853.4764, 5667434.8397], [6425849.1282, 5667440.8144000005], [6425847.847, 5667442.574999999], [6425841.8448, 5667450.8224], [6425838.7136, 5667455.125], [6425835.2682, 5667459.859300001], [6425831.9875, 5667464.3672], [6425828.9755, 5667468.505899999], [6425823.8865, 5667475.4986000005], [6425822.4688, 5667477.446599999], [6425815.9965, 5667486.34], [6425813.1942, 5667490.1906], [6425802.4101, 5667505.0089], [6425801.4054, 5667506.3894], [6425798.3288, 5667510.616900001], [6425797.3278, 5667511.9923], [6425792.5557, 5667518.5496], [6425785.5208, 5667528.216], [6425781.0284, 5667534.6811999995], [6425777.2693, 5667540.0911], [6425774.9529, 5667543.424900001], [6425773.2666, 5667545.8517], [6425766.4154, 5667556.196], [6425765.7574, 5667557.1895], [6425762.8968, 5667561.5086], [6425762.3181, 5667562.382300001], [6425759.5818, 5667566.513800001], [6425752.8902, 5667576.6171], [6425752.8459, 5667576.682600001], [6425750.46, 5667580.2117], [6425749.0981, 5667582.2261], [6425742.9832, 5667591.271], [6425742.3227, 5667592.373299999], [6425741.0679, 5667594.4671], [6425738.2706, 5667598.6906], [6425737.8732, 5667599.2906], [6425736.3829, 5667601.5407], [6425734.8134, 5667603.910499999], [6425732.1743, 5667607.895300001], [6425729.9432, 5667611.263800001], [6425727.5306, 5667614.9065000005], [6425725.3668, 5667618.1735], [6425724.9508, 5667618.8016], [6425723.0218, 5667621.714199999], [6425720.6251, 5667625.303400001], [6425720.3073, 5667625.7501], [6425718.3308, 5667628.528999999], [6425715.7088, 5667632.215], [6425713.5739, 5667635.216499999], [6425712.0679, 5667637.3336], [6425711.214, 5667638.5341], [6425710.5035, 5667639.533], [6425707.6511, 5667643.543], [6425706.9451, 5667644.535599999], [6425705.7466, 5667646.2205], [6425703.7001, 5667649.0976], [6425702.6978, 5667650.5067], [6425700.9361, 5667652.9833], [6425699.1809, 5667655.4509], [6425698.1634, 5667656.8813000005], [6425696.8528, 5667658.7239], [6425695.4493, 5667660.697000001], [6425693.275, 5667663.753699999], [6425692.8821, 5667664.306], [6425690.7808, 5667667.260199999], [6425688.5824, 5667670.3509], [6425686.4935, 5667673.2875], [6425682.5001, 5667678.9015999995], [6425675.2745, 5667689.059800001], [6425665.2683, 5667703.127], [6425655.0154, 5667717.541099999], [6425645.6279, 5667730.738600001], [6425626.7972, 5667757.2118], [6425619.0815, 5667768.0589000005], [6425607.765, 5667783.9683], [6425589.5235, 5667809.6132], [6425578.4399, 5667825.1951], [6425561.6911, 5667848.7415], [6425553.4274, 5667860.691199999], [6425539.1369, 5667881.361199999], [6425527.5336, 5667898.144400001], [6425517.2412, 5667913.031400001], [6425507.0555, 5667927.7641], [6425497.7942, 5667941.1599], [6425490.2216, 5667952.1129], [6425482.4312, 5667963.380999999], [6425474.4971, 5667974.857000001], [6425464.0567, 5667989.9582], [6425459.3204, 5667996.808800001], [6425453.5234, 5668005.193600001], [6425446.0989, 5668015.932499999], [6425436.5297, 5668029.7741], [6425424.4947, 5668047.1899999995], [6425417.1838, 5668057.7695], [6425408.106, 5668070.9059999995], [6425399.4149, 5668083.482799999], [6425389.8276, 5668097.3566], [6425378.6471, 5668113.5359000005], [6425369.4419, 5668126.856799999], [6425359.2965, 5668141.5381000005], [6425344.7465, 5668162.5933], [6425334.2723, 5668177.750499999], [6425322.9065, 5668194.198000001], [6425306.0536, 5668218.443499999], [6425296.5829, 5668231.9254], [6425283.9611, 5668249.893100001], [6425271.7478, 5668267.279200001], [6425263.6767, 5668278.7687], [6425254.5545, 5668291.7546], [6425244.9049, 5668305.4911], [6425238.9754, 5668313.9321], [6425230.4993, 5668325.998199999], [6425220.9513, 5668339.5901], [6425209.6871, 5668355.6251], [6425197.4876, 5668373.000499999], [6425181.1135, 5668396.4975000005], [6425169.523, 5668413.130100001], [6425157.2747, 5668430.706599999], [6425144.5154, 5668449.0164], [6425131.0255, 5668468.374500001], [6425120.2193, 5668483.8816], [6425108.245, 5668501.0649999995], [6425092.5102, 5668523.6446], [6425074.3335, 5668550.5513], [6425062.2275, 5668568.8597], [6425044.9651, 5668594.966], [6425033.2404, 5668612.6976], [6425024.2017, 5668626.367000001], [6425010.6235, 5668646.901699999], [6425002.5207, 5668659.1559], [6424990.5544, 5668677.252800001], [6424981.0098, 5668691.6874], [6424969.3746, 5668708.5546], [6424954.8514, 5668729.2195999995], [6424943.196, 5668745.804099999], [6424907.5486, 5668796.526799999], [6424904.135, 5668801.384], [6424893.9697, 5668815.848200001], [6424833.5799, 5668901.777799999], [6424782.738, 5668974.123400001], [6424674.9882, 5669127.1777], [6424551.2888, 5669302.7873], [6424452.3956, 5669447.4692], [6424407.3505, 5669514.596999999], [6424402.2495, 5669522.1987], [6424391.6962, 5669537.9256], [6424382.8822, 5669550.6844999995], [6424368.835, 5669570.491599999], [6424339.5049, 5669611.847999999], [6424338.3451, 5669613.4833], [6424299.1351, 5669668.771], [6424272.3317, 5669706.5648], [6424265.7422, 5669715.8563], [6424259.1527, 5669725.147700001], [6424255.0021, 5669731.0002], [6424251.1911, 5669737.513699999], [6424246.3296, 5669746.0943], [6424237.0367, 5669762.4967], [6424236.0489, 5669764.2403], [6424227.2382, 5669779.7916], [6424202.7131, 5669823.079600001], [6424202.5186, 5669823.422800001], [6424198.9807, 5669829.667300001], [6424194.4601, 5669798.320699999], [6424190.194, 5669785.522700001], [6424187.9961, 5669778.929], [6424187.1777, 5669776.4739], [6424187.0309, 5669776.026799999], [6424184.355, 5669767.877599999], [6424181.3315, 5669758.669500001], [6424180.1927, 5669755.201300001], [6424173.2202, 5669732.9573], [6424168.7817, 5669718.7973], [6424168.2335, 5669717.0484], [6424163.4665, 5669702.747400001], [6424159.699, 5669691.444800001], [6424159.6361, 5669691.255999999], [6424158.9731, 5669689.267000001], [6424156.0581, 5669679.638900001], [6424150.2418, 5669660.4274], [6424149.0251, 5669656.7226], [6424147.6952, 5669652.6734], [6424146.3846, 5669648.682499999], [6424145.2554, 5669645.2443], [6424140.6874, 5669647.219799999], [6424138.6792, 5669648.210899999], [6424138.5904, 5669648.2546999995], [6424137.9236, 5669648.583799999], [6424135.901, 5669649.582], [6424134.6985, 5669650.1755], [6424129.5246, 5669652.7289], [6424127.0294, 5669653.9603], [6424124.631, 5669655.143999999], [6424097.866, 5669666.448000001], [6424087.662, 5669670.351], [6424087.1607, 5669670.566500001], [6424084.553, 5669671.6877999995], [6424077.564, 5669674.693], [6424073.4348, 5669676.4695], [6424069.8314, 5669678.0198], [6424067.446, 5669679.046], [6424063.9669, 5669680.5375], [6424057.9339, 5669683.1238], [6424056.6867, 5669683.658500001], [6424055.89, 5669684], [6424054.9076, 5669684.4055], [6424054.6477, 5669684.512800001], [6424050.7135, 5669686.136299999], [6424050.3852, 5669686.272399999], [6424049.1169, 5669686.7959], [6424047.4372, 5669687.4893], [6424044.1691, 5669688.838400001], [6424042.5763, 5669689.4958999995], [6424040.4517, 5669690.3729], [6424037.5149, 5669691.585200001], [6424036.2864, 5669692.0923999995], [6424035.42, 5669692.449999999], [6424014.915, 5669701.612], [6424013.1237, 5669702.381899999], [6424012.0045, 5669702.863], [6424010.2424, 5669703.6203000005], [6424009.0063, 5669704.1515999995], [6424007.4961, 5669704.800799999], [6424006.5435, 5669705.210200001], [6424005.7208, 5669705.5638], [6424005.6758, 5669705.5831], [6424001.3842, 5669707.4277], [6423999.2699, 5669708.3365], [6423998.3851, 5669708.7168000005], [6423995.4787, 5669709.966], [6423994.997, 5669710.173], [6423992.9866, 5669711.0370000005], [6423983.5684, 5669715.0845], [6423981.1489, 5669716.124299999], [6423974.213, 5669719.105], [6423971.2322, 5669720.3432], [6423966.9132, 5669722.1373], [6423961.8725, 5669724.2311], [6423956.1774, 5669726.596899999], [6423954.451, 5669727.313999999], [6423953.5253, 5669727.7085], [6423951.3553, 5669728.633300001], [6423943.4263, 5669732.0123], [6423936.1219, 5669735.1252], [6423933.438, 5669736.268999999], [6423926.8647, 5669739.071599999], [6423916.1194, 5669743.652899999], [6423910.842, 5669745.903000001], [6423909.8121, 5669746.3423999995], [6423896.3814, 5669752.071799999], [6423890.068, 5669754.765000001], [6423886.2478, 5669756.393200001], [6423874.517, 5669761.392999999], [6423868.358, 5669764.017999999], [6423846.09, 5669773.380000001], [6423834.83, 5669778.09], [6423831.0292, 5669779.670600001], [6423823.6, 5669782.76], [6423800.99, 5669792.220000001], [6423757.545, 5669810.68], [6423733.218, 5669820.925000001], [6423735.314, 5669825.7412], [6423726.264, 5669829.759], [6423548.288, 5669905.307], [6423494.7533, 5669928.030300001], [6423494.76, 5669928.046], [6423494.6041, 5669928.112600001], [6423494.4262, 5669928.1886], [6423494.2144, 5669928.278999999], [6423494.2094, 5669928.281099999], [6423493.4786, 5669928.5932], [6423492.7925, 5669928.8862], [6423492.2239, 5669929.129000001], [6423491.194, 5669929.5689], [6423490.7867, 5669929.742799999], [6423490.6449, 5669929.803300001], [6423489.5397, 5669930.2753], [6423489.1592, 5669930.4377999995], [6423488.0534, 5669930.91], [6423488.0117, 5669930.9278], [6423487.1481, 5669931.296599999], [6423485.9516, 5669931.807600001], [6423484.7104, 5669932.3376], [6423482.9312, 5669933.0974], [6423481.8091, 5669933.5766], [6423480.4064, 5669934.1756], [6423479.8186, 5669934.4266], [6423477.9571, 5669935.2216], [6423477.2092, 5669935.540999999], [6423474.9475, 5669936.5068], [6423474.221, 5669936.8171], [6423472.4449, 5669937.5755], [6423471.9526, 5669937.785700001], [6423471.767, 5669937.865], [6423469.2926, 5669938.924900001], [6423468.9736, 5669939.0615], [6423466.792, 5669939.995999999], [6423466.2803, 5669940.2147], [6423465.8812, 5669940.385299999], [6423463.8548, 5669941.2513], [6423462.8361, 5669941.6866999995], [6423462.542, 5669941.8124], [6423462.0931, 5669942.0043], [6423457.4771, 5669943.9771], [6423455.5208, 5669944.813200001], [6423454.197, 5669945.379000001], [6423450.0882, 5669947.1362], [6423448.9201, 5669947.6358], [6423448.784, 5669947.694], [6423444.7042, 5669949.4386], [6423443.5824, 5669949.918299999], [6423441.7422, 5669950.7052], [6423437.641, 5669952.459000001], [6423430.9142, 5669955.333000001], [6423429.1523, 5669956.0858], [6423428.438, 5669956.391000001], [6423425.792, 5669957.523], [6423420.16, 5669959.931], [6423420.1464, 5669959.936799999], [6423416.2234, 5669961.608999999], [6423411.564, 5669963.595000001], [6423407.684, 5669965.254899999], [6423404.2229, 5669966.7357], [6423402.808, 5669967.341], [6423397.8199, 5669969.4727], [6423396.3912, 5669970.0833], [6423393.2912, 5669971.4081], [6423386.77, 5669974.195], [6423380.9894, 5669976.658500001], [6423379.815, 5669977.159], [6423375.9509, 5669978.810900001], [6423370.98, 5669980.936000001], [6423367.0356, 5669982.623], [6423364.7602, 5669983.5962000005], [6423361.807, 5669984.859200001], [6423360.8963, 5669985.2487], [6423356.832, 5669986.987], [6423355.191, 5669987.687000001], [6423344.4971, 5669992.2557], [6423339.052, 5669994.582], [6423333.839, 5669996.805], [6423332.5568, 5669997.353399999], [6423322.556, 5670001.630999999], [6423294.828, 5670013.5649999995], [6423285.128, 5670017.722999999], [6423278.7984, 5670020.4339000005], [6423273.4003, 5670022.7458], [6423262.015, 5670027.6219999995], [6423247.8862, 5670033.6732], [6423246.8574, 5670033.251700001], [6423223.6477, 5670023.741900001], [6423216.5547, 5670020.8356], [6423216.148, 5670020.669], [6423193.919, 5670011.557399999], [6423185.0692, 5670007.9299], [6423181.122, 5670006.312000001], [6423163.1304, 5669998.943], [6423155.5681, 5669995.8456999995], [6423133.368, 5669986.7530000005], [6423127.2576, 5669984.293199999], [6423113.572, 5669978.784], [6423107.9952, 5669976.539000001], [6423099.6963, 5669973.1983], [6423098.2195, 5669972.603800001], [6423094.787, 5669971.221999999], [6423085.9446, 5669975.1328], [6423084.192, 5669975.908], [6423081.456, 5669977.118000001], [6423076.7262, 5669979.3871], [6423072.8195, 5669981.261399999], [6423072.5561, 5669981.387800001], [6423045.2392, 5669994.4932], [6423037.2329, 5669998.3343], [6423013.0278, 5670009.946799999], [6423005.9459, 5670013.3444], [6422979.633, 5670025.9682], [6422971.8146, 5670029.7191], [6422948.6365, 5670040.8389], [6422939.6676, 5670045.141799999], [6422916.8207, 5670056.102700001], [6422909.4389, 5670059.644200001], [6422898.663, 5670064.813999999], [6422889.585, 5670069.169], [6422888.1696, 5670069.854699999], [6422882.024, 5670072.832], [6422877.2259, 5670075.1566], [6422854.3837, 5670086.222999999], [6422851.7067, 5670087.5199], [6422850.1722, 5670088.2634], [6422835.9264, 5670095.165100001], [6422831.3073, 5670097.402899999], [6422819.045, 5670103.343699999], [6422816.4007, 5670104.6248], [6422813.4156, 5670106.071], [6422813.2098, 5670106.170700001], [6422810.7333, 5670107.3705], [6422807.3222, 5670109.0231], [6422804.4468, 5670110.416200001], [6422802.1366, 5670111.5353999995], [6422800.5733, 5670112.2928], [6422799.8911, 5670112.623299999], [6422798.548, 5670113.274], [6422796.9373, 5670114.054500001], [6422795.3424, 5670114.827299999], [6422793.4605, 5670115.7392], [6422792.7627, 5670116.077400001], [6422791.8411, 5670116.524], [6422791.581, 5670116.65], [6422790.542, 5670117.259], [6422789.5004, 5670117.7468], [6422788.2807, 5670118.318], [6422785.656, 5670119.5472], [6422785.447, 5670119.645099999], [6422783.929, 5670120.356000001], [6422783.1071, 5670120.7541000005], [6422777.4103, 5670123.513599999], [6422770.4712, 5670126.8747000005], [6422767.4884, 5670128.319499999], [6422755.4331, 5670134.1589], [6422753.932, 5670134.886], [6422753.267, 5670135.2151999995], [6422745.2333, 5670139.1927000005], [6422739.0125, 5670142.272600001], [6422733.847, 5670144.83], [6422733.115, 5670145.1677], [6422729.1237, 5670147.0088], [6422716.5174, 5670152.823799999], [6422714.4062, 5670153.797700001], [6422703.7561, 5670158.7104], [6422702.285, 5670159.389], [6422698.8289, 5670160.935799999], [6422696.934, 5670161.7839], [6422695.9515, 5670162.2236], [6422694.9412, 5670162.675799999], [6422685.9965, 5670166.679099999], [6422685.9304, 5670166.708699999], [6422679.6383, 5670169.524800001], [6422677.3645, 5670170.542400001], [6422674.463, 5670171.841], [6422674.4594, 5670171.842599999], [6422674.0572, 5670172.022600001], [6422673.2724, 5670172.3738], [6422666.7697, 5670175.2842], [6422665.559, 5670175.825999999], [6422662.3824, 5670177.4958999995], [6422659.9565, 5670178.771299999], [6422656.0806, 5670180.8089000005], [6422655.8559, 5670180.926999999], [6422654.0473, 5670181.877800001], [6422649.7816, 5670184.1203000005], [6422640.008, 5670189.258300001], [6422634.7003, 5670192.048599999], [6422624.9462, 5670197.1764], [6422623.533, 5670197.919299999], [6422621.2396, 5670199.135199999], [6422613.9198, 5670203.0162], [6422610.8971, 5670204.618899999], [6422609.4326, 5670205.395400001], [6422607.8135, 5670206.253799999], [6422606.8519, 5670206.763699999], [6422607.8586, 5670208.389799999], [6422608.0112, 5670208.636399999], [6422608.3257, 5670209.1439], [6422608.334, 5670209.158], [6422704.9738, 5670365.247300001], [6422705.0166, 5670365.317], [6422705.5105, 5670366.114600001], [6422705.9953, 5670366.897299999], [6422706.8504, 5670368.2784], [6422708.0594, 5670370.2311], [6422708.3411, 5670370.6862], [6422708.9007, 5670371.5901], [6422711.9778, 5670376.559900001], [6422713.0684, 5670378.3215], [6422716.6431, 5670384.0953], [6422717.3912, 5670385.3035], [6422721.4658, 5670391.8847], [6422722.2914, 5670393.2182], [6422725.065, 5670397.698000001], [6422729.0522, 5670405.244200001], [6422727.278, 5670405.65], [6422717.645, 5670408.898], [6422715.1593, 5670409.9594], [6422700.8459, 5670416.070800001], [6422697.412, 5670417.5370000005], [6422692.4718, 5670419.961100001], [6422685.3749, 5670423.443499999], [6422673.1107, 5670429.4614], [6422667.764, 5670432.085000001], [6422661.9918, 5670434.828299999], [6422659.743, 5670435.897], [6422657.6443, 5670437.015900001], [6422652.7256, 5670439.6382], [6422649.8616, 5670441.471100001], [6422645.048, 5670444.703], [6422638.7084, 5670449.2249], [6422638.146, 5670449.626], [6422635.2162, 5670452.4969], [6422631.676, 5670455.966], [6422630.7893, 5670457.0644000005], [6422626.918, 5670461.859999999], [6422626.5168, 5670462.464400001], [6422626.1345, 5670463.0404], [6422623.5755, 5670466.896199999], [6422623.3033, 5670467.306299999], [6422621.4575, 5670470.087300001], [6422620.35, 5670471.755999999], [6422617.6602, 5670476.487400001], [6422617.5474, 5670476.685799999], [6422616.5697, 5670478.4056], [6422616.5622, 5670478.4188], [6422615.0731, 5670481.0382], [6422613.1131, 5670484.4859], [6422610.8314, 5670488.499500001], [6422610.4027, 5670489.2535], [6422610.212, 5670489.589], [6422609.3085, 5670491.145300001], [6422607.276, 5670494.646600001], [6422603.806, 5670500.624], [6422600.6367, 5670505.541999999], [6422597.9193, 5670509.7588], [6422596.966, 5670511.238], [6422589.4517, 5670522.634], [6422587.92, 5670524.957], [6422583.1933, 5670531.7853999995], [6422576.2304, 5670541.8441], [6422574.7226, 5670544.022399999], [6422572.822, 5670546.767999999], [6422563.3369, 5670560.9011], [6422559.6156, 5670566.445900001], [6422550.911, 5670579.415999999], [6422550.8694, 5670579.482100001], [6422544.8367, 5670589.0678], [6422541.029, 5670595.118000001], [6422538.1679, 5670600.5856], [6422533.385, 5670609.726], [6422533.0904, 5670610.4991], [6422528.7585, 5670621.865900001], [6422528.2768, 5670623.130000001], [6422528.023, 5670623.796], [6422527.5373, 5670625.2761], [6422526.8081, 5670627.4986000005], [6422524.447, 5670634.694], [6422524.1951, 5670635.460999999], [6422523.758, 5670636.791999999], [6422523.7169, 5670636.916999999], [6422523.2359, 5670638.948000001], [6422523.0956, 5670639.6033], [6422521.4958, 5670647.0759], [6422520.5721, 5670651.3905], [6422520.462, 5670651.904999999], [6422520.2028, 5670659.633099999], [6422520.1968, 5670659.8127999995], [6422520.1119, 5670662.3443], [6422520.11, 5670662.4], [6422519.9887, 5670671.837300001], [6422519.96, 5670674.071], [6422520.0362, 5670675.1634], [6422520.2028, 5670677.5495], [6422520.6108, 5670683.3945], [6422520.859, 5670686.9506], [6422521.3234, 5670693.603499999], [6422521.6402, 5670698.1425], [6422521.677, 5670698.67], [6422522.0697, 5670705.5811], [6422522.2807, 5670709.2947], [6422522.361, 5670710.708699999], [6422522.6753, 5670716.24], [6422522.7787, 5670718.0592], [6422522.9508, 5670721.0890999995], [6422522.991, 5670721.7963], [6422523.1224, 5670724.109099999], [6422523.305, 5670727.322000001], [6422523.2634, 5670728.6622], [6422523.0096, 5670736.838300001], [6422522.894, 5670740.562999999], [6422522.8247, 5670741.005100001], [6422522.0662, 5670745.847200001], [6422521.4281, 5670749.920600001], [6422521.321, 5670750.604], [6422520.5587, 5670754.776699999], [6422520.104, 5670757.266000001], [6422517.5346, 5670768.8113], [6422511.8037, 5670792.690099999], [6422521.1199, 5670794.689300001], [6422530.1212, 5670796.620999999], [6422544.3811, 5670798.568299999], [6422553.8946, 5670799.8674], [6422561.2662, 5670800.8741], [6422578.6695, 5670801.5186], [6422596.132, 5670802.1654], [6422599.6215, 5670802.294600001], [6422608.415, 5670802.6203000005], [6422631.5626, 5670812.8325], [6422638.1013, 5670815.7172], [6422649.6938, 5670823.537900001], [6422658.2362, 5670829.301000001], [6422659.4123, 5670831.584000001], [6422662.0058, 5670836.6185], [6422667.232, 5670846.763499999], [6422669.8071, 5670860.783299999], [6422671.5395, 5670870.215299999], [6422671.9945, 5670872.6927000005], [6422671.9945, 5670875.752699999], [6422671.9945, 5670889.886399999], [6422671.9945, 5670897.5636], [6422670.7663, 5670900.3708], [6422664.5862, 5670914.4969999995], [6422654.1783, 5670939.4759], [6422653.9927, 5670939.921399999], [6422652.8348, 5670942.700300001], [6422651.9697, 5670944.7765], [6422651.357, 5670946.2469999995], [6422651.2628, 5670947.205], [6422648.182, 5670978.5263], [6422651.2777, 5670999.3815], [6422658.2362, 5671046.2597], [6422671.4654, 5671121.9307], [6422680.4612, 5671154.210000001], [6422686.7302, 5671172.1423], [6422690.8289, 5671183.8665], [6422695.1853, 5671196.3279], [6422697.9389, 5671204.204299999], [6422700.3064, 5671210.976600001], [6422701.6017, 5671214.6818], [6422703.2154, 5671219.297599999], [6422707.5045, 5671227.637499999], [6422710.1761, 5671232.8323], [6422715.8501, 5671243.865], [6422718.5854, 5671249.183499999], [6422722.2655, 5671256.339299999], [6422724.759, 5671260.878699999], [6422729.0315, 5671268.6569], [6422734.7887, 5671279.138], [6422738.3038, 5671285.5374], [6422741.9956, 5671292.258300001], [6422742.903, 5671293.9102], [6422743.9019, 5671297.239800001], [6422745.207, 5671301.5901999995], [6422749.3292, 5671315.330800001], [6422751.8286, 5671323.6623], [6422752.428, 5671325.6603], [6422756.7643, 5671333.983999999], [6422765.5562, 5671350.860300001], [6422770.3366, 5671360.036499999], [6422779.4799, 5671377.587400001], [6422784.7147, 5671387.636], [6422791.1133, 5671399.918299999], [6422796.1076, 5671409.505100001], [6422798.4656, 5671414.031300001], [6422811.6948, 5671432.552200001], [6422847.6782, 5671498.169], [6422858.2382, 5671519.7404], [6422866.7507, 5671537.1292], [6422869.2991, 5671542.335000001], [6422877.8713, 5671559.8456], [6422881.2801, 5671566.809], [6422889.1731, 5671582.9322999995], [6422892.5164, 5671589.761600001], [6422900.7562, 5671606.5934], [6422909.5908, 5671624.6401], [6422912.3268, 5671629.607100001], [6422920.2216, 5671643.9399], [6422926.5692, 5671655.4638], [6422927.207, 5671664.4033], [6422937.0435, 5671682.373400001], [6422941.2061, 5671689.9779], [6422959.3459, 5671729.9826], [6422967.5608, 5671739.197000001], [6422987.2318, 5671777.630999999], [6423009.2766, 5671820.5086], [6423021.6076, 5671844.018300001], [6423033.2058, 5671862.1614], [6423039.4082, 5671876.057499999], [6423059.2834, 5671917.6543000005], [6423070.1389, 5671939.729699999], [6423106.1002, 5672014.577400001], [6423115.3228, 5672036.4975000005], [6423122.6409, 5672050.035], [6423148.3932, 5672085.645400001], [6423163.7091, 5672101.101399999], [6423186.0888, 5672119.804199999], [6423217.2335, 5672138.542099999], [6423264.7821, 5672161.390000001], [6423296.7416, 5672189.956800001], [6423313.5944, 5672217.3061], [6423317.9837, 5672245.926100001], [6423313.5567, 5672293.277000001], [6423307.1733, 5672320.9191], [6423299.9865, 5672345.9638], [6423280.6527, 5672406.2378], [6423273.621, 5672437.249], [6423265.0929, 5672472.044600001], [6423255.8447, 5672533.049799999], [6423253.3695, 5672563.6589], [6423232.6255, 5672642.7863], [6423212.3585, 5672690.149700001], [6423203.6726, 5672722.021], [6423189.5001, 5672746.220000001], [6423185.329, 5672757.355]]]}, "properties": {"OBJECTID": 39, "NROSIEDLA": 34, "NAZWAOSIEDLA": "Leśnica", "SHAPE.AREA": 41001009.1275678, "SHAPE.LEN": 37881.166156541505, "DATA": 1453334400000}}, {"type": "Feature", "id": 40, "geometry": {"type": "Polygon", "coordinates": [[[6431657.8275, 5663352.2938], [6431645.8796, 5663357.084000001], [6431646.456, 5663357.936000001], [6431647.1686, 5663358.988500001], [6431647.632, 5663359.673], [6431650.0161, 5663362.5383], [6431651.3763, 5663364.1731], [6431652.0305, 5663364.9593], [6431651.1202, 5663365.176899999], [6431640.3066, 5663367.761299999], [6431630.529, 5663369.5593], [6431620.374, 5663371.4267], [6431611.8761, 5663372.989399999], [6431605.1552, 5663374.225400001], [6431591.7815, 5663376.232999999], [6431586.949, 5663376.829299999], [6431584.8915, 5663377.0831], [6431576.5394, 5663377.953199999], [6431567.6196, 5663378.8825], [6431559.328, 5663379.746300001], [6431545.0834, 5663380.437899999], [6431513.1873, 5663381.132999999], [6431476.4593, 5663379.956900001], [6431435.5342, 5663376.040100001], [6431398.2325, 5663372.4701000005], [6431371.5974, 5663369.9209], [6431344.831, 5663366.7148], [6431300.9445, 5663361.089], [6431256.602, 5663355.4048], [6431218.4293, 5663350.511499999], [6431183.6725, 5663346.0561], [6431156.5278, 5663343.3551], [6431130.8659, 5663340.946599999], [6431100.098, 5663338.0589000005], [6431079.3768, 5663336.1141], [6431060.926, 5663334.4582], [6431036.7016, 5663333.2382], [6431005.9683, 5663332.6654], [6430986.1442, 5663333.013800001], [6430959.712, 5663333.4782], [6430935.6143, 5663334.250600001], [6430916.0679, 5663336.1424], [6430974.8739, 5662934.012700001], [6430956.847, 5662922.355], [6430940.429, 5662910.272], [6430918.517, 5662894.645], [6430887.831, 5662869.603], [6430860.985, 5662846.206], [6430829.748, 5662818.731000001], [6430799.858, 5662790.109999999], [6430791.615, 5662782.49], [6430781.321, 5662772.273], [6430768.656, 5662758.0659], [6430679.499, 5662658.052999999], [6430668.176, 5662644.518999999], [6430659.294, 5662632.8149999995], [6430651.5326, 5662622.0001], [6430591.505, 5662538.357000001], [6430579.277, 5662518.853], [6430573.167, 5662505.687000001], [6430568.0839, 5662494.7168000005], [6430567.407, 5662493.255999999], [6430560.269, 5662475.211999999], [6430548.342, 5662438.977], [6430539.626, 5662402.903000001], [6430535.359, 5662365.055], [6430528.999, 5662295.544], [6430517.267, 5662265.636], [6430488.087, 5662186.886], [6430483.5451, 5662173.7367], [6430473.172, 5662143.705], [6430464.298, 5662122.843], [6430444.7308, 5662078.5145], [6430428.1518, 5662040.955499999], [6430394.4796, 5661964.672800001], [6430389.8017, 5661954.075300001], [6430388.043, 5661950.091], [6430377.498, 5661933.138], [6430376.8559, 5661931.6822999995], [6430369.8923, 5661915.895099999], [6430573.7172, 5661817.693700001], [6430770.0013, 5661728.828299999], [6430955.5579, 5661659.5845], [6431034.3063, 5661623.3046], [6431111.906, 5661603.618000001], [6431118.8517, 5661609.3047], [6431131.249, 5661619.455], [6431137.5523, 5661618.770199999], [6431152.373, 5661617.16], [6431162.33, 5661616.018999999], [6431167.8339, 5661614.516899999], [6431170.3893, 5661613.819499999], [6431175.7714, 5661612.3507], [6431187.21, 5661609.229], [6431187.8981, 5661608.1756], [6431189.3042, 5661606.0233], [6431190.6291, 5661603.9953000005], [6431193.001, 5661600.364499999], [6431195.1919, 5661597.0109], [6431197.5334, 5661593.4266], [6431198.3125, 5661592.234099999], [6431199.0945, 5661591.0371], [6431200.4703, 5661588.931], [6431203.291, 5661584.613299999], [6431203.6435, 5661584.0737], [6431204.2509, 5661583.143999999], [6431204.8545, 5661582.220000001], [6431211.079, 5661572.692], [6431325.1859, 5661543.728499999], [6431364.56, 5661533.211999999], [6431392.422, 5661525.947799999], [6431414.8697, 5661519.924699999], [6431442.2291, 5661512.058], [6431472.4788, 5661502.632999999], [6431510.549, 5661490.4465], [6431553.0574, 5661476.264799999], [6431554.5756, 5661475.863399999], [6431563.0525, 5661473.622400001], [6431563.5338, 5661473.495200001], [6431568.3023, 5661472.2346], [6431580.4202, 5661469.0309999995], [6431590.0433, 5661466.487], [6431594.43, 5661465.327299999], [6431597.548, 5661464.5030000005], [6431617.9133, 5661459.102], [6431622.2113, 5661457.962200001], [6431641.9905, 5661452.716600001], [6431650.722, 5661450.401000001], [6431650.7252, 5661450.399800001], [6431652.44, 5661449.9465], [6431653.0303, 5661449.7905], [6431662.7578, 5661447.217599999], [6431684.7768, 5661441.414000001], [6431686.5896, 5661440.4015999995], [6431690.675, 5661447.328199999], [6431696.344, 5661456.737500001], [6431710.0175, 5661481.6591], [6431716.2123, 5661493.5922], [6431719.9318, 5661501.2062], [6431722.4635, 5661506.123299999], [6431725.2011, 5661512.5911], [6431730.845, 5661524.964400001], [6431737.4085, 5661540.161699999], [6431769.3858, 5661612.3913], [6431823.5522, 5661734.8577], [6431829.9239, 5661749.0811], [6431838.8736, 5661769.282500001], [6431847.7513, 5661789.5975], [6431856.6975, 5661810.1547], [6431861.8986, 5661822.240900001], [6431865.2343, 5661830.417300001], [6431873.0246, 5661849.4428], [6431878.7788, 5661863.790899999], [6431886.323, 5661882.3891], [6431893.5242, 5661900.9333999995], [6431900.5494, 5661919.7597], [6431908.8363, 5661943.095899999], [6431912.8367, 5661954.7597], [6431918.5845, 5661971.495100001], [6431922.7705, 5661983.927999999], [6431929.0839, 5662003.5056], [6431936.0466, 5662025.446599999], [6431942.4506, 5662046.485400001], [6431948.5541, 5662066.5975], [6431953.609, 5662082.906099999], [6431959.2567, 5662101.488399999], [6431965.4751, 5662123.334799999], [6431969.3171, 5662136.7436], [6431974.9505, 5662156.522600001], [6431979.247, 5662171.397600001], [6431984.6385, 5662189.4714], [6431989.7042, 5662205.4233], [6431994.6123, 5662221.6226], [6431998.0864, 5662232.9845], [6432004.8066, 5662254.9091], [6432012.3552, 5662279.837300001], [6432020.7883, 5662307.3694], [6432028.0516, 5662331.057600001], [6432035.9596, 5662356.368000001], [6432043.7741, 5662382.1833], [6432051.5219, 5662407.7543], [6432059.0835, 5662432.3628], [6432067.7511, 5662460.8114], [6432072.8192, 5662477.0385], [6432077.9333, 5662493.6434], [6432084.6798, 5662515.801999999], [6432090.6474, 5662535.2951], [6432097.0659, 5662555.769200001], [6432103.5253, 5662576.257200001], [6432109.5645, 5662595.5965], [6432111.4332, 5662601.753799999], [6432112.4521, 5662604.785], [6432112.7335, 5662605.5451], [6432118.3167, 5662628.855], [6432118.1169, 5662640.118000001], [6432119.2854, 5662648.6873], [6432119.5772, 5662650.8267], [6432119.7044, 5662651.7597], [6432125.4203, 5662667.7378], [6432127.4422, 5662673.389599999], [6432133.063, 5662689.102], [6432136.403, 5662698.506999999], [6432142.0605, 5662714.436799999], [6432145.2113, 5662723.308599999], [6432151.2326, 5662740.262700001], [6432156.6722, 5662755.579600001], [6432159.47, 5662763.457699999], [6432170.062, 5662793.2828], [6432172.4664, 5662800.052999999], [6432178.188, 5662816.164000001], [6432179.7143, 5662820.461200001], [6432181.0543, 5662824.234300001], [6432181.164, 5662824.543], [6432184.931, 5662835.152000001], [6432187.328, 5662841.569399999], [6432192.4109, 5662855.1774], [6432203.5851, 5662885.0934], [6432207.966, 5662896.8221], [6432221.3247, 5662932.586200001], [6432222.4819, 5662935.6844], [6432224.7422, 5662942.1175999995], [6432224.833, 5662942.3758000005], [6432225.2336, 5662943.516100001], [6432227.3933, 5662948.555400001], [6432228.1259, 5662950.264900001], [6432231.2782, 5662957.620200001], [6432231.5836, 5662958.332800001], [6432234.781, 5662965.0978], [6432245.0089, 5662969.7464000005], [6432248.8596, 5662971.4965], [6432249.8835, 5662971.9618999995], [6432251.7772, 5662977.8301], [6432252.5681, 5662980.2807], [6432254.4886, 5662986.232100001], [6432254.9687, 5662987.719699999], [6432257.3707, 5662994.215399999], [6432262.8568, 5663009.050899999], [6432266.24, 5663018.1998], [6432267.4618, 5663020.9572], [6432271.9009, 5663030.975], [6432277.9875, 5663044.711100001], [6432278.9248, 5663046.886399999], [6432282.2881, 5663054.6917], [6432285.8223, 5663062.8938], [6432286.4013, 5663064.237400001], [6432287.7664, 5663068.803200001], [6432287.7918, 5663068.8884], [6432289.1637, 5663073.4771], [6432290.9409, 5663079.4213], [6432291.0051, 5663079.6362], [6432292.3169, 5663084.2108], [6432294.3752, 5663091.3884], [6432294.825, 5663092.956900001], [6432296.1619, 5663097.618799999], [6432296.534, 5663098.9165], [6432294.5619, 5663099.5791], [6432294.2577, 5663099.681299999], [6432205.1444, 5663129.620100001], [6432103.2671, 5663176.234999999], [6431937.2392, 5663248.2666], [6431918.8036, 5663256.264900001], [6431657.8275, 5663352.2938]]]}, "properties": {"OBJECTID": 40, "NROSIEDLA": 13, "NAZWAOSIEDLA": "Powstańców Śląskich", "SHAPE.AREA": 2373976.97876588, "SHAPE.LEN": 6279.1868001408, "DATA": 1453334400000}}, {"type": "Feature", "id": 41, "geometry": {"type": "Polygon", "coordinates": [[[6430376.8559, 5661931.6822999995], [6430377.498, 5661933.138], [6430388.043, 5661950.091], [6430389.8017, 5661954.075300001], [6430394.4796, 5661964.672800001], [6430428.1518, 5662040.955499999], [6430444.7308, 5662078.5145], [6430464.298, 5662122.843], [6430473.172, 5662143.705], [6430483.5451, 5662173.7367], [6430488.087, 5662186.886], [6430517.267, 5662265.636], [6430528.999, 5662295.544], [6430535.359, 5662365.055], [6430539.626, 5662402.903000001], [6430548.342, 5662438.977], [6430560.269, 5662475.211999999], [6430567.407, 5662493.255999999], [6430568.0839, 5662494.7168000005], [6430573.167, 5662505.687000001], [6430579.277, 5662518.853], [6430591.505, 5662538.357000001], [6430651.5326, 5662622.0001], [6430659.294, 5662632.8149999995], [6430668.176, 5662644.518999999], [6430679.499, 5662658.052999999], [6430768.656, 5662758.0659], [6430781.321, 5662772.273], [6430791.615, 5662782.49], [6430799.858, 5662790.109999999], [6430829.748, 5662818.731000001], [6430860.985, 5662846.206], [6430887.831, 5662869.603], [6430918.517, 5662894.645], [6430940.429, 5662910.272], [6430956.847, 5662922.355], [6430974.8739, 5662934.012700001], [6430916.0679, 5663336.1424], [6430902.9229, 5663337.373199999], [6430883.2188, 5663340.669500001], [6430862.9069, 5663344.578299999], [6430842.2559, 5663349.109300001], [6430823.5527, 5663353.608899999], [6430802.9989, 5663358.5538], [6430785.5778, 5663362.744899999], [6430764.6371, 5663369.577400001], [6430735.0865, 5663379.3747000005], [6430714.9508, 5663386.7859000005], [6430682.0875, 5663399.7939], [6430654.4118, 5663410.952], [6430620.2941, 5663425.292300001], [6430593.4011, 5663436.764900001], [6430553.6649, 5663453.716499999], [6430496.3036, 5663478.7739], [6430456.7085, 5663498.022299999], [6430416.325, 5663517.2293], [6430384.2855, 5663539.9353], [6430368.495, 5663549.9332], [6430341.6974, 5663570.7128], [6430311.9339, 5663594.3639], [6430286.8261, 5663618.5572], [6430269.8701, 5663634.8956], [6430246.2553, 5663657.6503], [6430229.6427, 5663673.6578], [6430219.5047, 5663685.3989], [6430193.0296, 5663720.9888], [6430180.1255, 5663738.3357], [6430175.3351, 5663736.359999999], [6430153.8148, 5663727.939200001], [6430120.5086, 5663713.7469999995], [6430064.6164, 5663690.695], [6429911.3707, 5663627.492699999], [6429795.5784, 5663579.736400001], [6429744.2388, 5663558.562000001], [6429694.7227, 5663538.139599999], [6429677.2512, 5663530.933700001], [6429664.4357, 5663525.6481], [6429602.4402, 5663500.079299999], [6429572.6804, 5663487.806700001], [6429543.6498, 5663475.7389], [6429545.2942, 5663442.468900001], [6429545.3621, 5663441.0944], [6429549.8636, 5663350.033], [6429552.8363, 5663289.9219], [6429553.1746, 5663283.081499999], [6429554.0812, 5663264.748500001], [6429554.6511, 5663253.2226], [6429554.9778, 5663246.6173], [6429555.2185, 5663241.7502999995], [6429555.8615, 5663236.0166], [6429557.6326, 5663223.843800001], [6429559.2588, 5663212.6667], [6429561.4336, 5663197.720000001], [6429562.1068, 5663193.0934], [6429567.9244, 5663153.1087], [6429573.4894, 5663114.7677], [6429578.4971, 5663076.230900001], [6429583.4164, 5663038.3741999995], [6429588.2576, 5663001.118000001], [6429598.0447, 5662925.8007], [6429602.8571, 5662888.7667], [6429607.2883, 5662854.6657], [6429610.6849, 5662828.5273], [6429612.5192, 5662801.5385], [6429615.121, 5662759.599400001], [6429618.7547, 5662701.0253], [6429622.7149, 5662637.1888999995], [6429627.2538, 5662564.209899999], [6429635.5404, 5662431.6885], [6429642.0249, 5662333.0984000005], [6429654.0961, 5662183.115700001], [6429657.1774, 5662144.8298], [6429657.8256, 5662136.9647], [6430022.1466, 5662081.953600001], [6430335.1093, 5661932.6533], [6430368.4595, 5661916.5854], [6430369.8923, 5661915.895099999], [6430376.8559, 5661931.6822999995]]]}, "properties": {"OBJECTID": 41, "NROSIEDLA": 26, "NAZWAOSIEDLA": "Gajowice", "SHAPE.AREA": 1706240.12662656, "SHAPE.LEN": 5272.90537097682, "DATA": 1453334400000}}, {"type": "Feature", "id": 42, "geometry": {"type": "Polygon", "coordinates": [[[6430280.719, 5666720.627], [6430270.4384, 5666723.088300001], [6430262.4371, 5666725.003900001], [6430250.3962, 5666727.886600001], [6430245.0384, 5666729.169299999], [6430240.4231, 5666730.2742], [6430239.1514, 5666730.5787], [6430222.2709, 5666734.620100001], [6430205.931, 5666738.532], [6430200.1667, 5666740.7733], [6430198.1684, 5666741.5503], [6430186.1328, 5666746.2301], [6430174.079, 5666750.916999999], [6430172.7277, 5666751.013699999], [6430169.2307, 5666751.264], [6430166.3018, 5666751.4736], [6430161.489, 5666751.818], [6430154.9784, 5666708.8529], [6430144.4324, 5666643.4759], [6430108.8534, 5666380.045399999], [6430066.8091, 5666077.681600001], [6430053.1594, 5665987.103399999], [6430041.0163, 5665926.7546], [6430032.6278, 5665893.7546999995], [6430010.2823, 5665839.236199999], [6429984.6508, 5665796.171800001], [6429948.7757, 5665755.513800001], [6429885.3863, 5665704.9154], [6429830.027, 5665657.644200001], [6429789.4214, 5665603.3463], [6429735.6183, 5665506.8255], [6429734.0427, 5665503.767200001], [6429732.4808, 5665500.7356], [6429727.1184, 5665490.3269], [6429726.1391, 5665488.426000001], [6429713.5457, 5665463.981799999], [6429658.6799, 5665363.057700001], [6429636.4999, 5665322.2344], [6429601.7935, 5665283.8451000005], [6429434.9881, 5665176.2829], [6429127.036, 5665006.5055], [6429114.656, 5664997.418400001], [6429114.4748, 5664997.2853999995], [6429089.8685, 5664984.320800001], [6429077.5212, 5664980.453], [6429045.9476, 5664970.5624], [6429023.8128, 5664965.519400001], [6428987.4787, 5664960.9997000005], [6428964.9976, 5664960.3574], [6428955.8073, 5664960.094799999], [6428951.7557, 5664959.979], [6428945.1334, 5664960.1669], [6428944.1762, 5664960.194], [6428942.737, 5664960.2349], [6428931.3994, 5664960.556500001], [6428917.7427, 5664960.944], [6428914.4494, 5664961.0374], [6428908.116, 5664961.0374], [6428900.8369, 5664961.0374], [6428899.7637, 5664961.0374], [6428898.5106, 5664957.7268], [6428898.3587, 5664957.3256], [6428897.798, 5664955.8440000005], [6428896.5972, 5664952.673699999], [6428896.5798, 5664952.626], [6428896.5758, 5664952.6153], [6428896.5737, 5664952.6098], [6428896.5706, 5664952.601399999], [6428896.5342, 5664952.5034], [6428896.5226, 5664952.4723000005], [6428896.4962, 5664952.401799999], [6428896.4674, 5664952.3248], [6428896.4649, 5664952.3181], [6428896.4222, 5664952.203400001], [6428896.4186, 5664952.193399999], [6428896.4146, 5664952.1828000005], [6428896.3619, 5664952.0469], [6428896.3599, 5664952.0417], [6428896.3039, 5664951.8935], [6428896.3021, 5664951.888900001], [6428896.2679, 5664951.7984], [6428896.2474, 5664951.7444], [6428896.2122, 5664951.6514], [6428896.1957, 5664951.6077], [6428896.0737, 5664951.2853], [6428896.008, 5664951.1117], [6428895.9804, 5664951.038899999], [6428895.967, 5664951.0033], [6428895.7772, 5664950.501700001], [6428895.7697, 5664950.482000001], [6428895.5531, 5664949.909600001], [6428895.5424, 5664949.8814], [6428895.3254, 5664949.3079], [6428895.3191, 5664949.2914], [6428895.0991, 5664948.710000001], [6428895.0914, 5664948.6894000005], [6428894.8907, 5664948.1592], [6428894.8741, 5664948.1153], [6428894.6609, 5664947.551999999], [6428894.6538, 5664947.5331999995], [6428894.6417, 5664947.5013], [6428894.4446, 5664946.9802], [6428894.3527, 5664946.737400001], [6428894.0701, 5664945.990800001], [6428893.6364, 5664944.8445999995], [6428893.5539, 5664944.626599999], [6428893.4308, 5664944.3013], [6428892.325, 5664941.3791000005], [6428892.2173, 5664941.0945999995], [6428892.1143, 5664940.8224], [6428891.9135, 5664940.2916], [6428891.1486, 5664938.270199999], [6428891.0549, 5664938.022700001], [6428889.9291, 5664935.0474], [6428889.9137, 5664935.0068], [6428889.8294, 5664934.7842], [6428889.7388, 5664934.5449], [6428888.6474, 5664931.660700001], [6428888.5649, 5664931.442500001], [6428887.8421, 5664929.5326000005], [6428887.5041, 5664928.6393], [6428887.3608, 5664928.2607], [6428887.3003, 5664928.1008], [6428886.1577, 5664925.0814], [6428886.0808, 5664924.8782], [6428885.8222, 5664924.194800001], [6428885.2573, 5664922.702099999], [6428884.901, 5664921.760500001], [6428884.8283, 5664921.568299999], [6428884.5945, 5664920.9504], [6428883.681, 5664918.536499999], [6428883.5638, 5664918.226600001], [6428883.5329, 5664918.145099999], [6428883.1788, 5664917.2093], [6428882.8532, 5664916.348999999], [6428882.4664, 5664915.3268], [6428882.4351, 5664915.243799999], [6428882.3923, 5664915.130899999], [6428881.6003, 5664913.038000001], [6428881.912, 5664912.943299999], [6429063.6026, 5664857.744999999], [6429101.1464, 5664845.829600001], [6429115.4064, 5664841.3039], [6429130.3142, 5664835.871200001], [6429173.9705, 5664817.6149], [6429237.8676, 5664789.8336], [6429301.7646, 5664754.511600001], [6429372.8053, 5664710.4584], [6429428.7648, 5664663.2302], [6429504.1712, 5664593.776900001], [6429563.3057, 5664521.148700001], [6429657.3653, 5664413.9922], [6429770.078, 5664264.766899999], [6429828.4187, 5664188.9636], [6429893.7485, 5664123.3517], [6429921.8167, 5664080.4461], [6429943.621, 5664050.353499999], [6429970.9735, 5664012.2183], [6429995.6615, 5663979.938200001], [6430019.0047, 5663949.500399999], [6430039.2224, 5663923.1381], [6430060.7957, 5663895.008199999], [6430076.7977, 5663874.1428], [6430095.4345, 5663849.8419], [6430113.13, 5663826.768300001], [6430131.7668, 5663802.4673], [6430146.5258, 5663783.2227], [6430165.1352, 5663758.4881], [6430180.1255, 5663738.3357], [6430190.4749, 5663742.6041], [6430195.9568, 5663744.858899999], [6430195.9446, 5663744.8748], [6430404.2318, 5663830.467599999], [6430735.185, 5663959.328199999], [6430737.0519, 5663960.0836], [6430777.2851, 5663975.5757], [6430822.8686, 5663993.1280000005], [6430858.2284, 5664007.4936], [6430901.9013, 5664026.1237], [6430942.4572, 5664043.4241], [6430979.0383, 5664058.4968], [6431009.349, 5664065.9297], [6431014.741, 5664067.3037], [6431022.0387, 5664069.1633], [6431028.6968, 5664070.8599], [6431039.1169, 5664073.5152], [6431058.9956, 5664078.580600001], [6431073.7219, 5664082.3332], [6431086.907, 5664085.693], [6431104.2673, 5664090.116800001], [6431109.26, 5664091.329700001], [6431121.197, 5664093.790200001], [6431126.5753, 5664094.898800001], [6431135.314, 5664096.700099999], [6431144.2149, 5664098.5349], [6431153.7194, 5664100.494000001], [6431165.6293, 5664102.948899999], [6431173.9176, 5664104.657400001], [6431182.6177, 5664105.8956], [6431190.1406, 5664106.8651], [6431195.8045, 5664107.5951000005], [6431203.5398, 5664108.592], [6431210.2322, 5664109.5065], [6431466.467, 5664128.478], [6431472.19, 5664128.639], [6431509.2871, 5664120.409499999], [6431536.3291, 5664307.9439], [6431524.6175, 5664430.057499999], [6431524.5146, 5664431.130899999], [6431576.1202, 5664549.339299999], [6431663.2589, 5664718.4793], [6431663.5961, 5664730.175799999], [6431649.249, 5664736.333000001], [6431654.871, 5664749.433], [6431657.2073, 5664756.384], [6431658.458, 5664760.105], [6431658.5439, 5664760.361199999], [6431658.622, 5664760.5940000005], [6431660.4981, 5664769.8291], [6431660.622, 5664770.438999999], [6431660.8593, 5664771.785499999], [6431661.5207, 5664775.5372], [6431662.3042, 5664779.9822], [6431663.2557, 5664785.3796999995], [6431663.5619, 5664787.117000001], [6431664.459, 5664792.206], [6431664.6339, 5664793.1982], [6431665.5656, 5664798.484099999], [6431665.814, 5664799.892999999], [6431666.9176, 5664806.3565], [6431668.7392, 5664817.0243999995], [6431666.2415, 5664818.2267], [6431662.0099, 5664820.263800001], [6431660.894, 5664820.801000001], [6431655.781, 5664821.561000001], [6431624.9517, 5664826.143200001], [6431616.967, 5664827.33], [6431615.4315, 5664827.909399999], [6431614.5386, 5664828.246300001], [6431588.2698, 5664838.1581], [6431562.21, 5664847.991], [6431533.8338, 5664863.334000001], [6431523.982, 5664868.660800001], [6431463.841, 5664901.179], [6431459.3171, 5664904.7707], [6431442.0475, 5664918.4816], [6431375.3366, 5664971.445800001], [6431371.2321, 5664974.704500001], [6431332.096, 5665005.776000001], [6431320.111, 5665023.0396], [6431308.8873, 5665039.206599999], [6431280.985, 5665079.398], [6431280.6929, 5665080.0309999995], [6431273.7226, 5665095.136399999], [6431256.5924, 5665132.2599], [6431251.749, 5665142.755999999], [6431250.2176, 5665149.058499999], [6431244.3939, 5665173.025699999], [6431241.269, 5665185.886], [6431239.1808, 5665194.5363], [6431238.5405, 5665197.1887], [6431237.3265, 5665202.217800001], [6431227.5038, 5665242.9088], [6431226.984, 5665245.062000001], [6431226.6994, 5665258.4604], [6431226.0754, 5665287.835200001], [6431226.0619, 5665288.4702], [6431225.8789, 5665297.0824], [6431225.7464, 5665303.3193], [6431225.709, 5665305.081], [6431228.3355, 5665314.148], [6431230.137, 5665320.3672], [6431234.9268, 5665336.9022], [6431235.8955, 5665340.2464000005], [6431238.2646, 5665348.424900001], [6431239.1129, 5665351.353499999], [6431239.277, 5665351.92], [6431239.6314, 5665352.454], [6431239.633, 5665352.4596], [6431293.6187, 5665433.8125], [6431369.7957, 5665530.8983], [6431404.097, 5665568.3157], [6431404.5445, 5665569.1842], [6431404.8211, 5665569.7213], [6431405.0256, 5665570.118000001], [6431405.2383, 5665570.5309999995], [6431405.868, 5665571.7532], [6431406.3385, 5665572.666300001], [6431406.8418, 5665573.643100001], [6431408.9643, 5665577.762599999], [6431409.7335, 5665579.2557], [6431411.5611, 5665582.802999999], [6431414.9419, 5665589.364700001], [6431420.3951, 5665599.948899999], [6431423.53, 5665606.033399999], [6431430.4325, 5665619.430500001], [6431435.0831, 5665628.456900001], [6431441.1767, 5665640.2839], [6431444.4892, 5665646.713199999], [6431449.6332, 5665656.6973], [6431453.066, 5665663.359999999], [6431455.1698, 5665669.268999999], [6431458.9115, 5665679.7783], [6431461.2458, 5665686.3346], [6431466.2048, 5665700.2629], [6431466.2137, 5665700.288000001], [6431469.3707, 5665709.154999999], [6431469.9123, 5665710.6764], [6431473.916, 5665721.921499999], [6431475.1217, 5665725.3078000005], [6431476.8362, 5665730.123299999], [6431477.2739, 5665731.352700001], [6431478.1927, 5665733.9333], [6431478.947, 5665736.051999999], [6431479.1205, 5665740.3204], [6431479.2556, 5665743.6435], [6431479.6154, 5665752.4965], [6431480.1985, 5665766.8421], [6431480.2768, 5665768.7684], [6431480.3264, 5665769.9911], [6431480.369, 5665771.038000001], [6431479.8925, 5665772.578400001], [6431479.5124, 5665773.8072], [6431478.0428, 5665778.558], [6431474.7871, 5665789.083000001], [6431473.3804, 5665793.6304], [6431463.1989, 5665826.5449], [6431461.117, 5665833.275], [6431460.6126, 5665834.9055], [6431452.4337, 5665861.346000001], [6431448.5978, 5665873.7464000005], [6431442.2429, 5665894.290200001], [6431441.865, 5665895.512], [6431441.4517, 5665897.130100001], [6431440.8657, 5665899.4243], [6431439.8012, 5665903.591499999], [6431435.1938, 5665921.6291000005], [6431434.8845, 5665922.84], [6431431.359, 5665936.642000001], [6431430.7333, 5665944.3752999995], [6431430.5865, 5665946.1895], [6431428.6744, 5665969.819399999], [6431428.5794, 5665970.994200001], [6431427.876, 5665979.687000001], [6431425.0572, 5665989.4081], [6431424.0735, 5665992.8007], [6431423.9138, 5665993.351600001], [6431422.9931, 5665996.5265999995], [6431420.3665, 5666005.585100001], [6431419.9205, 5666007.123199999], [6431418.273, 5666012.805], [6431417.0134, 5666016.067399999], [6431415.8851, 5666018.989600001], [6431415.6691, 5666019.5491], [6431414.7358, 5666021.9662999995], [6431414.3363, 5666023.0008000005], [6431412.454, 5666027.876], [6431411.1106, 5666031.176899999], [6431409.7997, 5666034.3981], [6431407.289, 5666040.5671999995], [6431405.9968, 5666043.7423], [6431405.6273, 5666044.6502], [6431400.9089, 5666056.243899999], [6431395.7199, 5666068.993899999], [6431391.2715, 5666079.9241], [6431381.369, 5666104.255999999], [6431374.5417, 5666117.7798999995], [6431371.8196, 5666123.171800001], [6431369.5429, 5666127.681500001], [6431368.1672, 5666130.4067], [6431353.1053, 5666160.241699999], [6431348.3718, 5666169.618100001], [6431343.272, 5666179.720000001], [6431319.0309, 5666212.1194], [6431318.3646, 5666213.0098], [6431288.153, 5666253.389], [6431280.0477, 5666260.6011], [6431276.8875, 5666263.413000001], [6431226.963, 5666307.835899999], [6431221.5801, 5666312.625600001], [6431212.953, 5666320.301999999], [6431171.7212, 5666344.6559], [6431154.1742, 5666355.020199999], [6431119.613, 5666375.434], [6431108.9513, 5666380.157299999], [6431089.8803, 5666388.605900001], [6431049.835, 5666406.3465], [6431035.6406, 5666412.6348], [6431029.094, 5666415.535], [6430987.1058, 5666437.715500001], [6430969.7592, 5666446.878900001], [6430951.586, 5666456.479], [6430916.3188, 5666475.288699999], [6430907.2116, 5666480.1461], [6430905.5977, 5666481.006899999], [6430860.8664, 5666504.8642], [6430853.2365, 5666508.933700001], [6430840.295, 5666515.835999999], [6430812.7175, 5666534.429099999], [6430805.9327, 5666539.0035999995], [6430773.831, 5666560.647], [6430766.0481, 5666563.870100001], [6430753.2238, 5666569.1811], [6430715.2947, 5666584.888800001], [6430709.149, 5666587.434], [6430704.8579, 5666589.3445], [6430659.7417, 5666609.431500001], [6430650.3536, 5666613.611300001], [6430644.492, 5666616.221000001], [6430609.675, 5666631.643999999], [6430607.0747, 5666632.4988], [6430598.1777, 5666635.423599999], [6430568.5486, 5666645.163899999], [6430558.1726, 5666648.574999999], [6430519.2167, 5666661.3814], [6430506.711, 5666665.4925], [6430503.0333, 5666666.7015], [6430480.178, 5666674.215], [6430479.384, 5666674.5896000005], [6430475.9135, 5666676.2271], [6430445.6591, 5666690.501499999], [6430436.9611, 5666694.6054], [6430410.568, 5666707.058], [6430408.3775, 5666707.286900001], [6430400.851, 5666708.0734], [6430397.2527, 5666708.4494], [6430386.448, 5666709.578500001], [6430382.0656, 5666710.036499999], [6430358.0448, 5666712.546599999], [6430355.8188, 5666712.779200001], [6430331.9316, 5666715.2754], [6430330.3659, 5666715.438999999], [6430309.6208, 5666717.606799999], [6430304.1721, 5666718.176200001], [6430290.0854, 5666719.6482], [6430288.1838, 5666719.846899999], [6430286.8725, 5666719.983999999], [6430282.9185, 5666720.3972], [6430282.3704, 5666720.454399999], [6430280.719, 5666720.627]]]}, "properties": {"OBJECTID": 42, "NROSIEDLA": 3, "NAZWAOSIEDLA": "Szczepin", "SHAPE.AREA": 4399890.99110614, "SHAPE.LEN": 9436.11316357929, "DATA": 1453334400000}}, {"type": "Feature", "id": 43, "geometry": {"type": "Polygon", "coordinates": [[[6425162.935, 5672230.312000001], [6425162.655, 5672232.016000001], [6425160.6484, 5672239.0098], [6425156.2835, 5672254.2237], [6425152.4864, 5672267.4586], [6425152.154, 5672268.617000001], [6425148.2379, 5672282.2665], [6425146.3659, 5672288.7914], [6425145.8428, 5672290.614499999], [6425145.7776, 5672290.842], [6425145.2199, 5672292.785700001], [6425145.0581, 5672293.3498], [6425144.671, 5672294.698999999], [6425138.3214, 5672289.888], [6425136.5751, 5672288.5649], [6425133.1235, 5672285.9498], [6425117.9166, 5672274.4278], [6425096.4847, 5672258.1894000005], [6425087.1, 5672251.0788], [6425081.9042, 5672247.142100001], [6425079.9223, 5672245.6405], [6425078.6425, 5672244.6708], [6425061.663, 5672231.8059], [6425060.049, 5672230.582900001], [6425056.0219, 5672227.5317], [6425050.12, 5672223.0600000005], [6425049.747, 5672223.970899999], [6425047.204, 5672230.181], [6425046.3909, 5672229.587300001], [6425043.0513, 5672227.1489], [6425039.3936, 5672224.4783], [6425035.5119, 5672221.644099999], [6425030.379, 5672217.896299999], [6425012.0379, 5672204.5045], [6425007.2752, 5672201.027000001], [6425005.092, 5672199.433], [6425001.9362, 5672201.124299999], [6424998.7886, 5672202.8113], [6424989.8977, 5672207.576400001], [6424987.272, 5672208.9837], [6424982.8333, 5672211.362600001], [6424971.852, 5672217.248], [6424967.3007, 5672213.2962], [6424965.9313, 5672212.107100001], [6424963.307, 5672209.828600001], [6424955.689, 5672203.214], [6424949.2708, 5672197.7064], [6424935.541, 5672185.9245], [6424924.281, 5672176.262], [6424921.236, 5672173.649], [6424889.1968, 5672145.8313], [6424885.679, 5672142.777000001], [6424873.8005, 5672128.6369], [6424846.6493, 5672096.316299999], [6424844.128, 5672093.3149999995], [6424838.4965, 5672086.700300001], [6424833.72, 5672081.09], [6424823.695, 5672069.129000001], [6424818.535, 5672064.991], [6424812.146, 5672060.177999999], [6424797.8305, 5672048.1324000005], [6424788.933, 5672040.6457], [6424786.484, 5672038.585000001], [6424766.567, 5672022.312999999], [6424763.687, 5672017.317], [6424755.7439, 5672003.6679], [6424748.5568, 5671991.3179], [6424746.857, 5671988.397], [6424730.646, 5671960.15], [6424726.2509, 5671952.614700001], [6424723.7709, 5671948.3627], [6424720.044, 5671941.972999999], [6424717.9058, 5671938.307], [6424715.869, 5671934.8149999995], [6424715.5594, 5671934.273600001], [6424709.7688, 5671924.147399999], [6424708.0473, 5671921.137], [6424704.805, 5671915.467], [6424704.699, 5671912.478], [6424704.4377, 5671911.599099999], [6424703.6854, 5671909.0693], [6424702.8608, 5671906.2963], [6424701.9867, 5671903.357000001], [6424701.4431, 5671901.5287], [6424700.6471, 5671898.8518], [6424699.2472, 5671894.143999999], [6424698.06, 5671890.1515999995], [6424697.9388, 5671889.744100001], [6424695.975, 5671883.140000001], [6424695.6175, 5671881.893999999], [6424694.7147, 5671878.748199999], [6424694.3282, 5671877.4013], [6424693.4316, 5671874.2765], [6424691.1607, 5671866.363], [6424690.3297, 5671863.4669], [6424690.1372, 5671862.7962], [6424689.2178, 5671859.5921], [6424688.688, 5671857.745999999], [6424688.6592, 5671857.025699999], [6424688.3275, 5671848.717700001], [6424688.215, 5671845.9], [6424687.9297, 5671842.4936999995], [6424686.4599, 5671824.9475], [6424685.8846, 5671818.0789], [6424684.6042, 5671802.7938], [6424684.511, 5671801.681], [6424682.5746, 5671792.0108], [6424680.2374, 5671780.3387], [6424678.328, 5671770.802999999], [6424668.698, 5671747.627], [6424665.0439, 5671739.0636], [6424658.313, 5671723.289999999], [6424656.112, 5671711.574999999], [6424651.7329, 5671688.4112], [6424649.304, 5671675.5635], [6424646.85, 5671662.583000001], [6424642.793, 5671640.1258000005], [6424641.813, 5671634.700999999], [6424639.0686, 5671620.0009], [6424634.093, 5671593.35], [6424631.245, 5671576.0261], [6424629.1051, 5671563.009500001], [6424628.816, 5671561.251], [6424621.3996, 5671518.245200001], [6424619.751, 5671508.6850000005], [6424619.0476, 5671506.176899999], [6424610.921, 5671477.198000001], [6424601.7566, 5671457.3869], [6424595.7597, 5671444.423], [6424592.182, 5671436.688999999], [6424574.753, 5671400.364], [6424573.9464, 5671398.8752999995], [6424571.184, 5671393.777000001], [6424570.8006, 5671393.1467], [6424565.0074, 5671383.6216], [6424562.205, 5671379.014], [6424560.2949, 5671376.6895], [6424549.6022, 5671363.6776], [6424548.909, 5671362.834000001], [6424545.9864, 5671358.408399999], [6424544.0676, 5671355.5030000005], [6424541.4205, 5671351.4946], [6424540.5992, 5671350.251], [6424539.3195, 5671348.3133000005], [6424538.55, 5671347.148], [6424538.3481, 5671346.8432], [6424538.1202, 5671346.4991999995], [6424537.1177, 5671344.9858], [6424537.0512, 5671344.885299999], [6424536.217, 5671343.626], [6424536.187, 5671343.577], [6424535.3677, 5671342.3949], [6424534.324, 5671340.889], [6424533.988, 5671340.413000001], [6424533.311, 5671339.011], [6424532.7739, 5671337.963099999], [6424532.287, 5671337.013], [6424530.3494, 5671333.2535], [6424522.7992, 5671318.6041], [6424520.685, 5671314.502], [6424516.5917, 5671303.9640999995], [6424508.208, 5671282.380999999], [6424506.8692, 5671279.648499999], [6424505.1452, 5671276.129799999], [6424495.996, 5671257.456], [6424491.8353, 5671237.231799999], [6424490.9543, 5671232.9498], [6424485.246, 5671205.203], [6424484.988, 5671201.754899999], [6424484.4279, 5671194.2699], [6424483.9565, 5671187.9705], [6424481.3933, 5671153.7172], [6424481.1055, 5671149.8704], [6424479.358, 5671126.517999999], [6424479.0033, 5671115.940300001], [6424478.796, 5671109.759500001], [6424477.735, 5671078.124], [6424477.0059, 5671070.875399999], [6424476.8932, 5671069.7544], [6424476.031, 5671061.183], [6424476.0074, 5671060.948799999], [6424474.6404, 5671047.358899999], [6424473.497, 5671035.992000001], [6424473.012, 5671028.723200001], [6424472.839, 5671026.130000001], [6424472.8288, 5671026.0119], [6424472.6755, 5671024.245999999], [6424470.678, 5671001.223999999], [6424469.5689, 5670993.1296], [6424468.5829, 5670985.9343], [6424464.155, 5670953.619999999], [6424463.6009, 5670951.9975000005], [6424460.8054, 5670943.8125], [6424450.8128, 5670914.5547], [6424448.916, 5670909.001], [6424447.9945, 5670906.7708], [6424434.813, 5670874.870200001], [6424433.1478, 5670870.840299999], [6424432.295, 5670868.7765], [6424424.5609, 5670850.0592], [6424424.3469, 5670849.541300001], [6424423.4659, 5670847.4091], [6424423.37, 5670847.176999999], [6424421.55, 5670843.214299999], [6424409.03, 5670841.449999999], [6424405.4974, 5670840.952199999], [6424405.1174, 5670840.898600001], [6424399.4423, 5670840.0989], [6424390.1158, 5670838.784600001], [6424379.51, 5670837.289999999], [6424378.7005, 5670837.175799999], [6424368.6845, 5670835.7629], [6424356.5647, 5670834.053200001], [6424346.5256, 5670832.637], [6424329.1548, 5670830.1865], [6424320.9271, 5670829.025900001], [6424296.5, 5670825.58], [6424288.7801, 5670824.489499999], [6424272.0065, 5670822.120100001], [6424271.51, 5670822.050000001], [6424266.1503, 5670821.2959], [6424262.9171, 5670820.8411], [6424253.328, 5670819.492000001], [6424244.9955, 5670818.319700001], [6424245.6219, 5670816.3387], [6424249.0514, 5670805.493000001], [6424250.2888, 5670801.579600001], [6424254.6567, 5670787.765900001], [6424274.2136, 5670725.9169], [6424278.4837, 5670712.4124], [6424283.391, 5670696.892999999], [6424286.388, 5670687.4120000005], [6424289.242, 5670678.384], [6424297.6465, 5670651.8029], [6424302.1745, 5670637.4823], [6424303.291, 5670633.950999999], [6424311.316, 5670608.841], [6424314.225, 5670602.085000001], [6424317.612, 5670595.854], [6424325.264, 5670583.793], [6424330.1659, 5670577.4815], [6424340.446, 5670564.2455], [6424354.459, 5670546.203], [6424357.957, 5670542.097999999], [6424361.494, 5670536.731000001], [6424363.999, 5670532.316], [6424366.07, 5670527.511], [6424368.8354, 5670519.717599999], [6424374.1404, 5670504.767000001], [6424376.664, 5670497.654999999], [6424393.0319, 5670451.2937], [6424396.1983, 5670442.325200001], [6424399.475, 5670433.044], [6424401.647, 5670426.475], [6424404.076, 5670418.3719999995], [6424407.463, 5670409.460000001], [6424412.8416, 5670394.225500001], [6424421.4921, 5670369.7234000005], [6424443.0684, 5670308.6097], [6424444.8824, 5670303.4716], [6424470.1, 5670232.044], [6424473.964, 5670220.921399999], [6424486.1376, 5670185.8793], [6424495.5617, 5670158.751800001], [6424498.717, 5670149.669], [6424500.0682, 5670145.7796], [6424502.158, 5670139.764], [6424505.061, 5670131.499], [6424518.2263, 5670094.0231], [6424519.496, 5670068.395], [6424519.331, 5670067.235300001], [6424519.1331, 5670065.8445999995], [6424518.859, 5670063.918400001], [6424517.7228, 5670055.9333], [6424516.7273, 5670048.9377], [6424514.867, 5670035.8642], [6424514.3178, 5670032.0043], [6424513.137, 5670023.706], [6424510.9883, 5670014.1576000005], [6424509.8244, 5670008.9855], [6424506.8017, 5669995.5535], [6424505.964, 5669991.831], [6424504.3182, 5669987.157299999], [6424502.1231, 5669980.9241], [6424499.875, 5669974.540100001], [6424498.4016, 5669970.3563], [6424495.06, 5669960.867000001], [6424493.0243, 5669955.085999999], [6424491.181, 5669949.851], [6424486.086, 5669935.381999999], [6424483.9784, 5669929.3971], [6424483.1451, 5669927.0306], [6424474.515, 5669902.523800001], [6424474.2004, 5669901.6306], [6424466.0045, 5669878.356899999], [6424464.9762, 5669875.436799999], [6424460.685, 5669863.251], [6424458.4349, 5669856.862199999], [6424456.7532, 5669852.087300001], [6424454.865, 5669846.726], [6424453.625, 5669843.206], [6424450.7514, 5669835.0461], [6424448.8094, 5669829.5315000005], [6424443.4513, 5669814.316299999], [6424441.3089, 5669808.2325], [6424440.373, 5669805.574999999], [6424438.713, 5669800.862], [6424437.5536, 5669797.569399999], [6424434.2977, 5669788.3226], [6424429.882, 5669775.782], [6424429.509, 5669774.723999999], [6424429.5395, 5669774.705800001], [6424429.5062, 5669774.710000001], [6424428.0025, 5669767.103], [6424415.464, 5669768.800000001], [6424410.495, 5669769.5996], [6424406.477, 5669770.246200001], [6424398.213, 5669771.575999999], [6424388.878, 5669773.7466], [6424384.042, 5669774.870999999], [6424370.469, 5669778.466], [6424367.3038, 5669779.409600001], [6424360.09, 5669781.5600000005], [6424351.2664, 5669784.232999999], [6424327.6162, 5669791.397500001], [6424295.5568, 5669801.1096], [6424289.7587, 5669802.866], [6424282.348, 5669805.111], [6424273.75, 5669807.6435], [6424247.2709, 5669815.443399999], [6424243.056, 5669816.6850000005], [6424232.4763, 5669819.801000001], [6424222.589, 5669822.7129999995], [6424211.716, 5669825.915999999], [6424202, 5669828.778000001], [6424198.9807, 5669829.667300001], [6424202.5186, 5669823.422800001], [6424202.7131, 5669823.079600001], [6424227.2382, 5669779.7916], [6424236.0489, 5669764.2403], [6424237.0367, 5669762.4967], [6424246.3296, 5669746.0943], [6424251.1911, 5669737.513699999], [6424255.0021, 5669731.0002], [6424259.1527, 5669725.147700001], [6424265.7422, 5669715.8563], [6424272.3317, 5669706.5648], [6424299.1351, 5669668.771], [6424338.3451, 5669613.4833], [6424339.5049, 5669611.847999999], [6424368.835, 5669570.491599999], [6424382.8822, 5669550.6844999995], [6424391.6962, 5669537.9256], [6424402.2495, 5669522.1987], [6424407.3505, 5669514.596999999], [6424452.3956, 5669447.4692], [6424551.2888, 5669302.7873], [6424674.9882, 5669127.1777], [6424782.738, 5668974.123400001], [6424833.5799, 5668901.777799999], [6424893.9697, 5668815.848200001], [6424904.135, 5668801.384], [6424907.5486, 5668796.526799999], [6424943.196, 5668745.804099999], [6424954.8514, 5668729.2195999995], [6424969.3746, 5668708.5546], [6424981.0098, 5668691.6874], [6424990.5544, 5668677.252800001], [6425002.5207, 5668659.1559], [6425010.6235, 5668646.901699999], [6425024.2017, 5668626.367000001], [6425033.2404, 5668612.6976], [6425044.9651, 5668594.966], [6425062.2275, 5668568.8597], [6425074.3335, 5668550.5513], [6425092.5102, 5668523.6446], [6425108.245, 5668501.0649999995], [6425120.2193, 5668483.8816], [6425131.0255, 5668468.374500001], [6425144.5154, 5668449.0164], [6425157.2747, 5668430.706599999], [6425169.523, 5668413.130100001], [6425181.1135, 5668396.4975000005], [6425197.4876, 5668373.000499999], [6425209.6871, 5668355.6251], [6425220.9513, 5668339.5901], [6425230.4993, 5668325.998199999], [6425238.9754, 5668313.9321], [6425244.9049, 5668305.4911], [6425254.5545, 5668291.7546], [6425263.6767, 5668278.7687], [6425271.7478, 5668267.279200001], [6425283.9611, 5668249.893100001], [6425296.5829, 5668231.9254], [6425306.0536, 5668218.443499999], [6425322.9065, 5668194.198000001], [6425334.2723, 5668177.750499999], [6425344.7465, 5668162.5933], [6425359.2965, 5668141.5381000005], [6425369.4419, 5668126.856799999], [6425378.6471, 5668113.5359000005], [6425389.8276, 5668097.3566], [6425399.4149, 5668083.482799999], [6425408.106, 5668070.9059999995], [6425417.1838, 5668057.7695], [6425424.4947, 5668047.1899999995], [6425436.5297, 5668029.7741], [6425446.0989, 5668015.932499999], [6425453.5234, 5668005.193600001], [6425459.3204, 5667996.808800001], [6425459.5021, 5667997.484200001], [6425462.888, 5668012.01], [6425465.073, 5668026.283], [6425467.609, 5668035.093], [6425484.281, 5668045.881999999], [6425476.961, 5668055.941], [6425479.536, 5668063.761], [6425546.188, 5668111.6280000005], [6425571.103, 5668106.106000001], [6425604.071, 5668061.052999999], [6425648.198, 5668092.012], [6425646.321, 5668094.734999999], [6425658.154, 5668091.927999999], [6425740.553, 5667973.476], [6425737.308, 5667971.484999999], [6425755.577, 5667945.334000001], [6425755.5785, 5667945.3376], [6425755.653, 5667945.231000001], [6425755.715, 5667945.142100001], [6425756.211, 5667944.4311999995], [6425756.4339, 5667944.1116], [6425756.9032, 5667943.438999999], [6425757.6321, 5667942.394099999], [6425757.7853, 5667942.1744], [6425759.319, 5667939.976], [6425794.2832, 5667889.856799999], [6425885.4949, 5668091.7048], [6425938.7556, 5668200.8456999995], [6426003.367, 5668318.717800001], [6426057.5008, 5668406.0305], [6426087.5887, 5668449.9769], [6426136.3865, 5668434.3145], [6426215.7617, 5668386.6894000005], [6426291.9618, 5668348.589299999], [6426415.7871, 5668270.8017], [6426438.409, 5668249.132200001], [6426396.4989, 5668206.348999999], [6426313.503, 5668105.720000001], [6426372.958, 5668078.157], [6426418.3271, 5668028.2312], [6426461.1103, 5668049.1862], [6426490.7966, 5668057.9175], [6426511.7516, 5668058.7906], [6426548.423, 5668052.6787], [6426571.9974, 5668048.313100001], [6426599.0643, 5668050.0593], [6426624.385, 5668056.1712], [6426643.5938, 5668064.9025], [6426667.1682, 5668071.0144], [6426689.8695, 5668070.1413], [6426709.9514, 5668063.156199999], [6426734.399, 5668057.9175], [6426750.9884, 5668057.044399999], [6426771.9434, 5668058.7906], [6426799.8835, 5668061.41], [6426815.5998, 5668061.41], [6426835.6817, 5668057.044399999], [6426864.4949, 5668044.820599999], [6426887.1962, 5668028.2312], [6426902.0393, 5668021.246200001], [6426923.8675, 5668016.8805], [6426942.2031, 5668012.514900001], [6426959.6657, 5668012.514900001], [6426973.6357, 5668016.8805], [6426985.8595, 5668024.738700001], [6426992.8445, 5668036.962400001], [6426998.9564, 5668050.0593], [6427001.5758, 5668066.648700001], [6426998.0832, 5668086.730699999], [6426988.4789, 5668116.416999999], [6426978.8745, 5668147.8495000005], [6426974.5088, 5668171.424000001], [6426974.5088, 5668196.7446], [6426979.7476, 5668227.304099999], [6426986.7326, 5668257.863500001], [6427000.7026, 5668279.6917], [6427016.4189, 5668305.885500001], [6427028.6427, 5668318.9824], [6427052.2171, 5668335.571799999], [6427068.8065, 5668346.0493], [6427081.9034, 5668358.2731], [6427090.6347, 5668366.131200001], [6427096.7466, 5668378.355], [6427102.8585, 5668401.929400001], [6427113.336, 5668423.7576], [6427121.1941, 5668439.4739], [6427134.291, 5668451.6976], [6427153.4998, 5668463.0483], [6427170.2056, 5668470.7874], [6427185.8161, 5668478.4603], [6427197.1932, 5668484.281099999], [6427205.9245, 5668490.366599999], [6427213.862, 5668500.949899999], [6427216.2432, 5668511.797900001], [6427216.2432, 5668522.381200001], [6427212.8036, 5668536.6688], [6427206.9828, 5668548.574999999], [6427197.7224, 5668561.804199999], [6427184.7577, 5668574.5042], [6427174.1744, 5668584.5583999995], [6427165.9723, 5668595.141799999], [6427160.9452, 5668605.725099999], [6427157.241, 5668618.160599999], [6427154.5952, 5668628.2148], [6427153.5369, 5668638.7981], [6427153.8014, 5668651.762700001], [6427155.3889, 5668662.346100001], [6427162.2681, 5668692.7732], [6427168.3535, 5668718.437899999], [6427169.1473, 5668728.7566], [6427168.8827, 5668737.223300001], [6427164.914, 5668749.1296], [6427157.5056, 5668760.2421], [6427145.5993, 5668771.8838], [6427137.1327, 5668779.0276], [6427127.343, 5668782.2026], [6427114.9076, 5668785.377599999], [6427101.6784, 5668786.1713], [6427087.1263, 5668784.8484000005], [6427074.1617, 5668786.7005], [6427062.52, 5668790.4047], [6427055.9054, 5668795.960899999], [6427049.82, 5668802.046399999], [6427045.5866, 5668811.5714], [6427040.0304, 5668829.2985], [6427033.1512, 5668851.523499999], [6427031.0345, 5668863.4298], [6427030.2408, 5668875.0715], [6427029.9762, 5668889.358999999], [6427030.7699, 5668919.521600001], [6427032.0929, 5668941.217499999], [6427031.8283, 5668953.1238], [6427029.9762, 5668963.9717], [6427025.4783, 5668976.1425], [6427020.7158, 5668986.990499999], [6427014.1012, 5668995.4572], [6427005.1053, 5669003.6592999995], [6426989.4949, 5669011.5967999995], [6426970.974, 5669018.476], [6426954.8344, 5669021.651000001], [6426934.4614, 5669024.825999999], [6426920.1739, 5669025.884299999], [6426902.1822, 5669025.884299999], [6426886.3071, 5669025.090600001], [6426873.3425, 5669021.1218], [6426858.7904, 5669014.2425999995], [6426841.3279, 5669005.511399999], [6426825.7174, 5669001.0134], [6426810.6362, 5668998.632200001], [6426795.5549, 5669000.219699999], [6426780.7382, 5669004.1884], [6426764.8632, 5669012.3905], [6426751.8985, 5669021.9156], [6426739.7277, 5669034.615599999], [6426730.4673, 5669046.7864], [6426723.0589, 5669057.899], [6426713.5339, 5669072.7157000005], [6426708.2422, 5669085.680299999], [6426701.8922, 5669099.967800001], [6426699.4394, 5669106.749], [6426696.3975, 5669117.304500001], [6426696.2891, 5669117.6808], [6426695.0812, 5669121.872099999], [6426694.1079, 5669124.183700001], [6426689.7895, 5669134.4399], [6426688.9414, 5669135.523700001], [6426683.8364, 5669142.046700001], [6426674.5759, 5669149.6534], [6426673.6262, 5669150.275599999], [6426670.1929, 5669152.525], [6426664.9848, 5669155.9373], [6426655.7243, 5669163.213400001], [6426647.7868, 5669172.804500001], [6426642.8259, 5669183.718599999], [6426639.8926, 5669197.407199999], [6426639.8493, 5669197.609300001], [6426639.8493, 5669206.8697], [6426640.2545, 5669219.025599999], [6426640.8415, 5669236.635399999], [6426641.9317, 5669254.7607], [6426642.011, 5669256.0788], [6426643.4873, 5669280.622400001], [6426645.141, 5669293.190199999], [6426650.4326, 5669308.7345], [6426672.5915, 5669369.5888], [6426677.8832, 5669389.7633], [6426678.81, 5669401.9967], [6426679.5369, 5669411.591499999], [6426679.2061, 5669426.474300001], [6426673.5837, 5669443.0108], [6426664.9848, 5669459.5473], [6426654.7321, 5669472.445699999], [6426640.8415, 5669485.3442], [6426624.9664, 5669495.9276], [6426608.7607, 5669506.841700001], [6426595.8622, 5669518.0865], [6426587.9247, 5669529.3313], [6426581.6408, 5669542.8912], [6426577.6721, 5669558.104800001], [6426577.6721, 5669574.971999999], [6426580.3179, 5669588.862600001], [6426586.2711, 5669601.430400001], [6426596.8544, 5669617.9669], [6426611.4065, 5669638.8029], [6426624.305, 5669655.339299999], [6426632.5732, 5669669.23], [6426634.3518, 5669674.121200001], [6426637.8649, 5669683.7820999995], [6426639.8493, 5669696.3498], [6426640.8415, 5669714.2093], [6426638.5264, 5669729.7535999995], [6426631.9118, 5669749.928099999], [6426618.0211, 5669782.0089], [6426613.9424, 5669791.4964000005], [6426613.8311, 5669791.755100001], [6426602.8075, 5669817.397], [6426600.1356, 5669828.9197], [6426599.9472, 5669829.732100001], [6426599.9411, 5669829.7585], [6426597.5159, 5669840.2173999995], [6426595.1898, 5669857.3455], [6426593.8779, 5669867.0064], [6426593.8505, 5669868.7015], [6426593.6524, 5669880.9847], [6426593.5514, 5669887.2435], [6426593.5471, 5669887.511700001], [6426597.8466, 5669906.0327], [6426599.1627, 5669911.7019], [6426611.1022, 5669923.7007], [6426611.2755, 5669923.8749], [6426609.8438, 5669925.2996], [6426597.6028, 5669937.480699999], [6426596.6031, 5669938.475500001], [6426592.589, 5669942.470000001], [6426527.204, 5669989.567], [6426465.547, 5670043.018999999], [6426440.6941, 5670060.082599999], [6426399.6673, 5670088.251], [6426391.112, 5670094.125], [6426337.316, 5670131.8780000005], [6426307.4663, 5670153.6855999995], [6426253.105, 5670193.401000001], [6426199.32, 5670236.456], [6426167.8963, 5670286.0372], [6426142.791, 5670325.649], [6426129.7757, 5670383.2301], [6426123.807, 5670409.636], [6426113.539, 5670453.614], [6426110.324, 5670493.607000001], [6426102.302, 5670574.460999999], [6426103.872, 5670654.549000001], [6426105.409, 5670723.635], [6426105.472, 5670770.135], [6426097.0609, 5670803.5633000005], [6426083.716, 5670856.6], [6426060.5, 5670929.484999999], [6426010.371, 5671017.798], [6425949.391, 5671085.74], [6425875.793, 5671136.134], [6425810.758, 5671175.222999999], [6425740.192, 5671211.776000001], [6425675.606, 5671246.756999999], [6425604.62, 5671281.916999999], [6425532.359, 5671327.293], [6425511.266, 5671344.548], [6425493.814, 5671356.960000001], [6425437.126, 5671399.947000001], [6425376.208, 5671457.186000001], [6425361.7176, 5671480.898], [6425329.232, 5671534.057], [6425293.451, 5671593.993000001], [6425249.751, 5671669.225], [6425226.515, 5671741.009], [6425210.131, 5671817.011], [6425205.0151, 5671859.214], [6425203.4709, 5671871.9529], [6425199.763, 5671902.540999999], [6425190.463, 5671985.256999999], [6425185.3626, 5672036.3792], [6425183.078, 5672059.2783], [6425181.992, 5672070.164000001], [6425173.1107, 5672147.3847], [6425172.8884, 5672149.318], [6425172.766, 5672150.381999999], [6425168.3021, 5672186.6754], [6425164.7647, 5672215.435699999], [6425162.935, 5672230.312000001]]]}, "properties": {"OBJECTID": 43, "NROSIEDLA": 35, "NAZWAOSIEDLA": "Maślice", "SHAPE.AREA": 6608860.26794, "SHAPE.LEN": 13511.7225071852, "DATA": 1453334400000}}, {"type": "Feature", "id": 44, "geometry": {"type": "Polygon", "coordinates": [[[6435005.3063, 5665309.333900001], [6435009.9471, 5665442.635299999], [6434982.8051, 5665579.351500001], [6434946.3616, 5665698.752699999], [6434897.7506, 5665814.5122], [6434826.4116, 5665930.5463], [6434705.2171, 5666059.306], [6434572.9588, 5666150.3136], [6434429.9475, 5666229.3278], [6434318.9386, 5666323.1098], [6434224.8898, 5666440.933700001], [6434154.1138, 5666513.319800001], [6433938.5185, 5666724.1504], [6433805.902, 5666594.4120000005], [6433473.62, 5666403.0065], [6433109.4614, 5666224.8002], [6433044.1609, 5666196.4032000005], [6433000.1479, 5666177.2634], [6433022.2182, 5666129.752699999], [6433027.425, 5666118.544], [6433097.4075, 5666081.728399999], [6433205.6242, 5666024.7991], [6433210.3711, 5666022.273399999], [6433182.2338, 5665980.2949], [6433181.6402, 5665979.358899999], [6433178.0606, 5665973.666200001], [6433176.6381, 5665971.3807], [6433172.9244, 5665963.9153], [6433168.6402, 5665955.303300001], [6433167.2783, 5665952.5656], [6433163.6735, 5665945.3192], [6433163.401, 5665944.7447999995], [6433155.2818, 5665927.6285999995], [6433152.0973, 5665920.9153], [6433144.9588, 5665905.866599999], [6433144.0943, 5665904.0441], [6433141.9915, 5665899.088300001], [6433135.6337, 5665884.104599999], [6433132.515, 5665876.7546999995], [6433131.6985, 5665874.830399999], [6433127.3259, 5665864.5254], [6433125.3077, 5665859.7689], [6433124.1944, 5665855.6581999995], [6433122.9137, 5665850.9289], [6433122.4485, 5665849.2114], [6433121.3723, 5665845.237299999], [6433120.6485, 5665842.5649], [6433119.2605, 5665837.4397], [6433116.6035, 5665827.628699999], [6433115.7044, 5665824.308599999], [6433114.7908, 5665820.9352], [6433113.2138, 5665815.112199999], [6433108.367, 5665797.2151999995], [6433107.526, 5665794.109999999], [6433104.2404, 5665784.562899999], [6433101.012, 5665775.182], [6433096.498, 5665762.066], [6433093.257, 5665752.641000001], [6433092.5812, 5665750.6833999995], [6433083.2528, 5665723.6609000005], [6433081.2331, 5665717.8102], [6433068.5659, 5665681.115800001], [6433067.746, 5665678.740800001], [6433058.181, 5665651.033], [6433054.9635, 5665641.9574], [6433052.566, 5665635.195], [6433046.3894, 5665617.9332], [6433044.465, 5665612.555], [6433042.8523, 5665608.7469], [6433040.0554, 5665602.1428], [6433038.212, 5665597.789999999], [6433036.2123, 5665593.2892], [6433035.149, 5665590.896], [6433034.691, 5665589.8654], [6433034.0624, 5665588.4506], [6433032.3214, 5665584.532500001], [6433031.265, 5665582.154999999], [6433029.438, 5665577.7422], [6433028.7284, 5665576.0284], [6433026.3134, 5665570.195599999], [6433026.167, 5665569.842], [6433025.992, 5665569.433], [6433025.1488, 5665567.4528], [6433023.6292, 5665563.884], [6433021.9631, 5665559.9714], [6433018.0692, 5665550.8268], [6433016.8414, 5665547.943299999], [6433012.2896, 5665537.2535999995], [6433011.2166, 5665534.7338], [6433008.4196, 5665528.165200001], [6433006.2818, 5665523.1448], [6433000.6357, 5665509.885199999], [6432997.6771, 5665502.937100001], [6432996.742, 5665500.7411], [6432996.3037, 5665499.7118999995], [6432995.4441, 5665497.6931], [6432994.925, 5665496.473999999], [6432987.8475, 5665480.315199999], [6432985.6109, 5665475.208799999], [6432977.4176, 5665456.502599999], [6432975.0134, 5665451.013800001], [6432967.3353, 5665433.483899999], [6432965.001, 5665428.1544], [6432958.5858, 5665413.5078], [6432955.402, 5665406.2389], [6432952.5017, 5665399.6171], [6432948.6279, 5665390.772700001], [6432944.4761, 5665381.2939], [6432943.146, 5665378.256999999], [6432940.403, 5665371.841], [6432939.8127, 5665370.364700001], [6432936.9636, 5665362.596100001], [6432934.4942, 5665354.6986], [6432934.1801, 5665353.587200001], [6432933.1638, 5665349.774499999], [6432931.6684, 5665343.379799999], [6432931.3582, 5665341.895500001], [6432930.1792, 5665335.5107], [6432929.2438, 5665329.0857], [6432928.5556, 5665322.6548999995], [6432928.2976, 5665319.353], [6432927.9028, 5665308.7304], [6432928.4181, 5665298.940199999], [6432929.0948, 5665286.0821], [6432929.1874, 5665284.3221], [6432929.6997, 5665274.5879], [6432930.284, 5665263.4866], [6432930.53, 5665258.1811999995], [6432930.8341, 5665251.6195], [6432931.4421, 5665238.5056], [6432932.7967, 5665209.2861], [6432933.0469, 5665203.888599999], [6432933.0622, 5665203.5583], [6432933.0523, 5665194.8411], [6432933.0363, 5665180.6865], [6432933.0236, 5665169.4397], [6432933.0053, 5665153.247199999], [6432933.0024, 5665150.7084], [6432932.9991, 5665147.741900001], [6432932.996, 5665145.019200001], [6432932.9143, 5665141.1028], [6432932.9103, 5665140.909600001], [6432932.778, 5665134.5678], [6432932.71, 5665131.3037], [6432932.571, 5665124.637599999], [6432932.4914, 5665120.8222], [6432932.4856, 5665120.544600001], [6432932.3546, 5665114.2634], [6432932.321, 5665112.649499999], [6432936.1226, 5665112.5199], [6432942.869, 5665112.3533], [6432956.4364, 5665112.913899999], [6432960.9376, 5665113.137], [6432975.7876, 5665113.734300001], [6433007.298, 5665115.022500001], [6433029.8413, 5665116.0063000005], [6433065.6509, 5665117.3519], [6433082.9281, 5665118.249399999], [6433107.7272, 5665119.519300001], [6433116.8178, 5665119.8137], [6433124.2152, 5665119.7424], [6433132.8864, 5665119.443299999], [6433132.9262, 5665119.443], [6433135.2456, 5665119.572899999], [6433141.4598, 5665119.5188], [6433149.0126, 5665119.000399999], [6433165.5159, 5665117.2829], [6433203.1937, 5665113.9188], [6433214.1835, 5665112.872199999], [6433232.4328, 5665111.3016], [6433242.6482, 5665110.489], [6433244.4009, 5665110.3473000005], [6433246.5445, 5665110.165899999], [6433257.1812, 5665108.9617], [6433263.6917, 5665107.762399999], [6433273.2588, 5665106.1653], [6433279.4652, 5665105.064099999], [6433285.889, 5665103.759199999], [6433293.2003, 5665101.9878], [6433296.9876, 5665101.0701], [6433298.0014, 5665100.858999999], [6433299.8125, 5665100.2828], [6433301.3658, 5665099.9065000005], [6433319.307, 5665095.077500001], [6433331.7456, 5665091.8423], [6433339.1009, 5665090.168500001], [6433346.429, 5665088.520199999], [6433354.4315, 5665087.1371], [6433362.6684, 5665086.1446], [6433392.9628, 5665082.4575], [6433410.3745, 5665080.4143], [6433416.5899, 5665079.684900001], [6433417.1153, 5665079.6075], [6433417.2091, 5665079.612299999], [6433430.1782, 5665078.090399999], [6433458.3431, 5665075.112199999], [6433470.1005, 5665073.8715], [6433484.3986, 5665072.600400001], [6433492.955, 5665071.683499999], [6433514.5695, 5665069.498400001], [6433531.0201, 5665067.9629], [6433539.0094, 5665067.333000001], [6433543.7929, 5665066.8981], [6433552.1931, 5665065.987199999], [6433557.4011, 5665065.3761], [6433561.9083, 5665064.767899999], [6433563.2963, 5665064.580600001], [6433575.4512, 5665062.4353], [6433580.828, 5665061.3542], [6433588.3354, 5665060.017100001], [6433603.7403, 5665057.044199999], [6433607.2427, 5665056.444599999], [6433628.4459, 5665052.630799999], [6433677.0235, 5665043.8511], [6433684.4305, 5665042.442399999], [6433692.5141, 5665040.8444], [6433702.3161, 5665038.5293000005], [6433712.5269, 5665035.922800001], [6433733.5084, 5665031.2665], [6433743.3054, 5665029.2239], [6433750.4478, 5665027.911900001], [6433756.6782, 5665026.9486], [6433761.761, 5665026.373], [6433768.092, 5665025.398], [6433769.5125, 5665025.1994], [6433770.6832, 5665025.035599999], [6433772.7404, 5665024.748], [6433779.119, 5665023.856000001], [6433779.4873, 5665023.804500001], [6433783.8842, 5665023.1896], [6433800.82, 5665020.821], [6433802.8368, 5665020.532199999], [6433809.7254, 5665019.545600001], [6433832.7348, 5665016.2502], [6433840.9407, 5665015.074999999], [6433849.026, 5665013.916999999], [6433849.915, 5665013.789000001], [6433863.337, 5665011.732999999], [6433863.625, 5665011.687899999], [6433870.2046, 5665010.6579], [6433895.7058, 5665006.6656], [6433902.4254, 5665005.613600001], [6433921.2381, 5665002.668500001], [6433926.7609, 5665001.8039], [6433952.459, 5664997.7808], [6433958.3259, 5664996.862299999], [6433982.2908, 5664993.1106], [6433986.5554, 5664992.443], [6434014.8347, 5664988.015799999], [6434018.8073, 5664987.3939], [6434035.6706, 5664984.753900001], [6434043.9573, 5664983.456599999], [6434049.02, 5664982.664000001], [6434060.6077, 5664980.8188000005], [6434063.947, 5664980.2870000005], [6434070.967, 5664979.1689], [6434080.566, 5664977.640000001], [6434087.1983, 5664976.6021], [6434093.9292, 5664975.548800001], [6434116.964, 5664971.9441], [6434126.1261, 5664970.510299999], [6434127.604, 5664970.278999999], [6434139.6521, 5664968.403000001], [6434154.4925, 5664966.0922], [6434165.3167, 5664964.4067], [6434169.502, 5664963.755000001], [6434173.8066, 5664963.0714], [6434193.3626, 5664959.9659], [6434201.1496, 5664958.7294], [6434202.172, 5664958.567], [6434208.679, 5664957.534], [6434226.3695, 5664954.835100001], [6434227.0515, 5664954.7311], [6434233.0727, 5664953.8125], [6434243.6947, 5664952.192], [6434244.966, 5664951.998], [6434246.6847, 5664951.727], [6434252.2325, 5664950.852399999], [6434258.5989, 5664949.8488], [6434263.3348, 5664949.1021], [6434264.9647, 5664948.8452], [6434283.1227, 5664945.9826], [6434289.171, 5664945.028999999], [6434318.7092, 5664940.372300001], [6434318.9882, 5664940.328299999], [6434348.0119, 5664935.752699999], [6434353.11, 5664934.948999999], [6434356.3428, 5664934.4384], [6434376.9177, 5664931.189099999], [6434385.476, 5664929.8375], [6434399.6719, 5664927.5955], [6434406.9215, 5664926.4506], [6434409.3987, 5664926.0594], [6434417.6492, 5664924.7564], [6434418.1134, 5664924.683], [6434422.479, 5664923.9936], [6434424.0118, 5664923.751499999], [6434424.92, 5664923.608100001], [6434426.7335, 5664923.321699999], [6434428.1982, 5664923.090299999], [6434431.6971, 5664922.537799999], [6434432.8829, 5664922.350500001], [6434435.976, 5664921.862], [6434436.3326, 5664921.806299999], [6434437.5041, 5664921.623400001], [6434438.5551, 5664921.4593], [6434440.005, 5664921.232899999], [6434441.4726, 5664921.003799999], [6434446.281, 5664920.2530000005], [6434447.6145, 5664920.0448], [6434450.967, 5664919.521400001], [6434456.3034, 5664918.6883000005], [6434457.3512, 5664918.524800001], [6434459.2767, 5664918.224199999], [6434467.893, 5664916.879000001], [6434470.1279, 5664916.428200001], [6434475.7476, 5664915.2948], [6434483.734, 5664913.684], [6434484.4155, 5664913.546599999], [6434486.169, 5664913.193], [6434489.3383, 5664912.494200001], [6434495.1962, 5664911.202500001], [6434520.8279, 5664904.525], [6434534.8773, 5664901.230900001], [6434551.8636, 5664897.1828000005], [6434565.0796, 5664894.2062], [6434575.0412, 5664891.944], [6434590.1092, 5664889.403999999], [6434607.5718, 5664886.8904], [6434623.6452, 5664884.112299999], [6434642.6953, 5664879.415999999], [6434664.1927, 5664874.388900001], [6434677.2896, 5664870.4201], [6434685.7563, 5664867.3112], [6434703.6157, 5664860.696599999], [6434723.8696, 5664855.5108], [6434742.2846, 5664851.7008], [6434754.1115, 5664850.272], [6434766.0178, 5664849.8355], [6434781.9325, 5664849.6767], [6434799.2363, 5664850.351399999], [6434813.762, 5664850.748299999], [6434833.9629, 5664850.113299999], [6434842.8133, 5664849.121099999], [6434858.4502, 5664846.6208], [6434873.8402, 5664843.2059], [6434883.512, 5664840.6522], [6434901.5869, 5664834.491800001], [6434911.5082, 5664831.020199999], [6434931.5416, 5664824.255000001], [6434934.4916, 5664823.2051], [6434949.0966, 5664818.4823], [6434969.226, 5664815.452], [6434972.1948, 5664815.8232], [6434983.6133, 5664816.8837], [6434985.4277, 5664817.060699999], [6434988.9627, 5664817.3412], [6435019.4909, 5664819.676000001], [6435024.6476, 5664820.064099999], [6435029.6031, 5664820.455499999], [6435030.6132, 5664820.5286], [6435030.4999, 5664821.079299999], [6435018.3102, 5664880.3111000005], [6434993.9241, 5664994.262599999], [6434987.5741, 5665095.8729], [6435005.3063, 5665309.333900001]]]}, "properties": {"OBJECTID": 44, "NROSIEDLA": 6, "NAZWAOSIEDLA": "Ołbin", "SHAPE.AREA": 2610908.41860867, "SHAPE.LEN": 6813.04564816401, "DATA": 1453334400000}}, {"type": "Feature", "id": 45, "geometry": {"type": "Polygon", "coordinates": [[[6433938.5185, 5666724.1504], [6433875.489, 5666785.786900001], [6433730.5622, 5666897.3608], [6433723.4457, 5666902.1161], [6433714.7915, 5666907.5363], [6433682.6126, 5666927.178300001], [6433664.0132, 5666936.8039], [6433644.064, 5666945.882200001], [6433620.3378, 5666955.525], [6433589.2513, 5666967.117799999], [6433561.1815, 5666976.390699999], [6433528.4711, 5666986.028999999], [6433490.4025, 5666997.2322], [6433467.4719, 5667003.228499999], [6433431.4886, 5667009.870200001], [6433418.8858, 5667011.874399999], [6433383.5045, 5667016.201300001], [6433361.0554, 5667017.795399999], [6433338.1784, 5667018.5824], [6433289.5788, 5667020.164899999], [6433271.2191, 5667019.809], [6433226.6378, 5667018.6566], [6433167.8787, 5667013.6478], [6433146.4887, 5667011.729900001], [6433125.7678, 5667009.229599999], [6433096.7126, 5667006.3093], [6433074.658, 5667001.260299999], [6433055.0292, 5666997.2849], [6433022.5899, 5666989.7304], [6432997.0818, 5666984.032500001], [6432974.0992, 5666977.624299999], [6432934.3371, 5666965.0876], [6432918.9387, 5666959.4004], [6432897.1831, 5666951.6481], [6432878.1083, 5666943.6106], [6432851.1714, 5666933.2434], [6432724.4937, 5666884.518200001], [6432574.2306, 5666831.730699999], [6432297.0975, 5666734.3737], [6432011.7866, 5666718.5985], [6431454.9442, 5666766.9716], [6431302.2536, 5666723.965600001], [6430995.2167, 5666766.1175999995], [6430839.3841, 5666758.1546], [6430437.4449, 5666737.615499999], [6430281.1052, 5666721.118799999], [6430280.719, 5666720.627], [6430282.3704, 5666720.454399999], [6430282.9185, 5666720.3972], [6430286.8725, 5666719.983999999], [6430288.1838, 5666719.846899999], [6430290.0854, 5666719.6482], [6430304.1721, 5666718.176200001], [6430309.6208, 5666717.606799999], [6430330.3659, 5666715.438999999], [6430331.9316, 5666715.2754], [6430355.8188, 5666712.779200001], [6430358.0448, 5666712.546599999], [6430382.0656, 5666710.036499999], [6430386.448, 5666709.578500001], [6430397.2527, 5666708.4494], [6430400.851, 5666708.0734], [6430408.3775, 5666707.286900001], [6430410.568, 5666707.058], [6430436.9611, 5666694.6054], [6430445.6591, 5666690.501499999], [6430475.9135, 5666676.2271], [6430479.384, 5666674.5896000005], [6430480.178, 5666674.215], [6430503.0333, 5666666.7015], [6430506.711, 5666665.4925], [6430519.2167, 5666661.3814], [6430558.1726, 5666648.574999999], [6430568.5486, 5666645.163899999], [6430598.1777, 5666635.423599999], [6430607.0747, 5666632.4988], [6430609.675, 5666631.643999999], [6430644.492, 5666616.221000001], [6430650.3536, 5666613.611300001], [6430659.7417, 5666609.431500001], [6430704.8579, 5666589.3445], [6430709.149, 5666587.434], [6430715.2947, 5666584.888800001], [6430753.2238, 5666569.1811], [6430766.0481, 5666563.870100001], [6430773.831, 5666560.647], [6430805.9327, 5666539.0035999995], [6430812.7175, 5666534.429099999], [6430840.295, 5666515.835999999], [6430853.2365, 5666508.933700001], [6430860.8664, 5666504.8642], [6430905.5977, 5666481.006899999], [6430907.2116, 5666480.1461], [6430916.3188, 5666475.288699999], [6430951.586, 5666456.479], [6430969.7592, 5666446.878900001], [6430987.1058, 5666437.715500001], [6431029.094, 5666415.535], [6431035.6406, 5666412.6348], [6431049.835, 5666406.3465], [6431089.8803, 5666388.605900001], [6431108.9513, 5666380.157299999], [6431119.613, 5666375.434], [6431154.1742, 5666355.020199999], [6431171.7212, 5666344.6559], [6431212.953, 5666320.301999999], [6431221.5801, 5666312.625600001], [6431226.963, 5666307.835899999], [6431276.8875, 5666263.413000001], [6431280.0477, 5666260.6011], [6431288.153, 5666253.389], [6431318.3646, 5666213.0098], [6431319.0309, 5666212.1194], [6431343.272, 5666179.720000001], [6431348.3718, 5666169.618100001], [6431353.1053, 5666160.241699999], [6431368.1672, 5666130.4067], [6431369.5429, 5666127.681500001], [6431371.8196, 5666123.171800001], [6431374.5417, 5666117.7798999995], [6431381.369, 5666104.255999999], [6431391.2715, 5666079.9241], [6431395.7199, 5666068.993899999], [6431400.9089, 5666056.243899999], [6431405.6273, 5666044.6502], [6431405.9968, 5666043.7423], [6431407.289, 5666040.5671999995], [6431409.7997, 5666034.3981], [6431411.1106, 5666031.176899999], [6431412.454, 5666027.876], [6431414.3363, 5666023.0008000005], [6431414.7358, 5666021.9662999995], [6431415.6691, 5666019.5491], [6431419.7148, 5666021.7038], [6431445.7946, 5666035.8127999995], [6431484.5974, 5666055.7391], [6431501.1199, 5666064.5844], [6431513.5281, 5666070.694], [6431517.3185, 5666073.0373], [6431534.0687, 5666080.796499999], [6431538.3871, 5666082.634299999], [6431542.6566, 5666084.831499999], [6431547.5485, 5666086.9132], [6431555.4839, 5666090.039799999], [6431562.2587, 5666093.0537], [6431576.1298, 5666098.241], [6431579.4381, 5666099.3638], [6431583.0643, 5666100.8057], [6431590.2962, 5666103.260199999], [6431593.8432, 5666104.380999999], [6431597.0666, 5666105.452], [6431599.1874, 5666106.122099999], [6431605.6458, 5666108.425000001], [6431606.6828, 5666108.752699999], [6431642.9046, 5666119.374399999], [6431693.6611, 5666133.7874], [6431721.4468, 5666141.528000001], [6431723.5054, 5666142.265799999], [6431724.2025, 5666142.4597], [6431744.3655, 5666147.6744], [6431765.4886, 5666152.322699999], [6431775.8312, 5666154.175100001], [6431785.0287, 5666155.584799999], [6431797.3793, 5666157.0743], [6431801.6307, 5666157.586999999], [6431805.6923, 5666158.1775], [6431806.726, 5666158.302200001], [6431821.7185, 5666159.711100001], [6431827.7462, 5666160.0747], [6431845.7543, 5666160.445], [6431856.2452, 5666160.425899999], [6431868.6457, 5666160.0923999995], [6431889.185, 5666158.9081], [6431905.5919, 5666157.583000001], [6431920.4388, 5666155.813200001], [6431934.8704, 5666153.737], [6431955.7145, 5666150.738299999], [6431958.6201, 5666150.3202], [6432136.6845, 5666124.987299999], [6432141.5266, 5666124.021400001], [6432203.9675, 5666112.8379], [6432298.7394, 5666091.535499999], [6432394.2515, 5666067.3445], [6432453.8557, 5666052.2480999995], [6432458.2709, 5666051.298599999], [6432556.648, 5666046.949100001], [6432757.1653, 5666094.376700001], [6432772.4997, 5666098.003699999], [6432792.7792, 5666103.7084], [6432832.2392, 5666114.808599999], [6432859.7826, 5666123.753699999], [6432891.9992, 5666134.7356], [6432925.1802, 5666147.048599999], [6432947.6477, 5666156.088099999], [6433000.1479, 5666177.2634], [6433044.1609, 5666196.4032000005], [6433109.4614, 5666224.8002], [6433473.62, 5666403.0065], [6433805.902, 5666594.4120000005], [6433938.5185, 5666724.1504]]]}, "properties": {"OBJECTID": 45, "NROSIEDLA": 5, "NAZWAOSIEDLA": "Kleczków", "SHAPE.AREA": 1881324.65684925, "SHAPE.LEN": 7931.65200818596, "DATA": 1453334400000}}, {"type": "Feature", "id": 46, "geometry": {"type": "Polygon", "coordinates": [[[6434660.1565, 5663664.4277], [6434711.0515, 5663641.438200001], [6434886.6804, 5663517.3169], [6435029.4598, 5663415.5876], [6435120.8115, 5663361.481799999], [6435249.4441, 5663264.2235], [6435250.871, 5663263.216399999], [6435290.5857, 5663235.1852], [6435324.905, 5663210.9596], [6435401.4328, 5663159.082900001], [6435475.8427, 5663109.881999999], [6435553.8458, 5663064.2378], [6435626.4165, 5663028.3597], [6435706.0131, 5662994.596999999], [6435785.6652, 5662965.433800001], [6435871.3708, 5662932.397399999], [6435954.8378, 5662887.887399999], [6435959.1551, 5662885.915999999], [6436033.8881, 5662851.791099999], [6436127.8919, 5662808.794], [6436203.549, 5662771.7787], [6436280.718, 5662735.745200001], [6436352.6609, 5662697.5747], [6436437.1882, 5662658.052200001], [6436517.7351, 5662620.1778], [6436596.3317, 5662586.427200001], [6436680.4529, 5662546.409600001], [6436764.5537, 5662512.9925999995], [6436785.0709, 5662506.044600001], [6436844.0395, 5662486.6317], [6436926.8675, 5662472.031099999], [6437015.5108, 5662466.9607], [6437092.9877, 5662464.725299999], [6437093.2487, 5662464.7456], [6437153.0472, 5662469.4004999995], [6437203.0631, 5662482.6065], [6437219.7632, 5662487.015900001], [6437283.1973, 5662508.6313000005], [6437320.0808, 5662521.1866], [6437486.1607, 5662593.385299999], [6437578.1529, 5662633.776699999], [6437662.635, 5662673.3588], [6437739.0128, 5662704.338199999], [6437874.3153, 5662760.755000001], [6437880.7332, 5662763.431], [6437965.0395, 5662816.931500001], [6437978.2953, 5662825.6483], [6438040.8402, 5662866.7765999995], [6438144.1572, 5662937.9078], [6438194.3812, 5662971.142899999], [6438291.5326, 5663037.649], [6438371.1363, 5663091.2062], [6438444.0035, 5663131.6877999995], [6438515.7745, 5663159.0218], [6438591.1805, 5663177.467800001], [6438670.0495, 5663186.3597], [6438775.069, 5663190.0901999995], [6438775.2987, 5663190.064099999], [6438778.6829, 5663189.679099999], [6438804.881, 5663186.698999999], [6438837.1248, 5663181.6797], [6438859.1585, 5663178.2497000005], [6438866.2103, 5663177.152000001], [6438887.724, 5663173.802999999], [6438887.5692, 5663173.977399999], [6438862.7861, 5663201.892999999], [6438861.7444, 5663203.066400001], [6438850.2, 5663216.07], [6438838.0153, 5663229.7894], [6438798.2664, 5663274.5447], [6438774.075, 5663301.783], [6438768.7032, 5663307.841600001], [6438682.6558, 5663404.8902], [6438661.991, 5663428.197000001], [6438651.1712, 5663440.3981], [6438649.2433, 5663442.5721], [6438646.795, 5663445.333000001], [6438645.9459, 5663446.2996], [6438643.9311, 5663448.5933], [6438618.6087, 5663477.421], [6438611.288, 5663485.755000001], [6438554.6691, 5663550.210100001], [6438550.5354, 5663555.745100001], [6438513.8344, 5663597.5274], [6438383.0205, 5663779.115599999], [6438319.0289, 5663862.8923], [6438192.8283, 5664012.4234], [6438061.5919, 5664159.0153], [6437930.3677, 5664306.607100001], [6437800.0467, 5664446.1876], [6437796.2308, 5664450.602], [6437795.8737, 5664451.0152], [6437577.9334, 5664692.970000001], [6437577.5009, 5664693.450200001], [6437576.2553, 5664692.3276], [6437570.9319, 5664687.530099999], [6437559.569, 5664677.289799999], [6437557.4657, 5664675.394300001], [6437553.6608, 5664671.965299999], [6437541.671, 5664661.16], [6437539.6672, 5664659.303300001], [6437529.8533, 5664649.946599999], [6437528.021, 5664648.5167], [6437527.1824, 5664647.7938], [6437521.5194, 5664642.9122], [6437517.648, 5664639.574999999], [6437515.5825, 5664638.420299999], [6437513.8227, 5664637.4365], [6437512.6373, 5664636.7739], [6437511.3048, 5664636.028999999], [6437510.3419, 5664635.490599999], [6437506.629, 5664633.414999999], [6437499.1041, 5664632.7631], [6437498.7376, 5664632.7313], [6437498.284, 5664632.692], [6437495.89, 5664632.876], [6437493.8041, 5664633.036599999], [6437491.4437, 5664633.2184], [6437487.45, 5664633.526000001], [6437483.7093, 5664634.1304], [6437477.0163, 5664635.2118999995], [6437475.3781, 5664635.476600001], [6437473.7817, 5664635.7345], [6437468.846, 5664636.532], [6437459.8355, 5664638.4157], [6437416.641, 5664647.446], [6437397.1062, 5664651.647500001], [6437388.5566, 5664653.486400001], [6437366.213, 5664658.291999999], [6437320.4395, 5664667.9069], [6437319.087, 5664668.191], [6437304.5777, 5664671.193700001], [6437282.1891, 5664675.827], [6437278.831, 5664676.522], [6437265.553, 5664679.272], [6437257.8274, 5664680.8717], [6437255.677, 5664681.317], [6437255.1397, 5664681.329], [6437237.9026, 5664681.7138], [6437236.104, 5664681.754000001], [6437222.283, 5664685.66], [6437206.5439, 5664690.1072], [6437202.4954, 5664691.2511], [6437200.351, 5664691.857000001], [6437195.313, 5664693.282], [6437184.747, 5664695.513], [6437181.3875, 5664696.2226], [6437159.8441, 5664700.773], [6437151.185, 5664702.602], [6437144.854, 5664703.827], [6437143.867, 5664703.9758], [6437132.258, 5664705.726], [6437123.81, 5664706.715], [6437122.8926, 5664706.778100001], [6437113.8401, 5664707.4012], [6437113.771, 5664707.4059999995], [6437112.4898, 5664707.3992], [6437102.996, 5664707.348999999], [6437088.075, 5664707.025], [6437069.425, 5664706.362], [6437064.3118, 5664706.1558], [6437057.249, 5664705.870999999], [6437054.0697, 5664705.7422], [6437047.896, 5664705.492000001], [6437038.708, 5664705.092], [6436995.628, 5664703.216], [6436986.3058, 5664702.9475], [6436971.9958, 5664702.5353], [6436963.551, 5664702.291999999], [6436934.809, 5664701.187000001], [6436926.312, 5664700.859999999], [6436915.479, 5664700.426999999], [6436913.2774, 5664700.3390999995], [6436905.0032, 5664700.0085], [6436853.144, 5664697.937000001], [6436844.488, 5664697.531199999], [6436838.206, 5664697.2366], [6436832.1368, 5664696.952099999], [6436823.199, 5664696.533], [6436812.871, 5664696.227], [6436801.519, 5664695.892000001], [6436787.086, 5664695.571], [6436784.896, 5664695.523], [6436780.6, 5664695.372099999], [6436756.8891, 5664694.5447], [6436714.8504, 5664693.076400001], [6436705.678, 5664692.755999999], [6436700.0565, 5664692.5242], [6436691.223, 5664692.16], [6436681.931, 5664691.778000001], [6436672.807, 5664691.443], [6436646.3068, 5664690.4668000005], [6436629.2539, 5664689.8387], [6436574.562, 5664687.823999999], [6436571.1907, 5664687.6669], [6436566.088, 5664687.429], [6436556.23, 5664686.9690000005], [6436545.733, 5664686.658], [6436535.264, 5664686.346000001], [6436501.0017, 5664685.2599], [6436490.751, 5664684.9350000005], [6436476.2186, 5664684.444], [6436439.071, 5664683.188999999], [6436431.3128, 5664682.8027], [6436419.409, 5664682.210000001], [6436410.08, 5664681.259], [6436408.9084, 5664681.139799999], [6436406.178, 5664680.862], [6436397.909, 5664679.82], [6436386.08, 5664677.142999999], [6436383.961, 5664676.544], [6436382.7882, 5664676.2125], [6436362.388, 5664670.447000001], [6436360.6234, 5664669.9385], [6436352.9464, 5664667.726299999], [6436350.6471, 5664667.0637], [6436345.599, 5664665.608999999], [6436327.106, 5664660.278000001], [6436315.6434, 5664656.8552], [6436311.748, 5664655.692], [6436296.3545, 5664651.0944], [6436286.084, 5664648.027000001], [6436262.363, 5664641.092], [6436255.489, 5664639.083000001], [6436243.779, 5664635.665999999], [6436242.8993, 5664635.4092999995], [6436229.9968, 5664631.6439], [6436203.434, 5664623.892000001], [6436168.1092, 5664613.459899999], [6436154.5904, 5664609.467499999], [6436146.391, 5664607.046], [6436124.993, 5664600.921], [6436099.9303, 5664593.491599999], [6436096.474, 5664592.467], [6436076.1678, 5664586.418400001], [6436065.42, 5664583.217], [6436054.659, 5664580.093], [6436049.0412, 5664577.8598], [6436037.7502, 5664573.3714000005], [6436035.548, 5664572.495999999], [6436007.4317, 5664560.0856], [6435995.858, 5664554.977], [6435981.9672, 5664549.059699999], [6435981.55, 5664548.881999999], [6435964.821, 5664541.452], [6435963.363, 5664540.804], [6435960.78, 5664539.6559999995], [6435951.3349, 5664535.380799999], [6435944.219, 5664532.16], [6435939.5568, 5664530.1], [6435927.306, 5664524.687000001], [6435905.9266, 5664515.240700001], [6435897.0974, 5664511.3396000005], [6435892.298, 5664509.2190000005], [6435826.0146, 5664479.8335], [6435819.066, 5664476.7530000005], [6435814.3885, 5664474.6894000005], [6435745.3586, 5664444.2345], [6435731.105, 5664437.946], [6435728.6633, 5664436.828400001], [6435713.345, 5664429.817], [6435667.288, 5664409.768999999], [6435664.3781, 5664408.484300001], [6435654.2094, 5664403.994899999], [6435626.823, 5664391.903999999], [6435619.702, 5664388.76], [6435612.268, 5664385.482000001], [6435589.1754, 5664375.2961], [6435575.9455, 5664369.4605], [6435542.475, 5664354.697000001], [6435508.967, 5664339.8704], [6435495.1416, 5664333.7530000005], [6435434.4134, 5664306.881999999], [6435427.425, 5664303.789799999], [6435407.967, 5664295.18], [6435346.8262, 5664268.190099999], [6435338.455, 5664264.4947], [6435328.4388, 5664260.0732], [6435306.569, 5664250.419], [6435273.7494, 5664235.9737], [6435259.2386, 5664229.5868999995], [6435203.9695, 5664205.260500001], [6435202.178, 5664204.471999999], [6435189.3487, 5664198.5383], [6435160.38, 5664185.140000001], [6435158.325, 5664184.200999999], [6435154.6992, 5664182.5452], [6435147.3261, 5664179.178200001], [6435142.9485, 5664177.2948], [6435142.955, 5664177.182], [6435137.8713, 5664174.955800001], [6435136.9572, 5664174.555500001], [6435125.949, 5664169.734999999], [6435120.0146, 5664167.1362], [6435069.2093, 5664144.887599999], [6435058.4195, 5664140.1625], [6435053.8182, 5664138.147500001], [6435052.278, 5664137.472999999], [6435024, 5664125.0879999995], [6435001.8574, 5664115.3882], [6434997.9124, 5664113.6601], [6434992.0937, 5664111.111099999], [6434986.0293, 5664108.454500001], [6434984.905, 5664107.961999999], [6434974.334, 5664103.277000001], [6434963.373, 5664098.418], [6434957.328, 5664096.158], [6434945.4767, 5664089.854599999], [6434943.1223, 5664087.228499999], [6434938.5976, 5664082.181700001], [6434936.2094, 5664078.0482], [6434931.8909, 5664070.573899999], [6434931.7184, 5664070.2754], [6434910.4192, 5664078.294399999], [6434909.8292, 5664078.5165], [6434903.7762, 5664080.795399999], [6434902.7103, 5664081.196699999], [6434899.262, 5664082.494999999], [6434895.283, 5664083.848999999], [6434894.5436, 5664084.0940000005], [6434893.716, 5664084.3683], [6434887.7664, 5664086.3401999995], [6434885.658, 5664087.039000001], [6434880.7779, 5664088.8324], [6434880.1068, 5664089.079], [6434867.1253, 5664093.8497], [6434851.4206, 5664099.621200001], [6434851.4091, 5664099.625399999], [6434850.5416, 5664099.9442], [6434840.366, 5664061.852399999], [6434756.3837, 5663877.707], [6434697.3446, 5663767.8050999995], [6434671.4164, 5663695.728499999], [6434660.1565, 5663664.4277]]]}, "properties": {"OBJECTID": 46, "NROSIEDLA": 9, "NAZWAOSIEDLA": "Biskupin - Sępolno - Dąbie - Bartoszowice", "SHAPE.AREA": 5902654.75483935, "SHAPE.LEN": 10091.040642847302, "DATA": 1453334400000}}, {"type": "Feature", "id": 47, "geometry": {"type": "Polygon", "coordinates": [[[6435633.1432, 5659968.4901], [6435629.7619, 5659972.6554000005], [6435628.8798, 5659973.7415], [6435623.7776, 5659980.0241], [6435623.0089, 5659980.9706], [6435620.3315, 5659984.2674], [6435620.329, 5659984.271], [6435615.0965, 5659995.0057], [6435612.2363, 5660000.873299999], [6435608.1627, 5660009.230900001], [6435607.4, 5660010.7952], [6435606.5328, 5660012.5744], [6435604.5328, 5660016.6765], [6435576.1195, 5660055.905300001], [6435510.4, 5660168.4958], [6435447.1945, 5660283.5403], [6435403.5914, 5660375.9889], [6435375.981, 5660410.2457], [6435367.968, 5660431.001700001], [6435356.0002, 5660462.001800001], [6435344.589, 5660491.5600000005], [6435334.755, 5660517.0328], [6435321.9522, 5660550.195699999], [6435310.6165, 5660579.8025], [6435301.9721, 5660602.3945], [6435291.5638, 5660629.5964], [6435276.0944, 5660670.0254999995], [6435262.6576, 5660697.9987], [6435249.8718, 5660723.6052], [6435228.6086, 5660766.1894000005], [6435214.4372, 5660794.570800001], [6435205.5566, 5660812.3562], [6435192.5192, 5660838.466499999], [6435177.8765, 5660867.7917], [6435164.0206, 5660895.5414], [6435122.1184, 5660976.317399999], [6435094.6691, 5661018.5879], [6435050.6665, 5661086.3497], [6435019.6551, 5661134.105699999], [6435014.093, 5661142.2774], [6435022.3748, 5661120.659499999], [6435052.2095, 5661043.3751], [6435061.0957, 5661015.2216], [6435066.9812, 5660940.267000001], [6435062.7422, 5660890.3169], [6435060.0747, 5660858.885], [6435054.8281, 5660801.9706999995], [6435051.6078, 5660768.8599], [6435048.9227, 5660741.252], [6435042.9726, 5660720.590500001], [6435033.9105, 5660693.6241999995], [6435026.0582, 5660671.1479], [6435013.5735, 5660650.0561], [6435004.0429, 5660633.955], [6434987.9211, 5660606.718699999], [6434971.3804, 5660584.4859], [6434956.6322, 5660565.3082], [6434933.2037, 5660535.4629], [6434914.3572, 5660517.8342], [6434897.6804, 5660502.234999999], [6434885.0021, 5660490.3759], [6434867.4362, 5660477.6862], [6434852.6852, 5660467.2256000005], [6434841.157, 5660461.697000001], [6434829.7172, 5660455.4001], [6434828.567, 5660454.767000001], [6434819.816, 5660450.318399999], [6434811.396, 5660446.038000001], [6434807.9051, 5660444.399900001], [6434783.2903, 5660432.8495000005], [6434758.5317, 5660421.2316], [6434739.7587, 5660412.4223], [6434731.2337, 5660408.422], [6434717.484, 5660401.970000001], [6434711.7525, 5660399.142200001], [6434699.064, 5660392.881999999], [6434690.494, 5660388.351], [6434674.474, 5660379.452], [6434666.644, 5660374.692], [6434658.244, 5660369.1620000005], [6434645.774, 5660360.652000001], [6434643.0408, 5660358.6917], [6434637.994, 5660355.072000001], [6434633.554, 5660351.682], [6434622.794, 5660343.194], [6434617.295, 5660338.642999999], [6434610.5714, 5660332.619100001], [6434606.715, 5660329.164000001], [6434601.224, 5660323.994000001], [6434598.4646, 5660321.218900001], [6434592.454, 5660315.174000001], [6434585.3512, 5660307.480699999], [6434584.154, 5660306.184], [6434579.984, 5660301.392999999], [6434571.184, 5660290.573999999], [6434567.484, 5660285.884], [6434560.134, 5660275.673], [6434559.0337, 5660274.024800001], [6434549.065, 5660259.093], [6434545.3711, 5660253.150800001], [6434542.644, 5660248.764], [6434535.115, 5660236.232999999], [6434527.1128, 5660222.3968], [6434522.755, 5660214.862], [6434519.013, 5660208.1219999995], [6434515.093, 5660201.620999999], [6434510.923, 5660194.682], [6434506.884, 5660187.970000001], [6434431.6307, 5660040.5505], [6434412.1874, 5659989.6767], [6434398.6919, 5659948.0997], [6434389.7995, 5659910.6127], [6434384.7498, 5659889.324899999], [6434379.6359, 5659867.766799999], [6434376.8748, 5659845.9454], [6434376.3848, 5659805.3487], [6434377.4412, 5659765.7393], [6434379.1058, 5659733.9669], [6434387.5652, 5659693.5233], [6434396.0455, 5659660.5678], [6434402.3795, 5659638.0382], [6434409.9618, 5659614.3474], [6434418.0333, 5659589.1280000005], [6434427.6492, 5659565.440099999], [6434445.9593, 5659539.3467], [6434470.7652, 5659504.303099999], [6434492.4831, 5659474.037599999], [6434517.4941, 5659439.183], [6434533.6692, 5659416.641799999], [6434555.5444, 5659386.157199999], [6434576.4871, 5659356.002599999], [6434590.7815, 5659335.4078], [6434617.1114, 5659297.4725], [6434642.8431, 5659260.3991], [6434662.2305, 5659232.860099999], [6434689.4037, 5659194.852299999], [6434716.0612, 5659157.5659], [6434727.5985, 5659139.475199999], [6434739.1032, 5659119.9999], [6434754.8236, 5659093.3882], [6434765.7614, 5659067.394099999], [6434774.9426, 5659044.883300001], [6434785.6879, 5659006.176899999], [6434795.9912, 5658960.847200001], [6434799.3465, 5658941.5669], [6434801.7277, 5658925.9004999995], [6434805.0186, 5658904.2489], [6434808.4048, 5658881.969799999], [6434807.5299, 5658854.5978999995], [6434806.3326, 5658834.237], [6434805.2472, 5658815.7798], [6434762.4571, 5658627.3793], [6434762.2998, 5658626.634199999], [6434787.769, 5658621.473999999], [6434798.049, 5658615.589], [6434872.507, 5658602.800000001], [6434880.025, 5658603.479], [6434885.832, 5658603.198999999], [6434916.182, 5658603.073000001], [6434922.013, 5658603.153000001], [6434934.433, 5658603.123], [6434940.872, 5658603.005999999], [6434960.51, 5658562.984999999], [6434988.871, 5658429.581], [6435008.862, 5658330.911], [6435079.762, 5658102.778000001], [6435095.071, 5658069.540999999], [6435195.116, 5658051.505999999], [6435252.785, 5658039.771], [6435253.907, 5658035.767999999], [6435284.525, 5657965.903999999], [6435287.351, 5657958.108999999], [6435297.528, 5657932.994999999], [6435309.346, 5657903.831], [6435316.017, 5657887.339], [6435323.01, 5657870.143999999], [6435338.168, 5657831.018999999], [6435354.941, 5657788.164000001], [6435373.243, 5657741.93], [6435385.051, 5657710.296], [6435400.693, 5657668.964], [6435452.033, 5657632.373], [6435454.452, 5657630.643999999], [6435501.975, 5657596.778999999], [6435579.65, 5657546.409], [6435581.492, 5657544.887], [6435641.706, 5657503.486], [6435679.351, 5657473.0370000005], [6435719.12, 5657436.171], [6435730.257, 5657425.8440000005], [6435742.303, 5657413.068], [6435764.778, 5657388.614], [6435825.178, 5657304.808], [6435859.8, 5657262.647], [6435875.806, 5657248.9629999995], [6435889.436, 5657243.958000001], [6435956.231, 5657218.390000001], [6435962.469, 5657215.715], [6435963.7496, 5657233.0693], [6435969.1935, 5657306.842599999], [6435968.3311, 5657310.793199999], [6435973.1739, 5657351.616900001], [6435981.0057, 5657388.0603], [6435982.9958, 5657397.320800001], [6435986.7347, 5657403.016000001], [6436023.5734, 5657462.434699999], [6436044.0582, 5657511.6401], [6436051.9905, 5657539.9858], [6436077.5174, 5657631.603399999], [6436103.9742, 5657726.5583999995], [6436105.4334, 5657730.630999999], [6436106.523, 5657736.3981], [6436109.7139, 5657748.8903], [6436132.9578, 5657803.8127], [6436156.9404, 5657873.547], [6436166.5896, 5657904.1121], [6436192.3279, 5657990.056], [6436213.3979, 5658071.186000001], [6436222.4817, 5658109.588400001], [6436259.4791, 5658182.1458], [6436266.3669, 5658195.193399999], [6436323.5008, 5658283.7173999995], [6436503.0795, 5658561.9593], [6436497.855, 5658566.611], [6436483.4706, 5658589.454399999], [6436467.708, 5658614.484999999], [6436459.3352, 5658624.7037], [6436449.7288, 5658636.428099999], [6436448.989, 5658637.331], [6436426.54, 5658667.299000001], [6436417.2904, 5658680.425100001], [6436415.731, 5658682.638], [6436408.0082, 5658694.183800001], [6436397.5668, 5658709.7939], [6436372.838, 5658746.764], [6436368.7088, 5658743.6796], [6436366.245, 5658741.839199999], [6436364.1346, 5658740.262800001], [6436357.9686, 5658735.6569], [6436354.571, 5658733.119000001], [6436352.7878, 5658735.6569], [6436339.166, 5658755.0441], [6436335.171, 5658760.73], [6436309.6482, 5658794.288699999], [6436282.499, 5658829.986], [6436279.6613, 5658833.7117], [6436250.8905, 5658871.4857], [6436243.819, 5658880.77], [6436241.751, 5658886.129000001], [6436240.051, 5658892.550000001], [6436239.616, 5658896.9473], [6436239.417, 5658898.959000001], [6436239.312, 5658905.005999999], [6436240.633, 5658911.2129999995], [6436242.843, 5658917.586999999], [6436247.564, 5658925.709000001], [6436248.301, 5658942.413000001], [6436246.932, 5658946.875], [6436236.6025, 5658966.003699999], [6436220.2606, 5658996.2666], [6436217.9671, 5659000.513800001], [6436195.2062, 5659042.4684], [6436181.7215, 5659067.324200001], [6436178.3832, 5659073.477600001], [6436168.101, 5659092.430600001], [6436163.6632, 5659100.6107], [6436163.28, 5659101.317], [6436153.5728, 5659119.7269], [6436153.374, 5659120.104], [6436146.8464, 5659127.032500001], [6436142.9524, 5659131.1657], [6436138.804, 5659135.569], [6436134.6261, 5659140.232100001], [6436129.8604, 5659145.551200001], [6436128.5259, 5659147.0408], [6436120.6832, 5659155.794299999], [6436117.226, 5659159.653000001], [6436108.5981, 5659169.917199999], [6436105.6436, 5659173.4321], [6436086.729, 5659195.934], [6436075.513, 5659209.403000001], [6436074.0099, 5659211.387499999], [6436063.963, 5659224.653000001], [6436057.845, 5659233.262], [6436025.7935, 5659276.1577], [6436018.1427, 5659286.3971], [6436014.279, 5659291.568], [6436008.171, 5659301.243000001], [6436007.2784, 5659303.873400001], [6436004.051, 5659313.384], [6436001.6877, 5659319.0327], [6436000.4035, 5659322.102399999], [6435998.0068, 5659327.8311], [6435995.7982, 5659333.1099], [6435994.5809, 5659336.0196], [6435991.1927, 5659344.118000001], [6435990.4509, 5659345.890900001], [6435987.0283, 5659350.7304], [6435984.4844, 5659354.327500001], [6435980.7973, 5659359.541200001], [6435973.2746, 5659370.1788], [6435969.1451, 5659376.0178], [6435968.0692, 5659377.539100001], [6435966.4137, 5659379.880100001], [6435964.6078, 5659382.433700001], [6435957.5442, 5659392.422], [6435957.0181, 5659393.165999999], [6435954.4426, 5659396.8079], [6435954.2885, 5659397.025800001], [6435951.1511, 5659401.462300001], [6435949.8166, 5659403.349300001], [6435948.9737, 5659404.541099999], [6435944.4559, 5659410.929500001], [6435943.3799, 5659412.450999999], [6435942.7779, 5659413.302300001], [6435940.4872, 5659416.5415], [6435939.6377, 5659417.742699999], [6435936.413, 5659422.3025], [6435935.4277, 5659423.695800001], [6435933.2389, 5659426.790899999], [6435933.0427, 5659427.0682], [6435932.0599, 5659428.458000001], [6435930.6825, 5659430.4057], [6435930.1771, 5659431.1203000005], [6435926.9825, 5659435.637599999], [6435922.8238, 5659441.518200001], [6435920.1106, 5659445.354599999], [6435917.8192, 5659448.594900001], [6435915.5077, 5659451.863399999], [6435914.9485, 5659452.654100001], [6435912.0461, 5659456.758199999], [6435911.9411, 5659456.9067], [6435909.46, 5659460.414999999], [6435905.4417, 5659467.738399999], [6435902.9513, 5659472.2772], [6435901.2605, 5659475.358999999], [6435896.4431, 5659484.1391], [6435895.1637, 5659486.471000001], [6435889.9349, 5659496.001], [6435885.6696, 5659503.774800001], [6435883.427, 5659507.862], [6435881.9306, 5659509.7279], [6435881.6911, 5659510.0265999995], [6435878.924, 5659513.477], [6435874.7999, 5659521.275], [6435871.7554, 5659527.0317], [6435870.6759, 5659529.072899999], [6435866.718, 5659536.556700001], [6435866.5518, 5659536.8708999995], [6435866.1478, 5659537.6347], [6435862.7298, 5659544.0973000005], [6435862.428, 5659544.668], [6435861.2791, 5659547.330399999], [6435859.7273, 5659550.9265], [6435858.6931, 5659553.323000001], [6435857.7419, 5659555.5274], [6435855.8753, 5659559.853], [6435854.958, 5659561.979], [6435853.6318, 5659565.0524], [6435851.2237, 5659570.6329], [6435851.1351, 5659570.838199999], [6435848.8194, 5659576.204600001], [6435848.6421, 5659576.6153], [6435847.4888, 5659579.287900001], [6435846.8256, 5659580.8248], [6435846.403, 5659581.804], [6435846.401, 5659581.807], [6435843.6846, 5659585.8884], [6435840.614, 5659590.5024999995], [6435835.7889, 5659597.755000001], [6435833.911, 5659600.577], [6435833.8066, 5659600.763], [6435828.3683, 5659610.455], [6435827.0108, 5659612.8725000005], [6435824.0542, 5659618.143200001], [6435823.4009, 5659619.305299999], [6435819.5265, 5659626.2108], [6435815.0723, 5659634.148499999], [6435814.0835, 5659635.910800001], [6435807.4789, 5659647.6819], [6435805.2936, 5659651.5768], [6435799.7741, 5659661.413799999], [6435798.2217, 5659664.1807], [6435796.2729, 5659667.653999999], [6435796.2712, 5659667.6570999995], [6435792.3117, 5659674.867900001], [6435790.8682, 5659677.4966], [6435784.2266, 5659689.592], [6435783.4191, 5659691.0624], [6435779.1661, 5659698.807700001], [6435777.1221, 5659702.530200001], [6435775.6969, 5659705.125700001], [6435770.8894, 5659713.880799999], [6435768.4671, 5659718.292099999], [6435764.3516, 5659725.7871], [6435762.3319, 5659729.4657000005], [6435757.5962, 5659738.0901999995], [6435755.828, 5659741.3124], [6435754.431, 5659743.857000001], [6435749.1149, 5659753.2906], [6435748.5772, 5659754.244899999], [6435748.4887, 5659754.401799999], [6435741.399, 5659766.982799999], [6435739.1959, 5659770.8923], [6435734.0863, 5659779.9597], [6435732.386, 5659782.9769], [6435728.3819, 5659790.0823], [6435723.161, 5659799.346999999], [6435717.4558, 5659809.4088], [6435712.2752, 5659818.545700001], [6435703.7289, 5659833.6182], [6435701.161, 5659838.147], [6435698.7173, 5659843.034499999], [6435688.6606, 5659863.1458], [6435686.0804, 5659868.3071], [6435684.9873, 5659870.4945], [6435684.3562, 5659871.756899999], [6435684.0184, 5659872.432700001], [6435675.2869, 5659889.895199999], [6435674.4534, 5659891.562100001], [6435673.3014, 5659893.8663], [6435671.5551, 5659897.3588], [6435671.301, 5659897.867000001], [6435666.845, 5659907.2519000005], [6435664.1879, 5659912.8478999995], [6435658.9701, 5659923.8390999995], [6435655.7518, 5659930.617799999], [6435655.1473, 5659934.9089], [6435654.9179, 5659936.5384], [6435654.8406, 5659937.0868999995], [6435654.8398, 5659937.0899], [6435654.1939, 5659938.102700001], [6435653.788, 5659938.739399999], [6435651.0416, 5659943.0463], [6435650.9217, 5659943.2489], [6435650.5196, 5659943.9277], [6435650.0732, 5659944.681299999], [6435648.8764, 5659946.701199999], [6435646.7622, 5659950.270300001], [6435644.8269, 5659953.534600001], [6435643.581, 5659955.637], [6435641.2098, 5659958.5569], [6435640.8535, 5659958.9958999995], [6435640.3977, 5659959.5583999995], [6435636.7079, 5659964.103599999], [6435636.7083, 5659964.1], [6435633.1432, 5659968.4901]]]}, "properties": {"OBJECTID": 47, "NROSIEDLA": 17, "NAZWAOSIEDLA": "Brochów", "SHAPE.AREA": 3735165.75404356, "SHAPE.LEN": 9455.249456149551, "DATA": 1453334400000}}, {"type": "Feature", "id": 48, "geometry": {"type": "Polygon", "coordinates": [[[6431483.536, 5672748.336999999], [6431449.645, 5672760.868000001], [6431433.431, 5672764.674000001], [6431356.576, 5672774.584000001], [6431350.454, 5672804.188999999], [6431343.319, 5672815.456], [6431330.32, 5672827.093], [6431305.041, 5672843.858999999], [6431293.641, 5672859.617000001], [6431288.797, 5672875.7469999995], [6431288.903, 5672897.796], [6431287.664, 5672912.732000001], [6431282.597, 5672915.482999999], [6431167.432, 5672968.354], [6431159.07, 5672970.77], [6431134.3, 5672977.890000001], [6431109.671, 5672984.982000001], [6431089.3, 5672955.216], [6431076.381, 5672914.1], [6431049.27, 5672861.306], [6431033.634, 5672802.374], [6431030.263, 5672785.775], [6431030.299, 5672770.554], [6431033.308, 5672751.327], [6431035.317, 5672744.523], [6431055.104, 5672686.772], [6431069.91, 5672634.752], [6431085.804, 5672589.415999999], [6431105.959, 5672513.494999999], [6431126.143, 5672447.365], [6431127.411, 5672426.549000001], [6431069.775, 5672427.316], [6431024.438, 5672423.813999999], [6430985.288, 5672422.487], [6430949.373, 5672419.84], [6430947.877, 5672375.574999999], [6430945.852, 5672315.606000001], [6430943.837, 5672255.646], [6430943.16, 5672235.68], [6430941.812, 5672195.676000001], [6430934.044, 5672190.899], [6430901.072, 5672111.441], [6430845.1, 5671976.586999999], [6430831.249, 5671979.063999999], [6430742.409, 5671993.754000001], [6430712.996, 5671997.828], [6430697.642, 5672000.083000001], [6430672.844, 5672003.672], [6430666.9314, 5672004.0441], [6430667.733, 5671989.562000001], [6430673.82, 5671894.895], [6430681.954, 5671810.6219999995], [6430694.746, 5671733.210999999], [6430696.9138, 5671730.6927000005], [6430695.385, 5671729.345000001], [6430693.2872, 5671727.4199], [6430691.1428, 5671725.452099999], [6430684.635, 5671719.4802], [6430682.2769, 5671717.316199999], [6430671.4749, 5671707.4037], [6430668.7256, 5671704.880799999], [6430659.2268, 5671696.164100001], [6430657.8774, 5671694.925799999], [6430648.907, 5671686.694], [6430646.3411, 5671684.531099999], [6430642.1936, 5671681.0351], [6430637.0414, 5671676.692299999], [6430634.0932, 5671674.2072], [6430632.4266, 5671672.8024], [6430628.4732, 5671669.470000001], [6430620.9055, 5671663.0911], [6430618.7506, 5671661.274700001], [6430616.5793, 5671659.444499999], [6430609.7933, 5671653.7245000005], [6430606.331, 5671650.806], [6430603.1387, 5671648.5701], [6430598.2636, 5671645.1555], [6430593.8648, 5671642.0746], [6430591.8627, 5671640.6723], [6430587.5332, 5671637.639900001], [6430583.3494, 5671634.7095], [6430578.343, 5671631.203], [6430575.356, 5671629.028999999], [6430572.2417, 5671626.8299], [6430560.8047, 5671618.7541000005], [6430551.8163, 5671612.407299999], [6430540.0087, 5671604.069700001], [6430515.9075, 5671587.0515], [6430509.007, 5671582.179], [6430498.2938, 5671572.0022], [6430478.7619, 5671553.448100001], [6430470.3295, 5671545.437999999], [6430447.1137, 5671523.384400001], [6430436.0148, 5671512.8412], [6430416.35, 5671494.1609000005], [6430407.36, 5671485.620999999], [6430405.2389, 5671483.3137], [6430389.1751, 5671465.839], [6430382.675, 5671458.767999999], [6430381.9195, 5671456.558700001], [6430381.5324, 5671455.4267], [6430380.696, 5671452.981000001], [6430377.6723, 5671448.7061], [6430364.1714, 5671429.6184], [6430364.123, 5671429.550000001], [6430357.5595, 5671419.707699999], [6430339.3644, 5671392.4232], [6430331.3756, 5671380.443499999], [6430324.72, 5671370.4629999995], [6430320.1361, 5671363.651799999], [6430308.8582, 5671346.894200001], [6430296.9794, 5671329.243799999], [6430288.7724, 5671317.0492], [6430279.215, 5671302.847999999], [6430277.074, 5671299.444], [6430273.8465, 5671294.602299999], [6430265.6696, 5671282.3358], [6430256.97, 5671269.285], [6430254.2959, 5671265.2752], [6430254.535, 5671264.67], [6430254.819, 5671264.072000001], [6430255.142, 5671263.494999999], [6430255.503, 5671262.941], [6430255.898, 5671262.411], [6430256.329, 5671261.91], [6430258.09, 5671259.987], [6430250.293, 5671247.934], [6430248.63, 5671245.214], [6430244.574, 5671238.923], [6430228.87, 5671215.361], [6430227.8747, 5671216.109099999], [6430223.637, 5671219.294], [6430210.161, 5671217.306], [6430204.082, 5671216.41], [6430179.4597, 5671212.725199999], [6430174.948, 5671212.050000001], [6430148.568, 5671208.078], [6430141.9148, 5671207.055299999], [6430135.0454, 5671205.999299999], [6430126.547, 5671204.693], [6430105.375, 5671201.357999999], [6430099.8028, 5671200.5031], [6430087.986, 5671198.6899999995], [6430082.9224, 5671197.912699999], [6430082.892, 5671197.908], [6430061.583, 5671194.734999999], [6430057.445, 5671194.114], [6430052.224, 5671193.187000001], [6430049.4111, 5671193.005899999], [6430048.9529, 5671192.976399999], [6430041.895, 5671192.5219], [6430041.5585, 5671169.5995000005], [6430041.2946, 5671151.621099999], [6430041.1134, 5671139.2765], [6430040.6087, 5671108.226], [6430040.4953, 5671101.2497000005], [6430040.1518, 5671087.1951], [6430039.7451, 5671070.557399999], [6430039.5266, 5671061.6625], [6430038.8411, 5671033.752900001], [6430038.7194, 5671028.7985], [6430038.7036, 5671028.1556], [6430036.1323, 5671023.0141], [6430036.1017, 5671020.7863], [6430036.0597, 5671017.7190000005], [6430035.6058, 5670984.634], [6430035.4866, 5670975.9484], [6430035.4289, 5670971.739800001], [6430035.2605, 5670959.467], [6430035.0271, 5670942.464], [6430034.2502, 5670885.861500001], [6430034.066, 5670872.4418], [6430033.821, 5670869.2936], [6430032.983, 5670858.5283], [6430032.9557, 5670858.176999999], [6430033.132, 5670852.433499999], [6430033.2113, 5670849.8509], [6430033.2429, 5670848.823100001], [6430033.2773, 5670847.702400001], [6430033.3624, 5670846.8277], [6430033.548, 5670844.920499999], [6430033.5797, 5670844.5954], [6430033.6937, 5670843.423599999], [6430033.73, 5670843.050100001], [6430033.9599, 5670840.6883000005], [6430033.9599, 5670837.9724], [6430034.2249, 5670837.965299999], [6430034.7675, 5670832.3894], [6430036.2085, 5670817.582599999], [6430037.134, 5670808.0723], [6430038.2098, 5670797.0178], [6430150.8424, 5670793.018999999], [6430187.7761, 5670791.707800001], [6430319.5122, 5670789.3237], [6430385.1314, 5670788.1362], [6430494.6239, 5670786.1547], [6430579.5764, 5670784.6173], [6430581.3084, 5670784.585899999], [6430608.6718, 5670784.0907000005], [6430611.7272, 5670778.376], [6430615.2335, 5670771.8178], [6430615.9983, 5670770.387399999], [6430625.2223, 5670753.1347], [6430627.8766, 5670748.1702], [6430628.8295, 5670746.387800001], [6430630.8844, 5670742.544199999], [6430632.316, 5670739.866599999], [6430639.1092, 5670727.160700001], [6430640.7239, 5670724.1405], [6430640.9666, 5670723.6865], [6430643.0228, 5670719.8407000005], [6430647.3376, 5670711.6708], [6430652.1007, 5670702.6521000005], [6430655.189, 5670696.804500001], [6430665.2639, 5670677.7283], [6430669.3049, 5670670.0768], [6430679.2655, 5670651.217], [6430682.7493, 5670644.6205], [6430687.1423, 5670636.3027], [6430689.2208, 5670632.4844], [6430689.7885, 5670631.4416000005], [6430690.3011, 5670630.5001], [6430694.3078, 5670623.139799999], [6430704.301, 5670604.782500001], [6430707.6861, 5670598.564099999], [6430708.8722, 5670596.385299999], [6430711.2214, 5670585.256200001], [6430712.3927, 5670579.7074], [6430715.4245, 5670565.344799999], [6430719.122, 5670547.8288], [6430719.2632, 5670547.156199999], [6430721.4382, 5670536.7926], [6430725.5467, 5670517.2171], [6430726.2805, 5670513.721000001], [6430727.2606, 5670509.3445999995], [6430727.3052, 5670509.145300001], [6430728.1609, 5670505.317500001], [6430729.9515, 5670489.6249], [6430742.1624, 5670383.720899999], [6430746.3033, 5670349.0188], [6430783.0678, 5670342.584100001], [6430866.0343, 5670327.810699999], [6430953.5132, 5670312.3927], [6430979.0093, 5670307.804300001], [6430984.7123, 5670303.885199999], [6431018.0548, 5670283.241], [6431088.0727, 5670240.512399999], [6431130.345, 5670210.7097], [6431213.8607, 5670151.805299999], [6431213.8868, 5670151.8708], [6431213.9288, 5670151.976299999], [6431214.0876, 5670152.3748], [6431214.1098, 5670152.430500001], [6431214.2874, 5670152.8762], [6431214.3071, 5670152.9257], [6431214.5013, 5670153.4133], [6431214.7113, 5670153.940300001], [6431214.7148, 5670153.949100001], [6431214.7277, 5670153.9814], [6431214.904, 5670154.424000001], [6431214.9475, 5670154.533], [6431215.1355, 5670155.004899999], [6431215.1497, 5670155.0405], [6431215.179, 5670155.1142], [6431215.3097, 5670155.442], [6431215.4345, 5670155.7553], [6431215.5992, 5670156.1688], [6431215.7773, 5670156.615700001], [6431216.035, 5670157.262399999], [6431216.6808, 5670158.883400001], [6431216.7964, 5670159.1735], [6431217.313, 5670160.470000001], [6431217.4886, 5670160.409600001], [6431219.5222, 5670159.7105], [6431221.0982, 5670159.1686], [6431223.0436, 5670158.4997000005], [6431223.069, 5670158.491], [6431224.6537, 5670156.5759], [6431231.263, 5670148.588300001], [6431235.2824, 5670143.7311], [6431239.0035, 5670139.2357], [6431240.9086, 5670136.936899999], [6431241.3425, 5670136.4133], [6431243.2876, 5670134.0667], [6431243.8865, 5670133.3441], [6431244.0071, 5670133.1986], [6431245.8698, 5670130.951400001], [6431247.1871, 5670129.362199999], [6431248.5471, 5670127.7213], [6431248.7193, 5670127.513599999], [6431252.4614, 5670122.9989], [6431256.1809, 5670118.511600001], [6431262.3631, 5670111.0529], [6431265.1954, 5670107.6359], [6431269.682, 5670102.222999999], [6431270.0392, 5670102.908500001], [6431270.3072, 5670103.422800001], [6431272.4261, 5670107.4892], [6431276.2011, 5670114.7338], [6431277.4145, 5670117.0626], [6431283.646, 5670129.021299999], [6431284.657, 5670130.9616], [6431290.9874, 5670143.110400001], [6431291.8884, 5670144.839500001], [6431297.5844, 5670155.7707], [6431299.2273, 5670158.923599999], [6431303.3542, 5670166.843599999], [6431305.8628, 5670171.6577], [6431306.7251, 5670173.3126], [6431310.9411, 5670181.4036], [6431311.6545, 5670182.772700001], [6431312.2201, 5670183.858100001], [6431312.293, 5670183.998], [6431312.4257, 5670183.9692], [6431315.7692, 5670183.2447], [6431318.5231, 5670182.648], [6431323.5567, 5670181.5572], [6431347.3759, 5670176.3956], [6431367.208, 5670172.097999999], [6431382.483, 5670168.788000001], [6431385.476, 5670168.1395], [6431398.5636, 5670165.304], [6431410.8761, 5670162.636399999], [6431429.86, 5670158.523399999], [6431434.279, 5670157.566], [6431441.3951, 5670155.8982], [6431441.4954, 5670155.8747000005], [6431445.667, 5670154.897], [6431445.8573, 5670155.385500001], [6431446.2041, 5670156.2761], [6431446.705, 5670157.562000001], [6431447.1767, 5670158.7733], [6431447.2142, 5670158.8694], [6431450.8723, 5670168.261700001], [6431451.8991, 5670170.898], [6431455.5405, 5670180.247400001], [6431456.6695, 5670183.146299999], [6431459.3121, 5670189.9311999995], [6431460.7923, 5670193.731699999], [6431461.3988, 5670195.289000001], [6431464.0575, 5670202.1152], [6431464.2588, 5670202.631899999], [6431465.233, 5670205.133400001], [6431465.636, 5670206.168], [6431466.9909, 5670208.710000001], [6431479.2213, 5670201.789100001], [6431492.8342, 5670194.7247], [6431504.7008, 5670188.731899999], [6431511.8842, 5670188.136600001], [6431517.4802, 5670188.3747000005], [6431536.9271, 5670189.4066], [6431555.1834, 5670190.398800001], [6431558.4774, 5670190.7162999995], [6431576.694, 5670194.248500001], [6431585.6634, 5670196.431299999], [6431604.7135, 5670206.5119], [6431616.9108, 5670213.364600001], [6431627.9704, 5670220.296700001], [6431635.0083, 5670224.2126], [6431646.8352, 5670227.3214], [6431667.1553, 5670231.8061], [6431670.9256, 5670232.5999], [6431675.2912, 5670233.115800001], [6431684.8162, 5670233.869899999], [6431695.2144, 5670233.989], [6431717.241, 5670232.679300001], [6431725.4563, 5670231.3696], [6431751.1342, 5670225.0593], [6431769.7873, 5670222.281099999], [6431787.9246, 5670218.9871], [6431808.8399, 5670215.137399999], [6431825.9453, 5670212.1872000005], [6431854.9503, 5670208.1788], [6431908.9783, 5670202.754799999], [6431956.132, 5670202.357000001], [6431971.571, 5670202.130000001], [6431975.8545, 5670202.0655000005], [6431982.2515, 5670201.9691], [6431985.6469, 5670243.492799999], [6431991.0592, 5670242.9409], [6431992.5537, 5670242.7885], [6431996.6744, 5670242.3683], [6432001.551, 5670241.870999999], [6432001.6384, 5670242.3599], [6432001.9431, 5670244.0634], [6432002.2365, 5670245.7039], [6432002.4189, 5670246.7237], [6432002.6631, 5670248.089], [6432002.72, 5670248.407], [6432003.0748, 5670248.6811999995], [6432004.0298, 5670249.419399999], [6432004.5502, 5670249.821599999], [6432004.7816, 5670250.000499999], [6432008.26, 5670252.6899999995], [6432008.2596, 5670252.6862], [6432009.5199, 5670253.659700001], [6432010.6864, 5670254.560699999], [6432011.971, 5670255.552999999], [6432014.0516, 5670257.1603999995], [6432014.6044, 5670257.587400001], [6432018.7544, 5670260.793500001], [6432024.8967, 5670265.538699999], [6432028.1751, 5670268.0721], [6432035.198, 5670273.4969999995], [6432038.2317, 5670274.3376], [6432039.4349, 5670274.6709], [6432051.1698, 5670277.922499999], [6432053.2442, 5670278.497199999], [6432062.8115, 5670281.1481], [6432064.049, 5670281.491], [6432065.4855, 5670281.8892], [6432075.538, 5670284.676200001], [6432077.1255, 5670285.1163], [6432078.0719, 5670285.378699999], [6432078.4253, 5670285.4767], [6432094.2176, 5670289.854900001], [6432102.3234, 5670292.1022], [6432102.734, 5670292.216], [6432116.0194, 5670290.070499999], [6432122.4899, 5670289.0254999995], [6432123.007, 5670288.942], [6432137.0802, 5670281.7609], [6432141.8957, 5670279.3038], [6432144.2452, 5670278.104900001], [6432147.996, 5670276.191], [6432152.3335, 5670274.5666000005], [6432157.0557, 5670272.7982], [6432157.5908, 5670272.5978], [6432160.6627, 5670271.4474], [6432162.4102, 5670270.793], [6432165.969, 5670278.705], [6432171.1306, 5670290.180400001], [6432172.7016, 5670293.672900001], [6432174.0349, 5670296.6372], [6432175.0818, 5670298.9646000005], [6432177.8376, 5670305.091399999], [6432177.9142, 5670305.261700001], [6432179.8558, 5670309.578500001], [6432180.7307, 5670311.523700001], [6432180.7336, 5670311.5298999995], [6432181.5488, 5670313.3421], [6432182.1152, 5670314.601500001], [6432182.8887, 5670316.3211], [6432185.1905, 5670321.4383000005], [6432186.2604, 5670323.8171], [6432188.9869, 5670329.8785999995], [6432190.4782, 5670333.1941], [6432192.2834, 5670337.2075], [6432192.7, 5670338.1336], [6432193.015, 5670338.833900001], [6432200.6855, 5670355.8872], [6432201.4948, 5670357.6863], [6432201.9664, 5670358.7349], [6432202.2415, 5670359.3464], [6432216.014, 5670389.965600001], [6432220.184, 5670399.236400001], [6432229.555, 5670420.07], [6432231.5324, 5670424.4673], [6432234.3073, 5670430.637800001], [6432245.721, 5670456.018999999], [6432248.228, 5670461.598999999], [6432248.7108, 5670462.6732], [6432251.4804, 5670468.8356], [6432264.5025, 5670497.809900001], [6432268.0557, 5670505.716], [6432273.6826, 5670518.2358], [6432279.0057, 5670530.078400001], [6432280.2114, 5670532.760600001], [6432280.2316, 5670532.8071], [6432284.3997, 5670542.0814], [6432286.0125, 5670545.6698], [6432288.3535, 5670550.878799999], [6432290.5101, 5670555.676899999], [6432290.8608, 5670556.4564], [6432291.5953, 5670558.0886], [6432291.7097, 5670558.3443], [6432292.4848, 5670560.0677000005], [6432292.5093, 5670560.122400001], [6432294.212, 5670563.910800001], [6432295.1616, 5670566.023600001], [6432297.3986, 5670571.001], [6432298.0767, 5670572.5098], [6432302.5024, 5670582.357100001], [6432303.3385, 5670584.217599999], [6432308.3383, 5670595.3423999995], [6432309.1504, 5670597.1492], [6432313.0483, 5670605.8222], [6432314.219, 5670608.426999999], [6432318.0834, 5670617.0254999995], [6432319.1241, 5670619.3411], [6432322.9287, 5670627.806500001], [6432324.2819, 5670630.817500001], [6432327.2466, 5670637.414000001], [6432328.5628, 5670640.342499999], [6432330.9834, 5670645.728499999], [6432332.7396, 5670649.636], [6432335.3268, 5670655.3928], [6432336.8866, 5670658.863299999], [6432339.5664, 5670664.8259], [6432341.1066, 5670668.2530000005], [6432341.4647, 5670669.049799999], [6432343.0582, 5670672.5953], [6432343.0212, 5670673.4244], [6432342.3103, 5670689.3259], [6432363.4745, 5670722.497300001], [6432369.9382, 5670732.6281], [6432399.0945, 5670731.6185], [6432476.9786, 5670728.921499999], [6432521.5456, 5670727.3783], [6432534.4302, 5670726.9321], [6432565.0736, 5670725.870999999], [6432677.9147, 5670721.963500001], [6432693.7897, 5670721.413799999], [6432736.4696, 5670719.935900001], [6432741.5284, 5670719.7607], [6432904.8231, 5670714.1061], [6432909.703, 5670713.964299999], [6432909.7008, 5670713.9717], [6432911.968, 5670716.100199999], [6432907.7845, 5670720.556399999], [6432890.3059, 5670739.1745], [6432889.473, 5670759.617000001], [6432888.8111, 5670765.5459], [6432887.225, 5670777.8649], [6432885.3985, 5670789.888499999], [6432884.3824, 5670798.0156], [6432882.1705, 5670805.0152], [6432878.2929, 5670811.4768], [6432870.7711, 5670821.6088], [6432864.3894, 5670830.5068], [6432860.0153, 5670836.7884], [6432855.9009, 5670842.7097], [6432853.8592, 5670846.664999999], [6432853.6131, 5670850.586100001], [6432853.5942, 5670854.9746], [6432855.1006, 5670860.874299999], [6432858.7351, 5670871.425100001], [6432860.1412, 5670880.1974], [6432860.2926, 5670887.7404], [6432859.84, 5670897.626599999], [6432859.2522, 5670910.3518], [6432858.8941, 5670918.1614], [6432858.6028, 5670924.1448], [6432855.8898, 5670930.5011], [6432851.4379, 5670937.362500001], [6432847.0298, 5670943.210999999], [6432839.2065, 5670950.7315], [6432827.3594, 5670960.420700001], [6432816.6399, 5670969.1866], [6432807.6433, 5670976.5429], [6432798.0656, 5670984.3762], [6432783.9107, 5670995.543400001], [6432771.8994, 5671004.7228], [6432761.9648, 5671011.924699999], [6432750.8668, 5671019.9728999995], [6432736.5145, 5671030.368899999], [6432728.0369, 5671037.4856], [6432723.8748, 5671044.671399999], [6432721.6111, 5671051.851399999], [6432721.0513, 5671061.655300001], [6432720.9589, 5671073.237500001], [6432721.2303, 5671086.500499999], [6432721.5284, 5671100.8147], [6432721.9311, 5671122.0529], [6432722.2293, 5671148.4483], [6432722.4196, 5671165.312100001], [6432722.6007, 5671181.3835], [6432725.8147, 5671181.3619], [6432725.8769, 5671190.6161], [6432725.909, 5671195.396], [6432726.4447, 5671207.3378], [6432726.5492, 5671209.666099999], [6432726.6526, 5671211.971899999], [6432728.0162, 5671242.3686999995], [6432728.1936, 5671246.3225], [6432729.6922, 5671279.7279], [6432730.0305, 5671287.2689], [6432731.2399, 5671314.229599999], [6432731.5948, 5671322.1414], [6432732.152, 5671334.561000001], [6432733.5578, 5671349.3664], [6432733.8856, 5671352.818499999], [6432734.7436, 5671361.854699999], [6432736.1753, 5671376.9321], [6432737.0589, 5671386.237600001], [6432737.1957, 5671387.678099999], [6432737.5662, 5671391.58], [6432737.7735, 5671393.763499999], [6432737.828, 5671394.336999999], [6432737.9807, 5671395.945], [6432738.04, 5671396.57], [6432738.3566, 5671399.901000001], [6432738.7007, 5671403.521500001], [6432737.9716, 5671403.8006], [6432673.0978, 5671428.6164], [6432647.615, 5671438.364], [6432627.242, 5671449.07], [6432605.734, 5671461.800000001], [6432456.235, 5671560.539999999], [6432404.414, 5671594.767999999], [6432387.889, 5671601.8780000005], [6432370.936, 5671603.312000001], [6432350.699, 5671599.4350000005], [6432213.741, 5671573.211999999], [6432187.178, 5671572.261], [6432159.135, 5671575.528999999], [6432007.047, 5671602.51], [6431987.669, 5671609.551999999], [6431970.547, 5671618.687999999], [6431957.033, 5671629.35], [6431882.783, 5671694.515000001], [6431869.113, 5671709.431], [6431853.295, 5671730.363], [6431843.31, 5671751.5649999995], [6431838.128, 5671772.278000001], [6431836.773, 5671784.425000001], [6431837.285, 5671796.27], [6431845.751, 5671848.422], [6431847.378, 5671868.954], [6431843.952, 5671886.796], [6431837.189, 5671904.916999999], [6431807.663, 5671965.550000001], [6431798.442, 5671979.65], [6431786.238, 5671994.415999999], [6431764.673, 5672019.0649999995], [6431772.18, 5672029.585000001], [6431783.35, 5672045.341], [6431845.906, 5672126.181], [6431875.08, 5672157.833000001], [6431923.2, 5672229.890000001], [6431899.895, 5672247.071], [6431860.003, 5672300.982999999], [6431855.917, 5672356.875], [6431854.978, 5672365.245999999], [6431848.192, 5672402.089], [6431842.528, 5672423.339], [6431826.147, 5672470.507999999], [6431820.818, 5672483.833000001], [6431798.888, 5672531.119999999], [6431788.769, 5672551.944], [6431777.461, 5672576.131999999], [6431776.763, 5672577.15], [6431754.067, 5672623.176999999], [6431733.993, 5672665.163000001], [6431709.002, 5672705.807], [6431688.797, 5672737.834000001], [6431683.63, 5672745.73], [6431670.063, 5672766.482000001], [6431660.492, 5672780.499], [6431616.676, 5672782.68], [6431608.013, 5672780.044], [6431585.477, 5672761.466], [6431575.613, 5672756.984999999], [6431491.93, 5672747.856000001], [6431483.536, 5672748.336999999]]]}, "properties": {"OBJECTID": 48, "NROSIEDLA": 44, "NAZWAOSIEDLA": "Widawa", "SHAPE.AREA": 4100069.61260764, "SHAPE.LEN": 10377.6716326088, "DATA": 1453334400000}}]}
