{"type": "FeatureCollection", "crs": {"type": "name", "properties": {"name": "EPSG:2177"}}, "features": [{"type": "Feature", "id": 1, "geometry": {"type": "Point", "coordinates": [6433085.666200001, 5657390.612400001]}, "properties": {"OBJECTID": 1, "COUNT_": 2, "COUNT_FC": 1}}, {"type": "Feature", "id": 2, "geometry": {"type": "Point", "coordinates": [6433089.837, 5657416.5373]}, "properties": {"OBJECTID": 2, "COUNT_": 1, "COUNT_FC": 1}}, {"type": "Feature", "id": 3, "geometry": {"type": "Point", "coordinates": [6434061.3561, 5657471.2675]}, "properties": {"OBJECTID": 3, "COUNT_": 2, "COUNT_FC": 1}}, {"type": "Feature", "id": 4, "geometry": {"type": "Point", "coordinates": [6436077.7253, 5657478.362600001]}, "properties": {"OBJECTID": 4, "COUNT_": 1, "COUNT_FC": 1}}, {"type": "Feature", "id": 5, "geometry": {"type": "Point", "coordinates": [6433339.7541, 5657487.8715]}, "properties": {"OBJECTID": 5, "COUNT_": 1, "COUNT_FC": 1}}, {"type": "Feature", "id": 6, "geometry": {"type": "Point", "coordinates": [6435717.2138, 5657517.1128]}, "properties": {"OBJECTID": 6, "COUNT_": 9, "COUNT_FC": 1}}, {"type": "Feature", "id": 7, "geometry": {"type": "Point", "coordinates": [6431567.3794, 5657621.0166]}, "properties": {"OBJECTID": 7, "COUNT_": 1, "COUNT_FC": 1}}, {"type": "Feature", "id": 8, "geometry": {"type": "Point", "coordinates": [6436094.2777, 5657702.6197999995]}, "properties": {"OBJECTID": 8, "COUNT_": 8, "COUNT_FC": 1}}, {"type": "Feature", "id": 9, "geometry": {"type": "Point", "coordinates": [6434058.8716, 5657757.8834999995]}, "properties": {"OBJECTID": 9, "COUNT_": 1, "COUNT_FC": 1}}, {"type": "Feature", "id": 10, "geometry": {"type": "Point", "coordinates": [6436441.5908, 5657795.342800001]}, "properties": {"OBJECTID": 10, "COUNT_": 1, "COUNT_FC": 1}}, {"type": "Feature", "id": 11, "geometry": {"type": "Point", "coordinates": [6430717.4285, 5657831.0216]}, "properties": {"OBJECTID": 11, "COUNT_": 1, "COUNT_FC": 1}}, {"type": "Feature", "id": 12, "geometry": {"type": "Point", "coordinates": [6432575.1487, 5657895.528699999]}, "properties": {"OBJECTID": 12, "COUNT_": 1, "COUNT_FC": 1}}, {"type": "Feature", "id": 13, "geometry": {"type": "Point", "coordinates": [6436266.1901, 5657901.667300001]}, "properties": {"OBJECTID": 13, "COUNT_": 1, "COUNT_FC": 1}}, {"type": "Feature", "id": 14, "geometry": {"type": "Point", "coordinates": [6432501.1453, 5657978.187999999]}, "properties": {"OBJECTID": 14, "COUNT_": 1, "COUNT_FC": 1}}, {"type": "Feature", "id": 15, "geometry": {"type": "Point", "coordinates": [6436127.2152, 5657993.9221]}, "properties": {"OBJECTID": 15, "COUNT_": 1, "COUNT_FC": 1}}, {"type": "Feature", "id": 16, "geometry": {"type": "Point", "coordinates": [6433555.8097, 5658076.218599999]}, "properties": {"OBJECTID": 16, "COUNT_": 9, "COUNT_FC": 1}}, {"type": "Feature", "id": 17, "geometry": {"type": "Point", "coordinates": [6432811.6554, 5658131.042099999]}, "properties": {"OBJECTID": 17, "COUNT_": 1, "COUNT_FC": 1}}, {"type": "Feature", "id": 18, "geometry": {"type": "Point", "coordinates": [6435896.552, 5658143.778700001]}, "properties": {"OBJECTID": 18, "COUNT_": 1, "COUNT_FC": 1}}, {"type": "Feature", "id": 19, "geometry": {"type": "Point", "coordinates": [6434203.4175, 5658200.790999999]}, "properties": {"OBJECTID": 19, "COUNT_": 1, "COUNT_FC": 1}}, {"type": "Feature", "id": 20, "geometry": {"type": "Point", "coordinates": [6432539.6081, 5658238.6251]}, "properties": {"OBJECTID": 20, "COUNT_": 1, "COUNT_FC": 1}}, {"type": "Feature", "id": 21, "geometry": {"type": "Point", "coordinates": [6435105.6887, 5658268.3848]}, "properties": {"OBJECTID": 21, "COUNT_": 4, "COUNT_FC": 1}}, {"type": "Feature", "id": 22, "geometry": {"type": "Point", "coordinates": [6430684.2213, 5658278.545600002]}, "properties": {"OBJECTID": 22, "COUNT_": 1, "COUNT_FC": 1}}, {"type": "Feature", "id": 23, "geometry": {"type": "Point", "coordinates": [6427820.0767, 5658294.708499999]}, "properties": {"OBJECTID": 23, "COUNT_": 2, "COUNT_FC": 1}}, {"type": "Feature", "id": 24, "geometry": {"type": "Point", "coordinates": [6431380.5886, 5658302.2687]}, "properties": {"OBJECTID": 24, "COUNT_": 1, "COUNT_FC": 1}}, {"type": "Feature", "id": 25, "geometry": {"type": "Point", "coordinates": [6428000.7122, 5658337.474300001]}, "properties": {"OBJECTID": 25, "COUNT_": 1, "COUNT_FC": 1}}, {"type": "Feature", "id": 26, "geometry": {"type": "Point", "coordinates": [6435155.724, 5658345.793199999]}, "properties": {"OBJECTID": 26, "COUNT_": 1, "COUNT_FC": 1}}, {"type": "Feature", "id": 27, "geometry": {"type": "Point", "coordinates": [6431386.672, 5658395.768200001]}, "properties": {"OBJECTID": 27, "COUNT_": 1, "COUNT_FC": 1}}, {"type": "Feature", "id": 28, "geometry": {"type": "Point", "coordinates": [6435404.2508, 5658398.5547]}, "properties": {"OBJECTID": 28, "COUNT_": 3, "COUNT_FC": 1}}, {"type": "Feature", "id": 29, "geometry": {"type": "Point", "coordinates": [6435537.1239, 5658399.1599]}, "properties": {"OBJECTID": 29, "COUNT_": 2, "COUNT_FC": 1}}, {"type": "Feature", "id": 30, "geometry": {"type": "Point", "coordinates": [6428010.5258, 5658402.545299999]}, "properties": {"OBJECTID": 30, "COUNT_": 2, "COUNT_FC": 1}}, {"type": "Feature", "id": 31, "geometry": {"type": "Point", "coordinates": [6428544.6947, 5658430.728800001]}, "properties": {"OBJECTID": 31, "COUNT_": 4, "COUNT_FC": 1}}, {"type": "Feature", "id": 32, "geometry": {"type": "Point", "coordinates": [6428052.331, 5658453.0078]}, "properties": {"OBJECTID": 32, "COUNT_": 1, "COUNT_FC": 1}}, {"type": "Feature", "id": 33, "geometry": {"type": "Point", "coordinates": [6435755.0814, 5658459.0952]}, "properties": {"OBJECTID": 33, "COUNT_": 4, "COUNT_FC": 1}}, {"type": "Feature", "id": 34, "geometry": {"type": "Point", "coordinates": [6431824.0593, 5658497.825200001]}, "properties": {"OBJECTID": 34, "COUNT_": 1, "COUNT_FC": 1}}, {"type": "Feature", "id": 35, "geometry": {"type": "Point", "coordinates": [6429127.4161, 5658526.669800001]}, "properties": {"OBJECTID": 35, "COUNT_": 1, "COUNT_FC": 1}}, {"type": "Feature", "id": 36, "geometry": {"type": "Point", "coordinates": [6427234.8485, 5658553.643999999]}, "properties": {"OBJECTID": 36, "COUNT_": 1, "COUNT_FC": 1}}, {"type": "Feature", "id": 37, "geometry": {"type": "Point", "coordinates": [6436656.256, 5658559.480699999]}, "properties": {"OBJECTID": 37, "COUNT_": 1, "COUNT_FC": 1}}, {"type": "Feature", "id": 38, "geometry": {"type": "Point", "coordinates": [6431850.6932, 5658570.119200001]}, "properties": {"OBJECTID": 38, "COUNT_": 1, "COUNT_FC": 1}}, {"type": "Feature", "id": 39, "geometry": {"type": "Point", "coordinates": [6432761.283500001, 5658573.0045]}, "properties": {"OBJECTID": 39, "COUNT_": 1, "COUNT_FC": 1}}, {"type": "Feature", "id": 40, "geometry": {"type": "Point", "coordinates": [6435648.092, 5658609.2809999995]}, "properties": {"OBJECTID": 40, "COUNT_": 1, "COUNT_FC": 1}}, {"type": "Feature", "id": 41, "geometry": {"type": "Point", "coordinates": [6434220.7848, 5658621.9319]}, "properties": {"OBJECTID": 41, "COUNT_": 2, "COUNT_FC": 1}}, {"type": "Feature", "id": 42, "geometry": {"type": "Point", "coordinates": [6431276.3333, 5658631.049200001]}, "properties": {"OBJECTID": 42, "COUNT_": 1, "COUNT_FC": 1}}, {"type": "Feature", "id": 43, "geometry": {"type": "Point", "coordinates": [6435832.0636, 5658634.8763999995]}, "properties": {"OBJECTID": 43, "COUNT_": 1, "COUNT_FC": 1}}, {"type": "Feature", "id": 44, "geometry": {"type": "Point", "coordinates": [6428732.583, 5658654.2182]}, "properties": {"OBJECTID": 44, "COUNT_": 1, "COUNT_FC": 1}}, {"type": "Feature", "id": 45, "geometry": {"type": "Point", "coordinates": [6428614.8629, 5658674.761499999]}, "properties": {"OBJECTID": 45, "COUNT_": 1, "COUNT_FC": 1}}, {"type": "Feature", "id": 46, "geometry": {"type": "Point", "coordinates": [6428626.3511, 5658683.235300001]}, "properties": {"OBJECTID": 46, "COUNT_": 4, "COUNT_FC": 1}}, {"type": "Feature", "id": 47, "geometry": {"type": "Point", "coordinates": [6435316.0353, 5658710.376700001]}, "properties": {"OBJECTID": 47, "COUNT_": 1, "COUNT_FC": 1}}, {"type": "Feature", "id": 48, "geometry": {"type": "Point", "coordinates": [6433621.9178, 5658720.278000001]}, "properties": {"OBJECTID": 48, "COUNT_": 1, "COUNT_FC": 1}}, {"type": "Feature", "id": 49, "geometry": {"type": "Point", "coordinates": [6433874.2318, 5658729.5711]}, "properties": {"OBJECTID": 49, "COUNT_": 1, "COUNT_FC": 1}}, {"type": "Feature", "id": 50, "geometry": {"type": "Point", "coordinates": [6431271.0099, 5658741.0877]}, "properties": {"OBJECTID": 50, "COUNT_": 1, "COUNT_FC": 1}}, {"type": "Feature", "id": 51, "geometry": {"type": "Point", "coordinates": [6430980.6504, 5658750.580600002]}, "properties": {"OBJECTID": 51, "COUNT_": 1, "COUNT_FC": 1}}, {"type": "Feature", "id": 52, "geometry": {"type": "Point", "coordinates": [6427245.2751, 5658752.6973]}, "properties": {"OBJECTID": 52, "COUNT_": 5, "COUNT_FC": 1}}, {"type": "Feature", "id": 53, "geometry": {"type": "Point", "coordinates": [6430970.7903, 5658794.293199999]}, "properties": {"OBJECTID": 53, "COUNT_": 1, "COUNT_FC": 1}}, {"type": "Feature", "id": 54, "geometry": {"type": "Point", "coordinates": [6431149.4811, 5658796.680199999]}, "properties": {"OBJECTID": 54, "COUNT_": 1, "COUNT_FC": 1}}, {"type": "Feature", "id": 55, "geometry": {"type": "Point", "coordinates": [6435229.5144, 5658797.0571]}, "properties": {"OBJECTID": 55, "COUNT_": 12, "COUNT_FC": 1}}, {"type": "Feature", "id": 56, "geometry": {"type": "Point", "coordinates": [6429053.6056, 5658803.9638]}, "properties": {"OBJECTID": 56, "COUNT_": 2, "COUNT_FC": 1}}, {"type": "Feature", "id": 57, "geometry": {"type": "Point", "coordinates": [6429075.8485, 5658820.352]}, "properties": {"OBJECTID": 57, "COUNT_": 9, "COUNT_FC": 1}}, {"type": "Feature", "id": 58, "geometry": {"type": "Point", "coordinates": [6435145.2851, 5658822.3387]}, "properties": {"OBJECTID": 58, "COUNT_": 1, "COUNT_FC": 1}}, {"type": "Feature", "id": 59, "geometry": {"type": "Point", "coordinates": [6430528.5601, 5658831.8825]}, "properties": {"OBJECTID": 59, "COUNT_": 1, "COUNT_FC": 1}}, {"type": "Feature", "id": 60, "geometry": {"type": "Point", "coordinates": [6429035.2732, 5658841.193]}, "properties": {"OBJECTID": 60, "COUNT_": 1, "COUNT_FC": 1}}, {"type": "Feature", "id": 61, "geometry": {"type": "Point", "coordinates": [6429026.8001, 5658849.1526]}, "properties": {"OBJECTID": 61, "COUNT_": 1, "COUNT_FC": 1}}, {"type": "Feature", "id": 62, "geometry": {"type": "Point", "coordinates": [6431291.2079, 5658849.590299999]}, "properties": {"OBJECTID": 62, "COUNT_": 6, "COUNT_FC": 1}}, {"type": "Feature", "id": 63, "geometry": {"type": "Point", "coordinates": [6428872.5361, 5658864.2326]}, "properties": {"OBJECTID": 63, "COUNT_": 2, "COUNT_FC": 1}}, {"type": "Feature", "id": 64, "geometry": {"type": "Point", "coordinates": [6435102.4212, 5658884.553300002]}, "properties": {"OBJECTID": 64, "COUNT_": 1, "COUNT_FC": 1}}, {"type": "Feature", "id": 65, "geometry": {"type": "Point", "coordinates": [6435086.4274, 5658897.17]}, "properties": {"OBJECTID": 65, "COUNT_": 1, "COUNT_FC": 1}}, {"type": "Feature", "id": 66, "geometry": {"type": "Point", "coordinates": [6431992.5872, 5658906.2874]}, "properties": {"OBJECTID": 66, "COUNT_": 9, "COUNT_FC": 1}}, {"type": "Feature", "id": 67, "geometry": {"type": "Point", "coordinates": [6431793.1753, 5658909.1647]}, "properties": {"OBJECTID": 67, "COUNT_": 1, "COUNT_FC": 1}}, {"type": "Feature", "id": 68, "geometry": {"type": "Point", "coordinates": [6436720.5365, 5658934.3848]}, "properties": {"OBJECTID": 68, "COUNT_": 1, "COUNT_FC": 1}}, {"type": "Feature", "id": 69, "geometry": {"type": "Point", "coordinates": [6432210.3029, 5658974.4508]}, "properties": {"OBJECTID": 69, "COUNT_": 1, "COUNT_FC": 1}}, {"type": "Feature", "id": 70, "geometry": {"type": "Point", "coordinates": [6435535.3175, 5658979.5118]}, "properties": {"OBJECTID": 70, "COUNT_": 1, "COUNT_FC": 1}}, {"type": "Feature", "id": 71, "geometry": {"type": "Point", "coordinates": [6428420.0826, 5658999.5865]}, "properties": {"OBJECTID": 71, "COUNT_": 22, "COUNT_FC": 1}}, {"type": "Feature", "id": 72, "geometry": {"type": "Point", "coordinates": [6435655.8335, 5659048.2048]}, "properties": {"OBJECTID": 72, "COUNT_": 4, "COUNT_FC": 1}}, {"type": "Feature", "id": 73, "geometry": {"type": "Point", "coordinates": [6432130.726, 5659075.612400001]}, "properties": {"OBJECTID": 73, "COUNT_": 1, "COUNT_FC": 1}}, {"type": "Feature", "id": 74, "geometry": {"type": "Point", "coordinates": [6435052.7252, 5659076.1951]}, "properties": {"OBJECTID": 74, "COUNT_": 4, "COUNT_FC": 1}}, {"type": "Feature", "id": 75, "geometry": {"type": "Point", "coordinates": [6433664.4727, 5659133.434900001]}, "properties": {"OBJECTID": 75, "COUNT_": 1, "COUNT_FC": 1}}, {"type": "Feature", "id": 76, "geometry": {"type": "Point", "coordinates": [6428403.6456, 5659151.746200001]}, "properties": {"OBJECTID": 76, "COUNT_": 2, "COUNT_FC": 1}}, {"type": "Feature", "id": 77, "geometry": {"type": "Point", "coordinates": [6428365.5666, 5659183.877]}, "properties": {"OBJECTID": 77, "COUNT_": 2, "COUNT_FC": 1}}, {"type": "Feature", "id": 78, "geometry": {"type": "Point", "coordinates": [6429904.513, 5659228.1832]}, "properties": {"OBJECTID": 78, "COUNT_": 1, "COUNT_FC": 1}}, {"type": "Feature", "id": 79, "geometry": {"type": "Point", "coordinates": [6428270.5789, 5659253.391100001]}, "properties": {"OBJECTID": 79, "COUNT_": 1, "COUNT_FC": 1}}, {"type": "Feature", "id": 80, "geometry": {"type": "Point", "coordinates": [6429166.6382, 5659269.4606]}, "properties": {"OBJECTID": 80, "COUNT_": 1, "COUNT_FC": 1}}, {"type": "Feature", "id": 81, "geometry": {"type": "Point", "coordinates": [6435765.3316, 5659288.901900001]}, "properties": {"OBJECTID": 81, "COUNT_": 2, "COUNT_FC": 1}}, {"type": "Feature", "id": 82, "geometry": {"type": "Point", "coordinates": [6433292.7799, 5659297.6018]}, "properties": {"OBJECTID": 82, "COUNT_": 1, "COUNT_FC": 1}}, {"type": "Feature", "id": 83, "geometry": {"type": "Point", "coordinates": [6428818.3206, 5659327.058800001]}, "properties": {"OBJECTID": 83, "COUNT_": 1, "COUNT_FC": 1}}, {"type": "Feature", "id": 84, "geometry": {"type": "Point", "coordinates": [6430033.9965, 5659347.576899999]}, "properties": {"OBJECTID": 84, "COUNT_": 1, "COUNT_FC": 1}}, {"type": "Feature", "id": 85, "geometry": {"type": "Point", "coordinates": [6432231.9776, 5659393.149100001]}, "properties": {"OBJECTID": 85, "COUNT_": 1, "COUNT_FC": 1}}, {"type": "Feature", "id": 86, "geometry": {"type": "Point", "coordinates": [6427592.2263, 5659412.5232]}, "properties": {"OBJECTID": 86, "COUNT_": 1454, "COUNT_FC": 1}}, {"type": "Feature", "id": 87, "geometry": {"type": "Point", "coordinates": [6432216.9794, 5659431.981799999]}, "properties": {"OBJECTID": 87, "COUNT_": 1, "COUNT_FC": 1}}, {"type": "Feature", "id": 88, "geometry": {"type": "Point", "coordinates": [6429830.5956, 5659444.066000001]}, "properties": {"OBJECTID": 88, "COUNT_": 1, "COUNT_FC": 1}}, {"type": "Feature", "id": 89, "geometry": {"type": "Point", "coordinates": [6430514.2704, 5659454.5437]}, "properties": {"OBJECTID": 89, "COUNT_": 1, "COUNT_FC": 1}}, {"type": "Feature", "id": 90, "geometry": {"type": "Point", "coordinates": [6429902.1223, 5659464.8726]}, "properties": {"OBJECTID": 90, "COUNT_": 1, "COUNT_FC": 1}}, {"type": "Feature", "id": 91, "geometry": {"type": "Point", "coordinates": [6430524.1197, 5659515.492699999]}, "properties": {"OBJECTID": 91, "COUNT_": 1, "COUNT_FC": 1}}, {"type": "Feature", "id": 92, "geometry": {"type": "Point", "coordinates": [6427965.5098, 5659535.0283]}, "properties": {"OBJECTID": 92, "COUNT_": 2, "COUNT_FC": 1}}, {"type": "Feature", "id": 93, "geometry": {"type": "Point", "coordinates": [6435472.0135, 5659548.851399999]}, "properties": {"OBJECTID": 93, "COUNT_": 1, "COUNT_FC": 1}}, {"type": "Feature", "id": 94, "geometry": {"type": "Point", "coordinates": [6428678.5949, 5659563.020300001]}, "properties": {"OBJECTID": 94, "COUNT_": 2, "COUNT_FC": 1}}, {"type": "Feature", "id": 95, "geometry": {"type": "Point", "coordinates": [6428666.972, 5659566.177999998]}, "properties": {"OBJECTID": 95, "COUNT_": 1, "COUNT_FC": 1}}, {"type": "Feature", "id": 96, "geometry": {"type": "Point", "coordinates": [6430105.8015, 5659572.452199999]}, "properties": {"OBJECTID": 96, "COUNT_": 1, "COUNT_FC": 1}}, {"type": "Feature", "id": 97, "geometry": {"type": "Point", "coordinates": [6430516.5186, 5659585.589000001]}, "properties": {"OBJECTID": 97, "COUNT_": 1, "COUNT_FC": 1}}, {"type": "Feature", "id": 98, "geometry": {"type": "Point", "coordinates": [6428564.483, 5659601.372400001]}, "properties": {"OBJECTID": 98, "COUNT_": 2, "COUNT_FC": 1}}, {"type": "Feature", "id": 99, "geometry": {"type": "Point", "coordinates": [6430486.127, 5659605.0989]}, "properties": {"OBJECTID": 99, "COUNT_": 1, "COUNT_FC": 1}}, {"type": "Feature", "id": 100, "geometry": {"type": "Point", "coordinates": [6436158.3988, 5659611.2842]}, "properties": {"OBJECTID": 100, "COUNT_": 2, "COUNT_FC": 1}}, {"type": "Feature", "id": 101, "geometry": {"type": "Point", "coordinates": [6430782.4733, 5659620.715600001]}, "properties": {"OBJECTID": 101, "COUNT_": 2, "COUNT_FC": 1}}, {"type": "Feature", "id": 102, "geometry": {"type": "Point", "coordinates": [6436311.4485, 5659621.0008000005]}, "properties": {"OBJECTID": 102, "COUNT_": 1, "COUNT_FC": 1}}, {"type": "Feature", "id": 103, "geometry": {"type": "Point", "coordinates": [6428680.5477, 5659667.414100001]}, "properties": {"OBJECTID": 103, "COUNT_": 1, "COUNT_FC": 1}}, {"type": "Feature", "id": 104, "geometry": {"type": "Point", "coordinates": [6428603.465, 5659674.3566]}, "properties": {"OBJECTID": 104, "COUNT_": 12, "COUNT_FC": 1}}, {"type": "Feature", "id": 105, "geometry": {"type": "Point", "coordinates": [6430986.7295, 5659689.626599999]}, "properties": {"OBJECTID": 105, "COUNT_": 1, "COUNT_FC": 1}}, {"type": "Feature", "id": 106, "geometry": {"type": "Point", "coordinates": [6428600.7156, 5659690.635199999]}, "properties": {"OBJECTID": 106, "COUNT_": 1, "COUNT_FC": 1}}, {"type": "Feature", "id": 107, "geometry": {"type": "Point", "coordinates": [6430705.9869, 5659693.664899999]}, "properties": {"OBJECTID": 107, "COUNT_": 60, "COUNT_FC": 1}}, {"type": "Feature", "id": 108, "geometry": {"type": "Point", "coordinates": [6428598.6777, 5659702.7008]}, "properties": {"OBJECTID": 108, "COUNT_": 4, "COUNT_FC": 1}}, {"type": "Feature", "id": 109, "geometry": {"type": "Point", "coordinates": [6433802.3767, 5659707.319499999]}, "properties": {"OBJECTID": 109, "COUNT_": 1, "COUNT_FC": 1}}, {"type": "Feature", "id": 110, "geometry": {"type": "Point", "coordinates": [6431232.6582, 5659711.8401]}, "properties": {"OBJECTID": 110, "COUNT_": 1, "COUNT_FC": 1}}, {"type": "Feature", "id": 111, "geometry": {"type": "Point", "coordinates": [6430637.222, 5659717.320699999]}, "properties": {"OBJECTID": 111, "COUNT_": 1, "COUNT_FC": 1}}, {"type": "Feature", "id": 112, "geometry": {"type": "Point", "coordinates": [6430635.5912, 5659720.259500001]}, "properties": {"OBJECTID": 112, "COUNT_": 5, "COUNT_FC": 1}}, {"type": "Feature", "id": 113, "geometry": {"type": "Point", "coordinates": [6431235.0627, 5659731.102600001]}, "properties": {"OBJECTID": 113, "COUNT_": 2, "COUNT_FC": 1}}, {"type": "Feature", "id": 114, "geometry": {"type": "Point", "coordinates": [6428064.3009, 5659733.370999999]}, "properties": {"OBJECTID": 114, "COUNT_": 1, "COUNT_FC": 1}}, {"type": "Feature", "id": 115, "geometry": {"type": "Point", "coordinates": [6431716.2996, 5659734.330800001]}, "properties": {"OBJECTID": 115, "COUNT_": 1, "COUNT_FC": 1}}, {"type": "Feature", "id": 116, "geometry": {"type": "Point", "coordinates": [6434103.3073, 5659740.8993]}, "properties": {"OBJECTID": 116, "COUNT_": 1, "COUNT_FC": 1}}, {"type": "Feature", "id": 117, "geometry": {"type": "Point", "coordinates": [6431802.0598, 5659743.1063]}, "properties": {"OBJECTID": 117, "COUNT_": 2, "COUNT_FC": 1}}, {"type": "Feature", "id": 118, "geometry": {"type": "Point", "coordinates": [6430318.2571, 5659769.580499999]}, "properties": {"OBJECTID": 118, "COUNT_": 3, "COUNT_FC": 1}}, {"type": "Feature", "id": 119, "geometry": {"type": "Point", "coordinates": [6430312.1441, 5659773.4355999995]}, "properties": {"OBJECTID": 119, "COUNT_": 1, "COUNT_FC": 1}}, {"type": "Feature", "id": 120, "geometry": {"type": "Point", "coordinates": [6431342.0724, 5659776.5645]}, "properties": {"OBJECTID": 120, "COUNT_": 1, "COUNT_FC": 1}}, {"type": "Feature", "id": 121, "geometry": {"type": "Point", "coordinates": [6436734.5243, 5659786.4462]}, "properties": {"OBJECTID": 121, "COUNT_": 1, "COUNT_FC": 1}}, {"type": "Feature", "id": 122, "geometry": {"type": "Point", "coordinates": [6429718.6894, 5659791.57]}, "properties": {"OBJECTID": 122, "COUNT_": 13, "COUNT_FC": 1}}, {"type": "Feature", "id": 123, "geometry": {"type": "Point", "coordinates": [6431975.8531, 5659816.219699999]}, "properties": {"OBJECTID": 123, "COUNT_": 1, "COUNT_FC": 1}}, {"type": "Feature", "id": 124, "geometry": {"type": "Point", "coordinates": [6436822.7306, 5659843.747400001]}, "properties": {"OBJECTID": 124, "COUNT_": 2, "COUNT_FC": 1}}, {"type": "Feature", "id": 125, "geometry": {"type": "Point", "coordinates": [6430245.7575, 5659868.8517]}, "properties": {"OBJECTID": 125, "COUNT_": 2, "COUNT_FC": 1}}, {"type": "Feature", "id": 126, "geometry": {"type": "Point", "coordinates": [6431829.2684, 5659868.896600001]}, "properties": {"OBJECTID": 126, "COUNT_": 1, "COUNT_FC": 1}}, {"type": "Feature", "id": 127, "geometry": {"type": "Point", "coordinates": [6435902.688, 5659870.462400001]}, "properties": {"OBJECTID": 127, "COUNT_": 1, "COUNT_FC": 1}}, {"type": "Feature", "id": 128, "geometry": {"type": "Point", "coordinates": [6430453.3882, 5659873.482799999]}, "properties": {"OBJECTID": 128, "COUNT_": 1, "COUNT_FC": 1}}, {"type": "Feature", "id": 129, "geometry": {"type": "Point", "coordinates": [6431765.6972, 5659878.761299999]}, "properties": {"OBJECTID": 129, "COUNT_": 2, "COUNT_FC": 1}}, {"type": "Feature", "id": 130, "geometry": {"type": "Point", "coordinates": [6436551.0805, 5659885.2676]}, "properties": {"OBJECTID": 130, "COUNT_": 2, "COUNT_FC": 1}}, {"type": "Feature", "id": 131, "geometry": {"type": "Point", "coordinates": [6429532.4151, 5659885.6373]}, "properties": {"OBJECTID": 131, "COUNT_": 1, "COUNT_FC": 1}}, {"type": "Feature", "id": 132, "geometry": {"type": "Point", "coordinates": [6429527.8584, 5659885.9519]}, "properties": {"OBJECTID": 132, "COUNT_": 2, "COUNT_FC": 1}}, {"type": "Feature", "id": 133, "geometry": {"type": "Point", "coordinates": [6430193.2969, 5659885.986099999]}, "properties": {"OBJECTID": 133, "COUNT_": 1, "COUNT_FC": 1}}, {"type": "Feature", "id": 134, "geometry": {"type": "Point", "coordinates": [6430189.2828, 5659886.416400001]}, "properties": {"OBJECTID": 134, "COUNT_": 1, "COUNT_FC": 1}}, {"type": "Feature", "id": 135, "geometry": {"type": "Point", "coordinates": [6433993.841, 5659890.2733]}, "properties": {"OBJECTID": 135, "COUNT_": 1, "COUNT_FC": 1}}, {"type": "Feature", "id": 136, "geometry": {"type": "Point", "coordinates": [6430179.5612, 5659893.758099999]}, "properties": {"OBJECTID": 136, "COUNT_": 262, "COUNT_FC": 1}}, {"type": "Feature", "id": 137, "geometry": {"type": "Point", "coordinates": [6430341.9437, 5659902.6686]}, "properties": {"OBJECTID": 137, "COUNT_": 1, "COUNT_FC": 1}}, {"type": "Feature", "id": 138, "geometry": {"type": "Point", "coordinates": [6429593.7885, 5659904.043]}, "properties": {"OBJECTID": 138, "COUNT_": 1, "COUNT_FC": 1}}, {"type": "Feature", "id": 139, "geometry": {"type": "Point", "coordinates": [6430109.6289, 5659907.2194]}, "properties": {"OBJECTID": 139, "COUNT_": 10, "COUNT_FC": 1}}, {"type": "Feature", "id": 140, "geometry": {"type": "Point", "coordinates": [6430101.0778, 5659914.8364]}, "properties": {"OBJECTID": 140, "COUNT_": 1, "COUNT_FC": 1}}, {"type": "Feature", "id": 141, "geometry": {"type": "Point", "coordinates": [6430097.3682, 5659915.1556]}, "properties": {"OBJECTID": 141, "COUNT_": 8, "COUNT_FC": 1}}, {"type": "Feature", "id": 142, "geometry": {"type": "Point", "coordinates": [6436097.9811, 5659919.0064]}, "properties": {"OBJECTID": 142, "COUNT_": 1, "COUNT_FC": 1}}, {"type": "Feature", "id": 143, "geometry": {"type": "Point", "coordinates": [6430236.7829, 5659936.834000001]}, "properties": {"OBJECTID": 143, "COUNT_": 1, "COUNT_FC": 1}}, {"type": "Feature", "id": 144, "geometry": {"type": "Point", "coordinates": [6430065.6411, 5659941.7984]}, "properties": {"OBJECTID": 144, "COUNT_": 1, "COUNT_FC": 1}}, {"type": "Feature", "id": 145, "geometry": {"type": "Point", "coordinates": [6429900.2655, 5659941.8628]}, "properties": {"OBJECTID": 145, "COUNT_": 41, "COUNT_FC": 1}}, {"type": "Feature", "id": 146, "geometry": {"type": "Point", "coordinates": [6430062.3039, 5659941.992699999]}, "properties": {"OBJECTID": 146, "COUNT_": 4, "COUNT_FC": 1}}, {"type": "Feature", "id": 147, "geometry": {"type": "Point", "coordinates": [6429452.1786, 5659947.616800001]}, "properties": {"OBJECTID": 147, "COUNT_": 59, "COUNT_FC": 1}}, {"type": "Feature", "id": 148, "geometry": {"type": "Point", "coordinates": [6429893.9829, 5659949.0594999995]}, "properties": {"OBJECTID": 148, "COUNT_": 1, "COUNT_FC": 1}}, {"type": "Feature", "id": 149, "geometry": {"type": "Point", "coordinates": [6435144.0847, 5659949.1961]}, "properties": {"OBJECTID": 149, "COUNT_": 1, "COUNT_FC": 1}}, {"type": "Feature", "id": 150, "geometry": {"type": "Point", "coordinates": [6430048.9075, 5659950.798599999]}, "properties": {"OBJECTID": 150, "COUNT_": 3, "COUNT_FC": 1}}, {"type": "Feature", "id": 151, "geometry": {"type": "Point", "coordinates": [6430265.1001, 5659951.7031]}, "properties": {"OBJECTID": 151, "COUNT_": 1, "COUNT_FC": 1}}, {"type": "Feature", "id": 152, "geometry": {"type": "Point", "coordinates": [6428864.6265, 5659958.529200001]}, "properties": {"OBJECTID": 152, "COUNT_": 484, "COUNT_FC": 1}}, {"type": "Feature", "id": 153, "geometry": {"type": "Point", "coordinates": [6429514.8285, 5659965.506100001]}, "properties": {"OBJECTID": 153, "COUNT_": 6, "COUNT_FC": 1}}, {"type": "Feature", "id": 154, "geometry": {"type": "Point", "coordinates": [6430068.2829, 5659968.151000001]}, "properties": {"OBJECTID": 154, "COUNT_": 2, "COUNT_FC": 1}}, {"type": "Feature", "id": 155, "geometry": {"type": "Point", "coordinates": [6429722.3257, 5659968.4267]}, "properties": {"OBJECTID": 155, "COUNT_": 1, "COUNT_FC": 1}}, {"type": "Feature", "id": 156, "geometry": {"type": "Point", "coordinates": [6428372.9108, 5659970.4212]}, "properties": {"OBJECTID": 156, "COUNT_": 1, "COUNT_FC": 1}}, {"type": "Feature", "id": 157, "geometry": {"type": "Point", "coordinates": [6430058.763, 5659977.490800001]}, "properties": {"OBJECTID": 157, "COUNT_": 1, "COUNT_FC": 1}}, {"type": "Feature", "id": 158, "geometry": {"type": "Point", "coordinates": [6430055.4372, 5659977.5469]}, "properties": {"OBJECTID": 158, "COUNT_": 1, "COUNT_FC": 1}}, {"type": "Feature", "id": 159, "geometry": {"type": "Point", "coordinates": [6430070.1869, 5659978.7469]}, "properties": {"OBJECTID": 159, "COUNT_": 2, "COUNT_FC": 1}}, {"type": "Feature", "id": 160, "geometry": {"type": "Point", "coordinates": [6430066.9472, 5659978.796]}, "properties": {"OBJECTID": 160, "COUNT_": 7, "COUNT_FC": 1}}, {"type": "Feature", "id": 161, "geometry": {"type": "Point", "coordinates": [6430057.4624, 5659988.431500001]}, "properties": {"OBJECTID": 161, "COUNT_": 3, "COUNT_FC": 1}}, {"type": "Feature", "id": 162, "geometry": {"type": "Point", "coordinates": [6430054.1702, 5659988.444800001]}, "properties": {"OBJECTID": 162, "COUNT_": 9, "COUNT_FC": 1}}, {"type": "Feature", "id": 163, "geometry": {"type": "Point", "coordinates": [6430072.7052, 5659993.786800001]}, "properties": {"OBJECTID": 163, "COUNT_": 2, "COUNT_FC": 1}}, {"type": "Feature", "id": 164, "geometry": {"type": "Point", "coordinates": [6430059.8502, 5660004.113600001]}, "properties": {"OBJECTID": 164, "COUNT_": 1, "COUNT_FC": 1}}, {"type": "Feature", "id": 165, "geometry": {"type": "Point", "coordinates": [6430023.8818, 5660009.2399]}, "properties": {"OBJECTID": 165, "COUNT_": 11, "COUNT_FC": 1}}, {"type": "Feature", "id": 166, "geometry": {"type": "Point", "coordinates": [6430026.8674, 5660009.303200001]}, "properties": {"OBJECTID": 166, "COUNT_": 1, "COUNT_FC": 1}}, {"type": "Feature", "id": 167, "geometry": {"type": "Point", "coordinates": [6429387.1007, 5660009.663699999]}, "properties": {"OBJECTID": 167, "COUNT_": 9, "COUNT_FC": 1}}, {"type": "Feature", "id": 168, "geometry": {"type": "Point", "coordinates": [6429389.442, 5660009.8934]}, "properties": {"OBJECTID": 168, "COUNT_": 1, "COUNT_FC": 1}}, {"type": "Feature", "id": 169, "geometry": {"type": "Point", "coordinates": [6428639.7892, 5660017.133199999]}, "properties": {"OBJECTID": 169, "COUNT_": 1, "COUNT_FC": 1}}, {"type": "Feature", "id": 170, "geometry": {"type": "Point", "coordinates": [6430010.1883, 5660019.5176]}, "properties": {"OBJECTID": 170, "COUNT_": 13, "COUNT_FC": 1}}, {"type": "Feature", "id": 171, "geometry": {"type": "Point", "coordinates": [6430013.2135, 5660019.6216]}, "properties": {"OBJECTID": 171, "COUNT_": 2, "COUNT_FC": 1}}, {"type": "Feature", "id": 172, "geometry": {"type": "Point", "coordinates": [6430269.6718, 5660023.621300001]}, "properties": {"OBJECTID": 172, "COUNT_": 1, "COUNT_FC": 1}}, {"type": "Feature", "id": 173, "geometry": {"type": "Point", "coordinates": [6429336.8623, 5660024.893300001]}, "properties": {"OBJECTID": 173, "COUNT_": 5, "COUNT_FC": 1}}, {"type": "Feature", "id": 174, "geometry": {"type": "Point", "coordinates": [6428412.7878, 5660031.4428]}, "properties": {"OBJECTID": 174, "COUNT_": 1, "COUNT_FC": 1}}, {"type": "Feature", "id": 175, "geometry": {"type": "Point", "coordinates": [6427829.3066, 5660041.6132]}, "properties": {"OBJECTID": 175, "COUNT_": 1, "COUNT_FC": 1}}, {"type": "Feature", "id": 176, "geometry": {"type": "Point", "coordinates": [6430747.2399, 5660042.137700001]}, "properties": {"OBJECTID": 176, "COUNT_": 1, "COUNT_FC": 1}}, {"type": "Feature", "id": 177, "geometry": {"type": "Point", "coordinates": [6428988.671500001, 5660061.232799999]}, "properties": {"OBJECTID": 177, "COUNT_": 1, "COUNT_FC": 1}}, {"type": "Feature", "id": 178, "geometry": {"type": "Point", "coordinates": [6428463.8786, 5660092.8608]}, "properties": {"OBJECTID": 178, "COUNT_": 1, "COUNT_FC": 1}}, {"type": "Feature", "id": 179, "geometry": {"type": "Point", "coordinates": [6436674.2853, 5660092.884099999]}, "properties": {"OBJECTID": 179, "COUNT_": 3, "COUNT_FC": 1}}, {"type": "Feature", "id": 180, "geometry": {"type": "Point", "coordinates": [6429165.5552, 5660093.1073]}, "properties": {"OBJECTID": 180, "COUNT_": 1, "COUNT_FC": 1}}, {"type": "Feature", "id": 181, "geometry": {"type": "Point", "coordinates": [6429119.4711, 5660108.647700001]}, "properties": {"OBJECTID": 181, "COUNT_": 1, "COUNT_FC": 1}}, {"type": "Feature", "id": 182, "geometry": {"type": "Point", "coordinates": [6429567.506, 5660110.7206999995]}, "properties": {"OBJECTID": 182, "COUNT_": 3, "COUNT_FC": 1}}, {"type": "Feature", "id": 183, "geometry": {"type": "Point", "coordinates": [6429496.1162, 5660112.258099999]}, "properties": {"OBJECTID": 183, "COUNT_": 6, "COUNT_FC": 1}}, {"type": "Feature", "id": 184, "geometry": {"type": "Point", "coordinates": [6429914.3841, 5660116.6909]}, "properties": {"OBJECTID": 184, "COUNT_": 1, "COUNT_FC": 1}}, {"type": "Feature", "id": 185, "geometry": {"type": "Point", "coordinates": [6436007.1488, 5660118.412900001]}, "properties": {"OBJECTID": 185, "COUNT_": 3, "COUNT_FC": 1}}, {"type": "Feature", "id": 186, "geometry": {"type": "Point", "coordinates": [6428411.7987, 5660118.4328000005]}, "properties": {"OBJECTID": 186, "COUNT_": 1, "COUNT_FC": 1}}, {"type": "Feature", "id": 187, "geometry": {"type": "Point", "coordinates": [6429130.3013, 5660127.240900001]}, "properties": {"OBJECTID": 187, "COUNT_": 1, "COUNT_FC": 1}}, {"type": "Feature", "id": 188, "geometry": {"type": "Point", "coordinates": [6429504.7866, 5660136.0031]}, "properties": {"OBJECTID": 188, "COUNT_": 4, "COUNT_FC": 1}}, {"type": "Feature", "id": 189, "geometry": {"type": "Point", "coordinates": [6429888.845, 5660158.113]}, "properties": {"OBJECTID": 189, "COUNT_": 2, "COUNT_FC": 1}}, {"type": "Feature", "id": 190, "geometry": {"type": "Point", "coordinates": [6429925.344, 5660159.340399999]}, "properties": {"OBJECTID": 190, "COUNT_": 1, "COUNT_FC": 1}}, {"type": "Feature", "id": 191, "geometry": {"type": "Point", "coordinates": [6429863.8732, 5660161.2556]}, "properties": {"OBJECTID": 191, "COUNT_": 1, "COUNT_FC": 1}}, {"type": "Feature", "id": 192, "geometry": {"type": "Point", "coordinates": [6429040.5867, 5660164.2523]}, "properties": {"OBJECTID": 192, "COUNT_": 22, "COUNT_FC": 1}}, {"type": "Feature", "id": 193, "geometry": {"type": "Point", "coordinates": [6429386.9792, 5660165.353599999]}, "properties": {"OBJECTID": 193, "COUNT_": 4, "COUNT_FC": 1}}, {"type": "Feature", "id": 194, "geometry": {"type": "Point", "coordinates": [6429888.9841, 5660165.7859]}, "properties": {"OBJECTID": 194, "COUNT_": 2, "COUNT_FC": 1}}, {"type": "Feature", "id": 195, "geometry": {"type": "Point", "coordinates": [6429452.4465, 5660170.826400001]}, "properties": {"OBJECTID": 195, "COUNT_": 3, "COUNT_FC": 1}}, {"type": "Feature", "id": 196, "geometry": {"type": "Point", "coordinates": [6434121.7567, 5660171.220000001]}, "properties": {"OBJECTID": 196, "COUNT_": 1, "COUNT_FC": 1}}, {"type": "Feature", "id": 197, "geometry": {"type": "Point", "coordinates": [6429344.9363, 5660175.5196]}, "properties": {"OBJECTID": 197, "COUNT_": 8, "COUNT_FC": 1}}, {"type": "Feature", "id": 198, "geometry": {"type": "Point", "coordinates": [6429856.8508, 5660186.9484]}, "properties": {"OBJECTID": 198, "COUNT_": 2, "COUNT_FC": 1}}, {"type": "Feature", "id": 199, "geometry": {"type": "Point", "coordinates": [6429399.1173, 5660190.403000001]}, "properties": {"OBJECTID": 199, "COUNT_": 2, "COUNT_FC": 1}}, {"type": "Feature", "id": 200, "geometry": {"type": "Point", "coordinates": [6429168.4804, 5660192.790200001]}, "properties": {"OBJECTID": 200, "COUNT_": 3, "COUNT_FC": 1}}, {"type": "Feature", "id": 201, "geometry": {"type": "Point", "coordinates": [6429356.1831, 5660196.795]}, "properties": {"OBJECTID": 201, "COUNT_": 2, "COUNT_FC": 1}}, {"type": "Feature", "id": 202, "geometry": {"type": "Point", "coordinates": [6429214.483, 5660200.3365]}, "properties": {"OBJECTID": 202, "COUNT_": 21, "COUNT_FC": 1}}, {"type": "Feature", "id": 203, "geometry": {"type": "Point", "coordinates": [6428696.0332, 5660222.024900001]}, "properties": {"OBJECTID": 203, "COUNT_": 1, "COUNT_FC": 1}}, {"type": "Feature", "id": 204, "geometry": {"type": "Point", "coordinates": [6432172.1425, 5660229.6896]}, "properties": {"OBJECTID": 204, "COUNT_": 2, "COUNT_FC": 1}}, {"type": "Feature", "id": 205, "geometry": {"type": "Point", "coordinates": [6429229.2593, 5660230.373199999]}, "properties": {"OBJECTID": 205, "COUNT_": 1, "COUNT_FC": 1}}, {"type": "Feature", "id": 206, "geometry": {"type": "Point", "coordinates": [6429226.4337, 5660232.109099999]}, "properties": {"OBJECTID": 206, "COUNT_": 13, "COUNT_FC": 1}}, {"type": "Feature", "id": 207, "geometry": {"type": "Point", "coordinates": [6429294.6466, 5660232.927300001]}, "properties": {"OBJECTID": 207, "COUNT_": 15, "COUNT_FC": 1}}, {"type": "Feature", "id": 208, "geometry": {"type": "Point", "coordinates": [6429226.6446, 5660234.553300001]}, "properties": {"OBJECTID": 208, "COUNT_": 1, "COUNT_FC": 1}}, {"type": "Feature", "id": 209, "geometry": {"type": "Point", "coordinates": [6429295.4085, 5660234.9921]}, "properties": {"OBJECTID": 209, "COUNT_": 3, "COUNT_FC": 1}}, {"type": "Feature", "id": 210, "geometry": {"type": "Point", "coordinates": [6429241.4201, 5660254.289799999]}, "properties": {"OBJECTID": 210, "COUNT_": 1, "COUNT_FC": 1}}, {"type": "Feature", "id": 211, "geometry": {"type": "Point", "coordinates": [6429349.961, 5660272.295399999]}, "properties": {"OBJECTID": 211, "COUNT_": 5, "COUNT_FC": 1}}, {"type": "Feature", "id": 212, "geometry": {"type": "Point", "coordinates": [6428531.7284, 5660283.3872]}, "properties": {"OBJECTID": 212, "COUNT_": 1, "COUNT_FC": 1}}, {"type": "Feature", "id": 213, "geometry": {"type": "Point", "coordinates": [6429359.7788, 5660289.333699999]}, "properties": {"OBJECTID": 213, "COUNT_": 14, "COUNT_FC": 1}}, {"type": "Feature", "id": 214, "geometry": {"type": "Point", "coordinates": [6429180.3921, 5660290.6732]}, "properties": {"OBJECTID": 214, "COUNT_": 10, "COUNT_FC": 1}}, {"type": "Feature", "id": 215, "geometry": {"type": "Point", "coordinates": [6429361.0026, 5660291.6964]}, "properties": {"OBJECTID": 215, "COUNT_": 2, "COUNT_FC": 1}}, {"type": "Feature", "id": 216, "geometry": {"type": "Point", "coordinates": [6431959.9934, 5660302.4608]}, "properties": {"OBJECTID": 216, "COUNT_": 2, "COUNT_FC": 1}}, {"type": "Feature", "id": 217, "geometry": {"type": "Point", "coordinates": [6431977.5497, 5660307.9684999995]}, "properties": {"OBJECTID": 217, "COUNT_": 1, "COUNT_FC": 1}}, {"type": "Feature", "id": 218, "geometry": {"type": "Point", "coordinates": [6429195.1939, 5660310.004799999]}, "properties": {"OBJECTID": 218, "COUNT_": 2, "COUNT_FC": 1}}, {"type": "Feature", "id": 219, "geometry": {"type": "Point", "coordinates": [6429071.3249, 5660310.7326]}, "properties": {"OBJECTID": 219, "COUNT_": 865, "COUNT_FC": 1}}, {"type": "Feature", "id": 220, "geometry": {"type": "Point", "coordinates": [6429305.0862, 5660317.1921999995]}, "properties": {"OBJECTID": 220, "COUNT_": 8, "COUNT_FC": 1}}, {"type": "Feature", "id": 221, "geometry": {"type": "Point", "coordinates": [6428693.8551, 5660323.0503]}, "properties": {"OBJECTID": 221, "COUNT_": 1, "COUNT_FC": 1}}, {"type": "Feature", "id": 222, "geometry": {"type": "Point", "coordinates": [6433886.7535, 5660324.214500001]}, "properties": {"OBJECTID": 222, "COUNT_": 1, "COUNT_FC": 1}}, {"type": "Feature", "id": 223, "geometry": {"type": "Point", "coordinates": [6429247.5755, 5660330.0755]}, "properties": {"OBJECTID": 223, "COUNT_": 3, "COUNT_FC": 1}}, {"type": "Feature", "id": 224, "geometry": {"type": "Point", "coordinates": [6429315.0487, 5660332.454500001]}, "properties": {"OBJECTID": 224, "COUNT_": 9, "COUNT_FC": 1}}, {"type": "Feature", "id": 225, "geometry": {"type": "Point", "coordinates": [6429247.9447, 5660333.057499999]}, "properties": {"OBJECTID": 225, "COUNT_": 1, "COUNT_FC": 1}}, {"type": "Feature", "id": 226, "geometry": {"type": "Point", "coordinates": [6429341.9065, 5660334.848200001]}, "properties": {"OBJECTID": 226, "COUNT_": 1, "COUNT_FC": 1}}, {"type": "Feature", "id": 227, "geometry": {"type": "Point", "coordinates": [6429060.4969, 5660336.4263]}, "properties": {"OBJECTID": 227, "COUNT_": 1, "COUNT_FC": 1}}, {"type": "Feature", "id": 228, "geometry": {"type": "Point", "coordinates": [6429260.2142, 5660347.5063000005]}, "properties": {"OBJECTID": 228, "COUNT_": 11, "COUNT_FC": 1}}, {"type": "Feature", "id": 229, "geometry": {"type": "Point", "coordinates": [6429205.799, 5660374.860200001]}, "properties": {"OBJECTID": 229, "COUNT_": 3, "COUNT_FC": 1}}, {"type": "Feature", "id": 230, "geometry": {"type": "Point", "coordinates": [6429218.3536, 5660390.3455]}, "properties": {"OBJECTID": 230, "COUNT_": 8, "COUNT_FC": 1}}, {"type": "Feature", "id": 231, "geometry": {"type": "Point", "coordinates": [6436224.381, 5660391.4749]}, "properties": {"OBJECTID": 231, "COUNT_": 3, "COUNT_FC": 1}}, {"type": "Feature", "id": 232, "geometry": {"type": "Point", "coordinates": [6426358.031, 5660407.989700001]}, "properties": {"OBJECTID": 232, "COUNT_": 1, "COUNT_FC": 1}}, {"type": "Feature", "id": 233, "geometry": {"type": "Point", "coordinates": [6430597.5653, 5660489.262]}, "properties": {"OBJECTID": 233, "COUNT_": 1, "COUNT_FC": 1}}, {"type": "Feature", "id": 234, "geometry": {"type": "Point", "coordinates": [6429219.5955, 5660499.4966]}, "properties": {"OBJECTID": 234, "COUNT_": 1, "COUNT_FC": 1}}, {"type": "Feature", "id": 235, "geometry": {"type": "Point", "coordinates": [6430403.9054, 5660513.3833]}, "properties": {"OBJECTID": 235, "COUNT_": 6, "COUNT_FC": 1}}, {"type": "Feature", "id": 236, "geometry": {"type": "Point", "coordinates": [6429180.8347, 5660514.243100001]}, "properties": {"OBJECTID": 236, "COUNT_": 1, "COUNT_FC": 1}}, {"type": "Feature", "id": 237, "geometry": {"type": "Point", "coordinates": [6432600.303, 5660520.631999999]}, "properties": {"OBJECTID": 237, "COUNT_": 3, "COUNT_FC": 1}}, {"type": "Feature", "id": 238, "geometry": {"type": "Point", "coordinates": [6429225.2998, 5660531.376099999]}, "properties": {"OBJECTID": 238, "COUNT_": 3, "COUNT_FC": 1}}, {"type": "Feature", "id": 239, "geometry": {"type": "Point", "coordinates": [6429069.0826, 5660539.1238]}, "properties": {"OBJECTID": 239, "COUNT_": 1, "COUNT_FC": 1}}, {"type": "Feature", "id": 240, "geometry": {"type": "Point", "coordinates": [6429120.6452, 5660548.911699999]}, "properties": {"OBJECTID": 240, "COUNT_": 1, "COUNT_FC": 1}}, {"type": "Feature", "id": 241, "geometry": {"type": "Point", "coordinates": [6430348.1798, 5660552.031799999]}, "properties": {"OBJECTID": 241, "COUNT_": 11, "COUNT_FC": 1}}, {"type": "Feature", "id": 242, "geometry": {"type": "Point", "coordinates": [6429198.009, 5660552.590299999]}, "properties": {"OBJECTID": 242, "COUNT_": 1, "COUNT_FC": 1}}, {"type": "Feature", "id": 243, "geometry": {"type": "Point", "coordinates": [6429206.6579, 5660560.977600001]}, "properties": {"OBJECTID": 243, "COUNT_": 2, "COUNT_FC": 1}}, {"type": "Feature", "id": 244, "geometry": {"type": "Point", "coordinates": [6431118.9475, 5660566.3291]}, "properties": {"OBJECTID": 244, "COUNT_": 1, "COUNT_FC": 1}}, {"type": "Feature", "id": 245, "geometry": {"type": "Point", "coordinates": [6429094.4211, 5660572.661]}, "properties": {"OBJECTID": 245, "COUNT_": 3, "COUNT_FC": 1}}, {"type": "Feature", "id": 246, "geometry": {"type": "Point", "coordinates": [6433278.3327, 5660582.583799999]}, "properties": {"OBJECTID": 246, "COUNT_": 1, "COUNT_FC": 1}}, {"type": "Feature", "id": 247, "geometry": {"type": "Point", "coordinates": [6429145.3707, 5660588.3869]}, "properties": {"OBJECTID": 247, "COUNT_": 1, "COUNT_FC": 1}}, {"type": "Feature", "id": 248, "geometry": {"type": "Point", "coordinates": [6429155.7009, 5660597.2292]}, "properties": {"OBJECTID": 248, "COUNT_": 1, "COUNT_FC": 1}}, {"type": "Feature", "id": 249, "geometry": {"type": "Point", "coordinates": [6430936.0339, 5660602.232000001]}, "properties": {"OBJECTID": 249, "COUNT_": 1, "COUNT_FC": 1}}, {"type": "Feature", "id": 250, "geometry": {"type": "Point", "coordinates": [6429130.4455, 5660616.303899999]}, "properties": {"OBJECTID": 250, "COUNT_": 1, "COUNT_FC": 1}}, {"type": "Feature", "id": 251, "geometry": {"type": "Point", "coordinates": [6435778.7627, 5660637.955399999]}, "properties": {"OBJECTID": 251, "COUNT_": 1, "COUNT_FC": 1}}, {"type": "Feature", "id": 252, "geometry": {"type": "Point", "coordinates": [6429238.3095, 5660661.8433]}, "properties": {"OBJECTID": 252, "COUNT_": 2, "COUNT_FC": 1}}, {"type": "Feature", "id": 253, "geometry": {"type": "Point", "coordinates": [6434122.823, 5660663.238899999]}, "properties": {"OBJECTID": 253, "COUNT_": 1, "COUNT_FC": 1}}, {"type": "Feature", "id": 254, "geometry": {"type": "Point", "coordinates": [6432130.2027, 5660663.9332]}, "properties": {"OBJECTID": 254, "COUNT_": 1, "COUNT_FC": 1}}, {"type": "Feature", "id": 255, "geometry": {"type": "Point", "coordinates": [6432171.7933, 5660669.170399999]}, "properties": {"OBJECTID": 255, "COUNT_": 1, "COUNT_FC": 1}}, {"type": "Feature", "id": 256, "geometry": {"type": "Point", "coordinates": [6435357.1147, 5660679.721100001]}, "properties": {"OBJECTID": 256, "COUNT_": 1, "COUNT_FC": 1}}, {"type": "Feature", "id": 257, "geometry": {"type": "Point", "coordinates": [6436142.3261, 5660692.722200001]}, "properties": {"OBJECTID": 257, "COUNT_": 51, "COUNT_FC": 1}}, {"type": "Feature", "id": 258, "geometry": {"type": "Point", "coordinates": [6433606.8995, 5660695.276699999]}, "properties": {"OBJECTID": 258, "COUNT_": 1, "COUNT_FC": 1}}, {"type": "Feature", "id": 259, "geometry": {"type": "Point", "coordinates": [6428305.136, 5660702.7996]}, "properties": {"OBJECTID": 259, "COUNT_": 1, "COUNT_FC": 1}}, {"type": "Feature", "id": 260, "geometry": {"type": "Point", "coordinates": [6429286.8974, 5660703.874600001]}, "properties": {"OBJECTID": 260, "COUNT_": 3, "COUNT_FC": 1}}, {"type": "Feature", "id": 261, "geometry": {"type": "Point", "coordinates": [6435463.619, 5660714.402000001]}, "properties": {"OBJECTID": 261, "COUNT_": 1, "COUNT_FC": 1}}, {"type": "Feature", "id": 262, "geometry": {"type": "Point", "coordinates": [6431060.3512, 5660738.022]}, "properties": {"OBJECTID": 262, "COUNT_": 1, "COUNT_FC": 1}}, {"type": "Feature", "id": 263, "geometry": {"type": "Point", "coordinates": [6431188.7085, 5660762.679099999]}, "properties": {"OBJECTID": 263, "COUNT_": 2, "COUNT_FC": 1}}, {"type": "Feature", "id": 264, "geometry": {"type": "Point", "coordinates": [6431171.1317, 5660764.3873]}, "properties": {"OBJECTID": 264, "COUNT_": 2, "COUNT_FC": 1}}, {"type": "Feature", "id": 265, "geometry": {"type": "Point", "coordinates": [6428797.1554, 5660773.1018]}, "properties": {"OBJECTID": 265, "COUNT_": 28, "COUNT_FC": 1}}, {"type": "Feature", "id": 266, "geometry": {"type": "Point", "coordinates": [6429832.6233, 5660786.658700001]}, "properties": {"OBJECTID": 266, "COUNT_": 6, "COUNT_FC": 1}}, {"type": "Feature", "id": 267, "geometry": {"type": "Point", "coordinates": [6429779.1007, 5660792.639699999]}, "properties": {"OBJECTID": 267, "COUNT_": 1, "COUNT_FC": 1}}, {"type": "Feature", "id": 268, "geometry": {"type": "Point", "coordinates": [6429779.9241, 5660795.496700001]}, "properties": {"OBJECTID": 268, "COUNT_": 1, "COUNT_FC": 1}}, {"type": "Feature", "id": 269, "geometry": {"type": "Point", "coordinates": [6428784.8565, 5660796.619999999]}, "properties": {"OBJECTID": 269, "COUNT_": 1, "COUNT_FC": 1}}, {"type": "Feature", "id": 270, "geometry": {"type": "Point", "coordinates": [6429752.4991, 5660797.3983]}, "properties": {"OBJECTID": 270, "COUNT_": 1, "COUNT_FC": 1}}, {"type": "Feature", "id": 271, "geometry": {"type": "Point", "coordinates": [6429765.049, 5660799.821]}, "properties": {"OBJECTID": 271, "COUNT_": 1, "COUNT_FC": 1}}, {"type": "Feature", "id": 272, "geometry": {"type": "Point", "coordinates": [6429762.7534, 5660800.151699999]}, "properties": {"OBJECTID": 272, "COUNT_": 1, "COUNT_FC": 1}}, {"type": "Feature", "id": 273, "geometry": {"type": "Point", "coordinates": [6429763.6424, 5660802.8445999995]}, "properties": {"OBJECTID": 273, "COUNT_": 29, "COUNT_FC": 1}}, {"type": "Feature", "id": 274, "geometry": {"type": "Point", "coordinates": [6429737.5955, 5660804.5507]}, "properties": {"OBJECTID": 274, "COUNT_": 2, "COUNT_FC": 1}}, {"type": "Feature", "id": 275, "geometry": {"type": "Point", "coordinates": [6429738.6152, 5660807.158299998]}, "properties": {"OBJECTID": 275, "COUNT_": 37, "COUNT_FC": 1}}, {"type": "Feature", "id": 276, "geometry": {"type": "Point", "coordinates": [6429817.1588, 5660813.542099999]}, "properties": {"OBJECTID": 276, "COUNT_": 5, "COUNT_FC": 1}}, {"type": "Feature", "id": 277, "geometry": {"type": "Point", "coordinates": [6429743.2741, 5660814.064099999]}, "properties": {"OBJECTID": 277, "COUNT_": 1, "COUNT_FC": 1}}, {"type": "Feature", "id": 278, "geometry": {"type": "Point", "coordinates": [6432657.7026, 5660815.5692]}, "properties": {"OBJECTID": 278, "COUNT_": 3, "COUNT_FC": 1}}, {"type": "Feature", "id": 279, "geometry": {"type": "Point", "coordinates": [6428763.5132, 5660816.869100001]}, "properties": {"OBJECTID": 279, "COUNT_": 19, "COUNT_FC": 1}}, {"type": "Feature", "id": 280, "geometry": {"type": "Point", "coordinates": [6429762.5162, 5660819.392999999]}, "properties": {"OBJECTID": 280, "COUNT_": 7, "COUNT_FC": 1}}, {"type": "Feature", "id": 281, "geometry": {"type": "Point", "coordinates": [6429763.4672, 5660822.1434]}, "properties": {"OBJECTID": 281, "COUNT_": 1, "COUNT_FC": 1}}, {"type": "Feature", "id": 282, "geometry": {"type": "Point", "coordinates": [6429735.6856, 5660823.6324000005]}, "properties": {"OBJECTID": 282, "COUNT_": 4, "COUNT_FC": 1}}, {"type": "Feature", "id": 283, "geometry": {"type": "Point", "coordinates": [6429763.4414, 5660825.627599999]}, "properties": {"OBJECTID": 283, "COUNT_": 1, "COUNT_FC": 1}}, {"type": "Feature", "id": 284, "geometry": {"type": "Point", "coordinates": [6429746.5016, 5660825.9375]}, "properties": {"OBJECTID": 284, "COUNT_": 1, "COUNT_FC": 1}}, {"type": "Feature", "id": 285, "geometry": {"type": "Point", "coordinates": [6429747.5123, 5660828.530700001]}, "properties": {"OBJECTID": 285, "COUNT_": 24, "COUNT_FC": 1}}, {"type": "Feature", "id": 286, "geometry": {"type": "Point", "coordinates": [6429721.1489, 5660829.8528]}, "properties": {"OBJECTID": 286, "COUNT_": 1, "COUNT_FC": 1}}, {"type": "Feature", "id": 287, "geometry": {"type": "Point", "coordinates": [6430246.8712, 5660830.118899999]}, "properties": {"OBJECTID": 287, "COUNT_": 1, "COUNT_FC": 1}}, {"type": "Feature", "id": 288, "geometry": {"type": "Point", "coordinates": [6429722.2915, 5660832.364]}, "properties": {"OBJECTID": 288, "COUNT_": 27, "COUNT_FC": 1}}, {"type": "Feature", "id": 289, "geometry": {"type": "Point", "coordinates": [6429848.0937, 5660834.397]}, "properties": {"OBJECTID": 289, "COUNT_": 1, "COUNT_FC": 1}}, {"type": "Feature", "id": 290, "geometry": {"type": "Point", "coordinates": [6428977.7696, 5660834.4157]}, "properties": {"OBJECTID": 290, "COUNT_": 4, "COUNT_FC": 1}}, {"type": "Feature", "id": 291, "geometry": {"type": "Point", "coordinates": [6428752.8381, 5660836.785800001]}, "properties": {"OBJECTID": 291, "COUNT_": 2, "COUNT_FC": 1}}, {"type": "Feature", "id": 292, "geometry": {"type": "Point", "coordinates": [6432658.6806, 5660839.781300001]}, "properties": {"OBJECTID": 292, "COUNT_": 1, "COUNT_FC": 1}}, {"type": "Feature", "id": 293, "geometry": {"type": "Point", "coordinates": [6429672.6536, 5660842.390799999]}, "properties": {"OBJECTID": 293, "COUNT_": 2, "COUNT_FC": 1}}, {"type": "Feature", "id": 294, "geometry": {"type": "Point", "coordinates": [6430693.0044, 5660844.6305]}, "properties": {"OBJECTID": 294, "COUNT_": 1, "COUNT_FC": 1}}, {"type": "Feature", "id": 295, "geometry": {"type": "Point", "coordinates": [6429651.3749, 5660845.5746]}, "properties": {"OBJECTID": 295, "COUNT_": 2, "COUNT_FC": 1}}, {"type": "Feature", "id": 296, "geometry": {"type": "Point", "coordinates": [6435155.3461, 5660846.342499999]}, "properties": {"OBJECTID": 296, "COUNT_": 1, "COUNT_FC": 1}}, {"type": "Feature", "id": 297, "geometry": {"type": "Point", "coordinates": [6429773.8626, 5660848.708699999]}, "properties": {"OBJECTID": 297, "COUNT_": 1, "COUNT_FC": 1}}, {"type": "Feature", "id": 298, "geometry": {"type": "Point", "coordinates": [6429663.4587, 5660849.321699999]}, "properties": {"OBJECTID": 298, "COUNT_": 13, "COUNT_FC": 1}}, {"type": "Feature", "id": 299, "geometry": {"type": "Point", "coordinates": [6429018.0229, 5660852.025699999]}, "properties": {"OBJECTID": 299, "COUNT_": 6, "COUNT_FC": 1}}, {"type": "Feature", "id": 300, "geometry": {"type": "Point", "coordinates": [6429643.234, 5660852.239700001]}, "properties": {"OBJECTID": 300, "COUNT_": 20, "COUNT_FC": 1}}, {"type": "Feature", "id": 301, "geometry": {"type": "Point", "coordinates": [6428330.7616, 5660855.543099999]}, "properties": {"OBJECTID": 301, "COUNT_": 1, "COUNT_FC": 1}}, {"type": "Feature", "id": 302, "geometry": {"type": "Point", "coordinates": [6428927.2213, 5660857.937999999]}, "properties": {"OBJECTID": 302, "COUNT_": 6, "COUNT_FC": 1}}, {"type": "Feature", "id": 303, "geometry": {"type": "Point", "coordinates": [6429655.9004, 5660866.8675]}, "properties": {"OBJECTID": 303, "COUNT_": 2, "COUNT_FC": 1}}, {"type": "Feature", "id": 304, "geometry": {"type": "Point", "coordinates": [6429657.343, 5660869.0077]}, "properties": {"OBJECTID": 304, "COUNT_": 1, "COUNT_FC": 1}}, {"type": "Feature", "id": 305, "geometry": {"type": "Point", "coordinates": [6429014.312, 5660869.0331999995]}, "properties": {"OBJECTID": 305, "COUNT_": 1, "COUNT_FC": 1}}, {"type": "Feature", "id": 306, "geometry": {"type": "Point", "coordinates": [6429634.5328, 5660869.6099]}, "properties": {"OBJECTID": 306, "COUNT_": 2, "COUNT_FC": 1}}, {"type": "Feature", "id": 307, "geometry": {"type": "Point", "coordinates": [6428963.8362, 5660872.2534]}, "properties": {"OBJECTID": 307, "COUNT_": 5, "COUNT_FC": 1}}, {"type": "Feature", "id": 308, "geometry": {"type": "Point", "coordinates": [6429647.2384, 5660872.889699998]}, "properties": {"OBJECTID": 308, "COUNT_": 6, "COUNT_FC": 1}}, {"type": "Feature", "id": 309, "geometry": {"type": "Point", "coordinates": [6428922.2967, 5660873.2535]}, "properties": {"OBJECTID": 309, "COUNT_": 1, "COUNT_FC": 1}}, {"type": "Feature", "id": 310, "geometry": {"type": "Point", "coordinates": [6429626.9386, 5660875.3978]}, "properties": {"OBJECTID": 310, "COUNT_": 10, "COUNT_FC": 1}}, {"type": "Feature", "id": 311, "geometry": {"type": "Point", "coordinates": [6428959.7214, 5660887.2312]}, "properties": {"OBJECTID": 311, "COUNT_": 1, "COUNT_FC": 1}}, {"type": "Feature", "id": 312, "geometry": {"type": "Point", "coordinates": [6432292.6864, 5660911.1483]}, "properties": {"OBJECTID": 312, "COUNT_": 1, "COUNT_FC": 1}}, {"type": "Feature", "id": 313, "geometry": {"type": "Point", "coordinates": [6427184.6962, 5660951.190199999]}, "properties": {"OBJECTID": 313, "COUNT_": 1, "COUNT_FC": 1}}, {"type": "Feature", "id": 314, "geometry": {"type": "Point", "coordinates": [6432224.2158, 5660964.918299999]}, "properties": {"OBJECTID": 314, "COUNT_": 1, "COUNT_FC": 1}}, {"type": "Feature", "id": 315, "geometry": {"type": "Point", "coordinates": [6427011.5773, 5660965.262499999]}, "properties": {"OBJECTID": 315, "COUNT_": 160, "COUNT_FC": 1}}, {"type": "Feature", "id": 316, "geometry": {"type": "Point", "coordinates": [6429386.3484, 5660973.117799999]}, "properties": {"OBJECTID": 316, "COUNT_": 74, "COUNT_FC": 1}}, {"type": "Feature", "id": 317, "geometry": {"type": "Point", "coordinates": [6433989.2124, 5660991.4232]}, "properties": {"OBJECTID": 317, "COUNT_": 2, "COUNT_FC": 1}}, {"type": "Feature", "id": 318, "geometry": {"type": "Point", "coordinates": [6434045.0072, 5661005.3713]}, "properties": {"OBJECTID": 318, "COUNT_": 1, "COUNT_FC": 1}}, {"type": "Feature", "id": 319, "geometry": {"type": "Point", "coordinates": [6429838.1449, 5661006.050000001]}, "properties": {"OBJECTID": 319, "COUNT_": 1, "COUNT_FC": 1}}, {"type": "Feature", "id": 320, "geometry": {"type": "Point", "coordinates": [6429453.4506, 5661007.6197]}, "properties": {"OBJECTID": 320, "COUNT_": 1, "COUNT_FC": 1}}, {"type": "Feature", "id": 321, "geometry": {"type": "Point", "coordinates": [6433079.9465, 5661008.877900001]}, "properties": {"OBJECTID": 321, "COUNT_": 6, "COUNT_FC": 1}}, {"type": "Feature", "id": 322, "geometry": {"type": "Point", "coordinates": [6428915.9333, 5661014.816]}, "properties": {"OBJECTID": 322, "COUNT_": 1, "COUNT_FC": 1}}, {"type": "Feature", "id": 323, "geometry": {"type": "Point", "coordinates": [6428940.5709, 5661016.1124]}, "properties": {"OBJECTID": 323, "COUNT_": 1, "COUNT_FC": 1}}, {"type": "Feature", "id": 324, "geometry": {"type": "Point", "coordinates": [6428962.224, 5661021.156400001]}, "properties": {"OBJECTID": 324, "COUNT_": 2, "COUNT_FC": 1}}, {"type": "Feature", "id": 325, "geometry": {"type": "Point", "coordinates": [6428837.3576, 5661021.7809999995]}, "properties": {"OBJECTID": 325, "COUNT_": 11, "COUNT_FC": 1}}, {"type": "Feature", "id": 326, "geometry": {"type": "Point", "coordinates": [6429780.7484, 5661023.837899999]}, "properties": {"OBJECTID": 326, "COUNT_": 1, "COUNT_FC": 1}}, {"type": "Feature", "id": 327, "geometry": {"type": "Point", "coordinates": [6428858.6926, 5661024.009400001]}, "properties": {"OBJECTID": 327, "COUNT_": 9, "COUNT_FC": 1}}, {"type": "Feature", "id": 328, "geometry": {"type": "Point", "coordinates": [6428883.44, 5661024.1888]}, "properties": {"OBJECTID": 328, "COUNT_": 3, "COUNT_FC": 1}}, {"type": "Feature", "id": 329, "geometry": {"type": "Point", "coordinates": [6429813.2203, 5661024.5231]}, "properties": {"OBJECTID": 329, "COUNT_": 1, "COUNT_FC": 1}}, {"type": "Feature", "id": 330, "geometry": {"type": "Point", "coordinates": [6428901.6513, 5661026.9823]}, "properties": {"OBJECTID": 330, "COUNT_": 18, "COUNT_FC": 1}}, {"type": "Feature", "id": 331, "geometry": {"type": "Point", "coordinates": [6428942.8564, 5661029.8455]}, "properties": {"OBJECTID": 331, "COUNT_": 3, "COUNT_FC": 1}}, {"type": "Feature", "id": 332, "geometry": {"type": "Point", "coordinates": [6428932.7502, 5661034.6467]}, "properties": {"OBJECTID": 332, "COUNT_": 2, "COUNT_FC": 1}}, {"type": "Feature", "id": 333, "geometry": {"type": "Point", "coordinates": [6432180.5868, 5661035.3037]}, "properties": {"OBJECTID": 333, "COUNT_": 2, "COUNT_FC": 1}}, {"type": "Feature", "id": 334, "geometry": {"type": "Point", "coordinates": [6428999.294, 5661042.221000001]}, "properties": {"OBJECTID": 334, "COUNT_": 3, "COUNT_FC": 1}}, {"type": "Feature", "id": 335, "geometry": {"type": "Point", "coordinates": [6428621.2362, 5661050.816]}, "properties": {"OBJECTID": 335, "COUNT_": 27, "COUNT_FC": 1}}, {"type": "Feature", "id": 336, "geometry": {"type": "Point", "coordinates": [6430743.4533, 5661051.2972]}, "properties": {"OBJECTID": 336, "COUNT_": 1, "COUNT_FC": 1}}, {"type": "Feature", "id": 337, "geometry": {"type": "Point", "coordinates": [6428713.1401, 5661064.436000001]}, "properties": {"OBJECTID": 337, "COUNT_": 1, "COUNT_FC": 1}}, {"type": "Feature", "id": 338, "geometry": {"type": "Point", "coordinates": [6428951.5549, 5661067.4388999995]}, "properties": {"OBJECTID": 338, "COUNT_": 1, "COUNT_FC": 1}}, {"type": "Feature", "id": 339, "geometry": {"type": "Point", "coordinates": [6428620.4623, 5661071.0834]}, "properties": {"OBJECTID": 339, "COUNT_": 24, "COUNT_FC": 1}}, {"type": "Feature", "id": 340, "geometry": {"type": "Point", "coordinates": [6433577.1732, 5661116.793299999]}, "properties": {"OBJECTID": 340, "COUNT_": 1, "COUNT_FC": 1}}, {"type": "Feature", "id": 341, "geometry": {"type": "Point", "coordinates": [6427085.7155, 5661122.9222]}, "properties": {"OBJECTID": 341, "COUNT_": 1, "COUNT_FC": 1}}, {"type": "Feature", "id": 342, "geometry": {"type": "Point", "coordinates": [6428919.7141, 5661128.628699999]}, "properties": {"OBJECTID": 342, "COUNT_": 2, "COUNT_FC": 1}}, {"type": "Feature", "id": 343, "geometry": {"type": "Point", "coordinates": [6433922.1592, 5661132.3258]}, "properties": {"OBJECTID": 343, "COUNT_": 1, "COUNT_FC": 1}}, {"type": "Feature", "id": 344, "geometry": {"type": "Point", "coordinates": [6435268.9686, 5661143.0008000005]}, "properties": {"OBJECTID": 344, "COUNT_": 1, "COUNT_FC": 1}}, {"type": "Feature", "id": 345, "geometry": {"type": "Point", "coordinates": [6428796.6885, 5661145.3782]}, "properties": {"OBJECTID": 345, "COUNT_": 5, "COUNT_FC": 1}}, {"type": "Feature", "id": 346, "geometry": {"type": "Point", "coordinates": [6435860.2194, 5661161.8946]}, "properties": {"OBJECTID": 346, "COUNT_": 1, "COUNT_FC": 1}}, {"type": "Feature", "id": 347, "geometry": {"type": "Point", "coordinates": [6428817.3338, 5661162.7480999995]}, "properties": {"OBJECTID": 347, "COUNT_": 8, "COUNT_FC": 1}}, {"type": "Feature", "id": 348, "geometry": {"type": "Point", "coordinates": [6435793.4559, 5661178.5441]}, "properties": {"OBJECTID": 348, "COUNT_": 1, "COUNT_FC": 1}}, {"type": "Feature", "id": 349, "geometry": {"type": "Point", "coordinates": [6433581.594, 5661184.996999999]}, "properties": {"OBJECTID": 349, "COUNT_": 6, "COUNT_FC": 1}}, {"type": "Feature", "id": 350, "geometry": {"type": "Point", "coordinates": [6427217.5105, 5661193.048000001]}, "properties": {"OBJECTID": 350, "COUNT_": 4, "COUNT_FC": 1}}, {"type": "Feature", "id": 351, "geometry": {"type": "Point", "coordinates": [6437424.2936, 5661212.0801]}, "properties": {"OBJECTID": 351, "COUNT_": 1, "COUNT_FC": 1}}, {"type": "Feature", "id": 352, "geometry": {"type": "Point", "coordinates": [6432993.4786, 5661214.1055]}, "properties": {"OBJECTID": 352, "COUNT_": 438, "COUNT_FC": 1}}, {"type": "Feature", "id": 353, "geometry": {"type": "Point", "coordinates": [6432821.3826, 5661224.6103]}, "properties": {"OBJECTID": 353, "COUNT_": 1, "COUNT_FC": 1}}, {"type": "Feature", "id": 354, "geometry": {"type": "Point", "coordinates": [6433789.8001, 5661237.132200002]}, "properties": {"OBJECTID": 354, "COUNT_": 1, "COUNT_FC": 1}}, {"type": "Feature", "id": 355, "geometry": {"type": "Point", "coordinates": [6429908.488, 5661241.5856]}, "properties": {"OBJECTID": 355, "COUNT_": 66, "COUNT_FC": 1}}, {"type": "Feature", "id": 356, "geometry": {"type": "Point", "coordinates": [6435309.4229, 5661279.1776]}, "properties": {"OBJECTID": 356, "COUNT_": 2, "COUNT_FC": 1}}, {"type": "Feature", "id": 357, "geometry": {"type": "Point", "coordinates": [6436817.316, 5661287.6916]}, "properties": {"OBJECTID": 357, "COUNT_": 1, "COUNT_FC": 1}}, {"type": "Feature", "id": 358, "geometry": {"type": "Point", "coordinates": [6429563.9928, 5661288.675100001]}, "properties": {"OBJECTID": 358, "COUNT_": 1, "COUNT_FC": 1}}, {"type": "Feature", "id": 359, "geometry": {"type": "Point", "coordinates": [6434375.0733, 5661305.1591]}, "properties": {"OBJECTID": 359, "COUNT_": 1, "COUNT_FC": 1}}, {"type": "Feature", "id": 360, "geometry": {"type": "Point", "coordinates": [6434481.2722000005, 5661311.9418]}, "properties": {"OBJECTID": 360, "COUNT_": 1, "COUNT_FC": 1}}, {"type": "Feature", "id": 361, "geometry": {"type": "Point", "coordinates": [6432525.3584, 5661316.531400001]}, "properties": {"OBJECTID": 361, "COUNT_": 2, "COUNT_FC": 1}}, {"type": "Feature", "id": 362, "geometry": {"type": "Point", "coordinates": [6427700.8211, 5661320.338300001]}, "properties": {"OBJECTID": 362, "COUNT_": 4, "COUNT_FC": 1}}, {"type": "Feature", "id": 363, "geometry": {"type": "Point", "coordinates": [6431060.2571, 5661355.1368]}, "properties": {"OBJECTID": 363, "COUNT_": 1, "COUNT_FC": 1}}, {"type": "Feature", "id": 364, "geometry": {"type": "Point", "coordinates": [6426556.1377, 5661361.615599999]}, "properties": {"OBJECTID": 364, "COUNT_": 1, "COUNT_FC": 1}}, {"type": "Feature", "id": 365, "geometry": {"type": "Point", "coordinates": [6433530.9183, 5661385.7819]}, "properties": {"OBJECTID": 365, "COUNT_": 4, "COUNT_FC": 1}}, {"type": "Feature", "id": 366, "geometry": {"type": "Point", "coordinates": [6427791.3528, 5661388.26]}, "properties": {"OBJECTID": 366, "COUNT_": 1, "COUNT_FC": 1}}, {"type": "Feature", "id": 367, "geometry": {"type": "Point", "coordinates": [6427211.3456, 5661398.804899999]}, "properties": {"OBJECTID": 367, "COUNT_": 1, "COUNT_FC": 1}}, {"type": "Feature", "id": 368, "geometry": {"type": "Point", "coordinates": [6434917.7355, 5661415.557700001]}, "properties": {"OBJECTID": 368, "COUNT_": 1, "COUNT_FC": 1}}, {"type": "Feature", "id": 369, "geometry": {"type": "Point", "coordinates": [6429115.4979, 5661422.5251]}, "properties": {"OBJECTID": 369, "COUNT_": 1, "COUNT_FC": 1}}, {"type": "Feature", "id": 370, "geometry": {"type": "Point", "coordinates": [6429114.8295, 5661425.3376]}, "properties": {"OBJECTID": 370, "COUNT_": 2, "COUNT_FC": 1}}, {"type": "Feature", "id": 371, "geometry": {"type": "Point", "coordinates": [6433194.2852, 5661429.9044]}, "properties": {"OBJECTID": 371, "COUNT_": 1, "COUNT_FC": 1}}, {"type": "Feature", "id": 372, "geometry": {"type": "Point", "coordinates": [6429129.5588, 5661438.098400001]}, "properties": {"OBJECTID": 372, "COUNT_": 1, "COUNT_FC": 1}}, {"type": "Feature", "id": 373, "geometry": {"type": "Point", "coordinates": [6429123.1618, 5661439.7122]}, "properties": {"OBJECTID": 373, "COUNT_": 1, "COUNT_FC": 1}}, {"type": "Feature", "id": 374, "geometry": {"type": "Point", "coordinates": [6433288.1304, 5661444.828400001]}, "properties": {"OBJECTID": 374, "COUNT_": 2, "COUNT_FC": 1}}, {"type": "Feature", "id": 375, "geometry": {"type": "Point", "coordinates": [6429092.6244, 5661452.729499999]}, "properties": {"OBJECTID": 375, "COUNT_": 2, "COUNT_FC": 1}}, {"type": "Feature", "id": 376, "geometry": {"type": "Point", "coordinates": [6432461.0051, 5661457.0087]}, "properties": {"OBJECTID": 376, "COUNT_": 1, "COUNT_FC": 1}}, {"type": "Feature", "id": 377, "geometry": {"type": "Point", "coordinates": [6433106.2371, 5661459.556299999]}, "properties": {"OBJECTID": 377, "COUNT_": 1, "COUNT_FC": 1}}, {"type": "Feature", "id": 378, "geometry": {"type": "Point", "coordinates": [6429107.6402, 5661467.23]}, "properties": {"OBJECTID": 378, "COUNT_": 2, "COUNT_FC": 1}}, {"type": "Feature", "id": 379, "geometry": {"type": "Point", "coordinates": [6427720.487, 5661467.507599999]}, "properties": {"OBJECTID": 379, "COUNT_": 1, "COUNT_FC": 1}}, {"type": "Feature", "id": 380, "geometry": {"type": "Point", "coordinates": [6434183.4115, 5661470.0369]}, "properties": {"OBJECTID": 380, "COUNT_": 1, "COUNT_FC": 1}}, {"type": "Feature", "id": 381, "geometry": {"type": "Point", "coordinates": [6429158.5369, 5661471.220699999]}, "properties": {"OBJECTID": 381, "COUNT_": 6, "COUNT_FC": 1}}, {"type": "Feature", "id": 382, "geometry": {"type": "Point", "coordinates": [6429151.3164, 5661473.431700001]}, "properties": {"OBJECTID": 382, "COUNT_": 3, "COUNT_FC": 1}}, {"type": "Feature", "id": 383, "geometry": {"type": "Point", "coordinates": [6428726.9528, 5661474.7234000005]}, "properties": {"OBJECTID": 383, "COUNT_": 1, "COUNT_FC": 1}}, {"type": "Feature", "id": 384, "geometry": {"type": "Point", "coordinates": [6434279.2616, 5661481.060699999]}, "properties": {"OBJECTID": 384, "COUNT_": 1, "COUNT_FC": 1}}, {"type": "Feature", "id": 385, "geometry": {"type": "Point", "coordinates": [6434883.6219, 5661481.690099999]}, "properties": {"OBJECTID": 385, "COUNT_": 1, "COUNT_FC": 1}}, {"type": "Feature", "id": 386, "geometry": {"type": "Point", "coordinates": [6429789.9215, 5661486.772299999]}, "properties": {"OBJECTID": 386, "COUNT_": 3, "COUNT_FC": 1}}, {"type": "Feature", "id": 387, "geometry": {"type": "Point", "coordinates": [6429177.9962, 5661488.3708]}, "properties": {"OBJECTID": 387, "COUNT_": 10, "COUNT_FC": 1}}, {"type": "Feature", "id": 388, "geometry": {"type": "Point", "coordinates": [6429170.7048, 5661490.834000002]}, "properties": {"OBJECTID": 388, "COUNT_": 2, "COUNT_FC": 1}}, {"type": "Feature", "id": 389, "geometry": {"type": "Point", "coordinates": [6429062.8595, 5661493.1559]}, "properties": {"OBJECTID": 389, "COUNT_": 2, "COUNT_FC": 1}}, {"type": "Feature", "id": 390, "geometry": {"type": "Point", "coordinates": [6434178.8894, 5661494.323799999]}, "properties": {"OBJECTID": 390, "COUNT_": 3, "COUNT_FC": 1}}, {"type": "Feature", "id": 391, "geometry": {"type": "Point", "coordinates": [6434615.5483, 5661496.5002999995]}, "properties": {"OBJECTID": 391, "COUNT_": 1, "COUNT_FC": 1}}, {"type": "Feature", "id": 392, "geometry": {"type": "Point", "coordinates": [6433109.6151, 5661497.390000001]}, "properties": {"OBJECTID": 392, "COUNT_": 7, "COUNT_FC": 1}}, {"type": "Feature", "id": 393, "geometry": {"type": "Point", "coordinates": [6430152.2226, 5661505.6745]}, "properties": {"OBJECTID": 393, "COUNT_": 1, "COUNT_FC": 1}}, {"type": "Feature", "id": 394, "geometry": {"type": "Point", "coordinates": [6429134.8992, 5661508.378900001]}, "properties": {"OBJECTID": 394, "COUNT_": 4, "COUNT_FC": 1}}, {"type": "Feature", "id": 395, "geometry": {"type": "Point", "coordinates": [6429076.5441, 5661508.523800001]}, "properties": {"OBJECTID": 395, "COUNT_": 1, "COUNT_FC": 1}}, {"type": "Feature", "id": 396, "geometry": {"type": "Point", "coordinates": [6434018.5491, 5661510.066500001]}, "properties": {"OBJECTID": 396, "COUNT_": 3, "COUNT_FC": 1}}, {"type": "Feature", "id": 397, "geometry": {"type": "Point", "coordinates": [6425806.8671, 5661510.264900002]}, "properties": {"OBJECTID": 397, "COUNT_": 1, "COUNT_FC": 1}}, {"type": "Feature", "id": 398, "geometry": {"type": "Point", "coordinates": [6431274.8031, 5661511.659700001]}, "properties": {"OBJECTID": 398, "COUNT_": 1, "COUNT_FC": 1}}, {"type": "Feature", "id": 399, "geometry": {"type": "Point", "coordinates": [6431258.6938, 5661515.668]}, "properties": {"OBJECTID": 399, "COUNT_": 1, "COUNT_FC": 1}}, {"type": "Feature", "id": 400, "geometry": {"type": "Point", "coordinates": [6429155.0488, 5661528.4209]}, "properties": {"OBJECTID": 400, "COUNT_": 3, "COUNT_FC": 1}}, {"type": "Feature", "id": 401, "geometry": {"type": "Point", "coordinates": [6429234.616, 5661530.747900001]}, "properties": {"OBJECTID": 401, "COUNT_": 3, "COUNT_FC": 1}}, {"type": "Feature", "id": 402, "geometry": {"type": "Point", "coordinates": [6429163.8409, 5661541.7983]}, "properties": {"OBJECTID": 402, "COUNT_": 1, "COUNT_FC": 1}}, {"type": "Feature", "id": 403, "geometry": {"type": "Point", "coordinates": [6426053.5996, 5661544.5985]}, "properties": {"OBJECTID": 403, "COUNT_": 153, "COUNT_FC": 1}}, {"type": "Feature", "id": 404, "geometry": {"type": "Point", "coordinates": [6429156.2309, 5661544.8663]}, "properties": {"OBJECTID": 404, "COUNT_": 1, "COUNT_FC": 1}}, {"type": "Feature", "id": 405, "geometry": {"type": "Point", "coordinates": [6426461.3236, 5661545.736]}, "properties": {"OBJECTID": 405, "COUNT_": 1, "COUNT_FC": 1}}, {"type": "Feature", "id": 406, "geometry": {"type": "Point", "coordinates": [6430367.7729, 5661555.120100001]}, "properties": {"OBJECTID": 406, "COUNT_": 1, "COUNT_FC": 1}}, {"type": "Feature", "id": 407, "geometry": {"type": "Point", "coordinates": [6429097.3855, 5661555.7382]}, "properties": {"OBJECTID": 407, "COUNT_": 1, "COUNT_FC": 1}}, {"type": "Feature", "id": 408, "geometry": {"type": "Point", "coordinates": [6429076.8239, 5661572.7283]}, "properties": {"OBJECTID": 408, "COUNT_": 1, "COUNT_FC": 1}}, {"type": "Feature", "id": 409, "geometry": {"type": "Point", "coordinates": [6429115.4422, 5661576.922599999]}, "properties": {"OBJECTID": 409, "COUNT_": 9, "COUNT_FC": 1}}, {"type": "Feature", "id": 410, "geometry": {"type": "Point", "coordinates": [6429214.3627, 5661579.163699999]}, "properties": {"OBJECTID": 410, "COUNT_": 2, "COUNT_FC": 1}}, {"type": "Feature", "id": 411, "geometry": {"type": "Point", "coordinates": [6429107.1458, 5661580.4307]}, "properties": {"OBJECTID": 411, "COUNT_": 2, "COUNT_FC": 1}}, {"type": "Feature", "id": 412, "geometry": {"type": "Point", "coordinates": [6435593.8712, 5661585.0616]}, "properties": {"OBJECTID": 412, "COUNT_": 54, "COUNT_FC": 1}}, {"type": "Feature", "id": 413, "geometry": {"type": "Point", "coordinates": [6429067.4281, 5661601.853800001]}, "properties": {"OBJECTID": 413, "COUNT_": 2, "COUNT_FC": 1}}, {"type": "Feature", "id": 414, "geometry": {"type": "Point", "coordinates": [6430680.8526, 5661616.8818]}, "properties": {"OBJECTID": 414, "COUNT_": 1, "COUNT_FC": 1}}, {"type": "Feature", "id": 415, "geometry": {"type": "Point", "coordinates": [6429085.8262, 5661626.804400001]}, "properties": {"OBJECTID": 415, "COUNT_": 3, "COUNT_FC": 1}}, {"type": "Feature", "id": 416, "geometry": {"type": "Point", "coordinates": [6435557.227300001, 5661636.008400001]}, "properties": {"OBJECTID": 416, "COUNT_": 4, "COUNT_FC": 1}}, {"type": "Feature", "id": 417, "geometry": {"type": "Point", "coordinates": [6433571.9874, 5661640.5239]}, "properties": {"OBJECTID": 417, "COUNT_": 1, "COUNT_FC": 1}}, {"type": "Feature", "id": 418, "geometry": {"type": "Point", "coordinates": [6429109.5498, 5661665.645]}, "properties": {"OBJECTID": 418, "COUNT_": 1, "COUNT_FC": 1}}, {"type": "Feature", "id": 419, "geometry": {"type": "Point", "coordinates": [6426891.4154, 5661666.658500001]}, "properties": {"OBJECTID": 419, "COUNT_": 1, "COUNT_FC": 1}}, {"type": "Feature", "id": 420, "geometry": {"type": "Point", "coordinates": [6430802.8273, 5661670.2204]}, "properties": {"OBJECTID": 420, "COUNT_": 1, "COUNT_FC": 1}}, {"type": "Feature", "id": 421, "geometry": {"type": "Point", "coordinates": [6430334.0972, 5661673.035]}, "properties": {"OBJECTID": 421, "COUNT_": 2, "COUNT_FC": 1}}, {"type": "Feature", "id": 422, "geometry": {"type": "Point", "coordinates": [6433504.952300001, 5661689.729900001]}, "properties": {"OBJECTID": 422, "COUNT_": 11, "COUNT_FC": 1}}, {"type": "Feature", "id": 423, "geometry": {"type": "Point", "coordinates": [6429140.4456, 5661692.028899999]}, "properties": {"OBJECTID": 423, "COUNT_": 2, "COUNT_FC": 1}}, {"type": "Feature", "id": 424, "geometry": {"type": "Point", "coordinates": [6433538.395, 5661701.0384]}, "properties": {"OBJECTID": 424, "COUNT_": 1, "COUNT_FC": 1}}, {"type": "Feature", "id": 425, "geometry": {"type": "Point", "coordinates": [6435596.6498, 5661702.8354]}, "properties": {"OBJECTID": 425, "COUNT_": 2, "COUNT_FC": 1}}, {"type": "Feature", "id": 426, "geometry": {"type": "Point", "coordinates": [6425630.4845, 5661709.2664]}, "properties": {"OBJECTID": 426, "COUNT_": 1, "COUNT_FC": 1}}, {"type": "Feature", "id": 427, "geometry": {"type": "Point", "coordinates": [6430055.8168, 5661709.4309]}, "properties": {"OBJECTID": 427, "COUNT_": 1, "COUNT_FC": 1}}, {"type": "Feature", "id": 428, "geometry": {"type": "Point", "coordinates": [6428588.4958, 5661713.816299999]}, "properties": {"OBJECTID": 428, "COUNT_": 1, "COUNT_FC": 1}}, {"type": "Feature", "id": 429, "geometry": {"type": "Point", "coordinates": [6433494.0156, 5661717.1611]}, "properties": {"OBJECTID": 429, "COUNT_": 2, "COUNT_FC": 1}}, {"type": "Feature", "id": 430, "geometry": {"type": "Point", "coordinates": [6433517.0424, 5661740.013599999]}, "properties": {"OBJECTID": 430, "COUNT_": 8, "COUNT_FC": 1}}, {"type": "Feature", "id": 431, "geometry": {"type": "Point", "coordinates": [6435442.6802, 5661753.586200001]}, "properties": {"OBJECTID": 431, "COUNT_": 1, "COUNT_FC": 1}}, {"type": "Feature", "id": 432, "geometry": {"type": "Point", "coordinates": [6427101.7482, 5661773.3136]}, "properties": {"OBJECTID": 432, "COUNT_": 1, "COUNT_FC": 1}}, {"type": "Feature", "id": 433, "geometry": {"type": "Point", "coordinates": [6432845.1739, 5661773.7651]}, "properties": {"OBJECTID": 433, "COUNT_": 1, "COUNT_FC": 1}}, {"type": "Feature", "id": 434, "geometry": {"type": "Point", "coordinates": [6433402.6209, 5661790.6844999995]}, "properties": {"OBJECTID": 434, "COUNT_": 1, "COUNT_FC": 1}}, {"type": "Feature", "id": 435, "geometry": {"type": "Point", "coordinates": [6433414.0617, 5661792.0308]}, "properties": {"OBJECTID": 435, "COUNT_": 1, "COUNT_FC": 1}}, {"type": "Feature", "id": 436, "geometry": {"type": "Point", "coordinates": [6435459.1142, 5661793.674799999]}, "properties": {"OBJECTID": 436, "COUNT_": 1, "COUNT_FC": 1}}, {"type": "Feature", "id": 437, "geometry": {"type": "Point", "coordinates": [6425163.7797, 5661821.8003]}, "properties": {"OBJECTID": 437, "COUNT_": 3, "COUNT_FC": 1}}, {"type": "Feature", "id": 438, "geometry": {"type": "Point", "coordinates": [6428779.6058, 5661824.328500001]}, "properties": {"OBJECTID": 438, "COUNT_": 1, "COUNT_FC": 1}}, {"type": "Feature", "id": 439, "geometry": {"type": "Point", "coordinates": [6435526.5159, 5661835.9375]}, "properties": {"OBJECTID": 439, "COUNT_": 1, "COUNT_FC": 1}}, {"type": "Feature", "id": 440, "geometry": {"type": "Point", "coordinates": [6435466.8072, 5661843.848099999]}, "properties": {"OBJECTID": 440, "COUNT_": 2, "COUNT_FC": 1}}, {"type": "Feature", "id": 441, "geometry": {"type": "Point", "coordinates": [6435573.5094, 5661843.936799999]}, "properties": {"OBJECTID": 441, "COUNT_": 2, "COUNT_FC": 1}}, {"type": "Feature", "id": 442, "geometry": {"type": "Point", "coordinates": [6435467.1827, 5661844.576400001]}, "properties": {"OBJECTID": 442, "COUNT_": 1, "COUNT_FC": 1}}, {"type": "Feature", "id": 443, "geometry": {"type": "Point", "coordinates": [6435434.1353, 5661849.3881]}, "properties": {"OBJECTID": 443, "COUNT_": 1, "COUNT_FC": 1}}, {"type": "Feature", "id": 444, "geometry": {"type": "Point", "coordinates": [6433964.5681, 5661857.553200001]}, "properties": {"OBJECTID": 444, "COUNT_": 4, "COUNT_FC": 1}}, {"type": "Feature", "id": 445, "geometry": {"type": "Point", "coordinates": [6430976.4708, 5661860.959000001]}, "properties": {"OBJECTID": 445, "COUNT_": 1, "COUNT_FC": 1}}, {"type": "Feature", "id": 446, "geometry": {"type": "Point", "coordinates": [6435464.5754, 5661873.6962]}, "properties": {"OBJECTID": 446, "COUNT_": 1, "COUNT_FC": 1}}, {"type": "Feature", "id": 447, "geometry": {"type": "Point", "coordinates": [6426751.6663, 5661916.6899]}, "properties": {"OBJECTID": 447, "COUNT_": 2, "COUNT_FC": 1}}, {"type": "Feature", "id": 448, "geometry": {"type": "Point", "coordinates": [6432410.7707, 5661932.410700001]}, "properties": {"OBJECTID": 448, "COUNT_": 2, "COUNT_FC": 1}}, {"type": "Feature", "id": 449, "geometry": {"type": "Point", "coordinates": [6429891.5765, 5661956.4936]}, "properties": {"OBJECTID": 449, "COUNT_": 1, "COUNT_FC": 1}}, {"type": "Feature", "id": 450, "geometry": {"type": "Point", "coordinates": [6429893.3414, 5661959.4188]}, "properties": {"OBJECTID": 450, "COUNT_": 1, "COUNT_FC": 1}}, {"type": "Feature", "id": 451, "geometry": {"type": "Point", "coordinates": [6431863.102, 5661966.702099999]}, "properties": {"OBJECTID": 451, "COUNT_": 1, "COUNT_FC": 1}}, {"type": "Feature", "id": 452, "geometry": {"type": "Point", "coordinates": [6428941.559, 5661979.0989]}, "properties": {"OBJECTID": 452, "COUNT_": 3, "COUNT_FC": 1}}, {"type": "Feature", "id": 453, "geometry": {"type": "Point", "coordinates": [6428940.3144, 5661979.6417]}, "properties": {"OBJECTID": 453, "COUNT_": 1, "COUNT_FC": 1}}, {"type": "Feature", "id": 454, "geometry": {"type": "Point", "coordinates": [6431811.1775, 5661981.9026999995]}, "properties": {"OBJECTID": 454, "COUNT_": 1, "COUNT_FC": 1}}, {"type": "Feature", "id": 455, "geometry": {"type": "Point", "coordinates": [6429979.7662, 5661982.9487000005]}, "properties": {"OBJECTID": 455, "COUNT_": 2, "COUNT_FC": 1}}, {"type": "Feature", "id": 456, "geometry": {"type": "Point", "coordinates": [6431449.6505, 5661990.0896000005]}, "properties": {"OBJECTID": 456, "COUNT_": 1, "COUNT_FC": 1}}, {"type": "Feature", "id": 457, "geometry": {"type": "Point", "coordinates": [6428923.636, 5661995.603700001]}, "properties": {"OBJECTID": 457, "COUNT_": 1, "COUNT_FC": 1}}, {"type": "Feature", "id": 458, "geometry": {"type": "Point", "coordinates": [6426722.9099, 5662002.360200001]}, "properties": {"OBJECTID": 458, "COUNT_": 1516, "COUNT_FC": 1}}, {"type": "Feature", "id": 459, "geometry": {"type": "Point", "coordinates": [6431504.5065, 5662016.0188]}, "properties": {"OBJECTID": 459, "COUNT_": 2, "COUNT_FC": 1}}, {"type": "Feature", "id": 460, "geometry": {"type": "Point", "coordinates": [6428953.42, 5662020.1522]}, "properties": {"OBJECTID": 460, "COUNT_": 1, "COUNT_FC": 1}}, {"type": "Feature", "id": 461, "geometry": {"type": "Point", "coordinates": [6431451.3433, 5662021.705499999]}, "properties": {"OBJECTID": 461, "COUNT_": 1, "COUNT_FC": 1}}, {"type": "Feature", "id": 462, "geometry": {"type": "Point", "coordinates": [6431421.5132, 5662024.654200001]}, "properties": {"OBJECTID": 462, "COUNT_": 2, "COUNT_FC": 1}}, {"type": "Feature", "id": 463, "geometry": {"type": "Point", "coordinates": [6432925.5914, 5662064.0482]}, "properties": {"OBJECTID": 463, "COUNT_": 1, "COUNT_FC": 1}}, {"type": "Feature", "id": 464, "geometry": {"type": "Point", "coordinates": [6428893.2812, 5662068.7355]}, "properties": {"OBJECTID": 464, "COUNT_": 1, "COUNT_FC": 1}}, {"type": "Feature", "id": 465, "geometry": {"type": "Point", "coordinates": [6433294.422, 5662074.5273]}, "properties": {"OBJECTID": 465, "COUNT_": 5, "COUNT_FC": 1}}, {"type": "Feature", "id": 466, "geometry": {"type": "Point", "coordinates": [6428877.1414, 5662082.3055]}, "properties": {"OBJECTID": 466, "COUNT_": 3, "COUNT_FC": 1}}, {"type": "Feature", "id": 467, "geometry": {"type": "Point", "coordinates": [6439178.9265, 5662084.6172]}, "properties": {"OBJECTID": 467, "COUNT_": 1, "COUNT_FC": 1}}, {"type": "Feature", "id": 468, "geometry": {"type": "Point", "coordinates": [6428905.5125, 5662117.1621]}, "properties": {"OBJECTID": 468, "COUNT_": 2, "COUNT_FC": 1}}, {"type": "Feature", "id": 469, "geometry": {"type": "Point", "coordinates": [6425585.9985, 5662117.6006000005]}, "properties": {"OBJECTID": 469, "COUNT_": 1, "COUNT_FC": 1}}, {"type": "Feature", "id": 470, "geometry": {"type": "Point", "coordinates": [6432920.8781, 5662127.475099999]}, "properties": {"OBJECTID": 470, "COUNT_": 1, "COUNT_FC": 1}}, {"type": "Feature", "id": 471, "geometry": {"type": "Point", "coordinates": [6428904.4423, 5662131.809800001]}, "properties": {"OBJECTID": 471, "COUNT_": 1, "COUNT_FC": 1}}, {"type": "Feature", "id": 472, "geometry": {"type": "Point", "coordinates": [6433565.7508, 5662132.774599999]}, "properties": {"OBJECTID": 472, "COUNT_": 1, "COUNT_FC": 1}}, {"type": "Feature", "id": 473, "geometry": {"type": "Point", "coordinates": [6428903.9817, 5662134.2479]}, "properties": {"OBJECTID": 473, "COUNT_": 1, "COUNT_FC": 1}}, {"type": "Feature", "id": 474, "geometry": {"type": "Point", "coordinates": [6428944.8784, 5662143.990700001]}, "properties": {"OBJECTID": 474, "COUNT_": 1, "COUNT_FC": 1}}, {"type": "Feature", "id": 475, "geometry": {"type": "Point", "coordinates": [6425943.0924, 5662151.0364]}, "properties": {"OBJECTID": 475, "COUNT_": 1, "COUNT_FC": 1}}, {"type": "Feature", "id": 476, "geometry": {"type": "Point", "coordinates": [6428952.5669, 5662197.6545]}, "properties": {"OBJECTID": 476, "COUNT_": 104, "COUNT_FC": 1}}, {"type": "Feature", "id": 477, "geometry": {"type": "Point", "coordinates": [6428879.712, 5662202.7184999995]}, "properties": {"OBJECTID": 477, "COUNT_": 2, "COUNT_FC": 1}}, {"type": "Feature", "id": 478, "geometry": {"type": "Point", "coordinates": [6429189.5169, 5662212.782299999]}, "properties": {"OBJECTID": 478, "COUNT_": 1, "COUNT_FC": 1}}, {"type": "Feature", "id": 479, "geometry": {"type": "Point", "coordinates": [6428938.1629, 5662229.4582]}, "properties": {"OBJECTID": 479, "COUNT_": 1, "COUNT_FC": 1}}, {"type": "Feature", "id": 480, "geometry": {"type": "Point", "coordinates": [6430041.51, 5662261.6953]}, "properties": {"OBJECTID": 480, "COUNT_": 1, "COUNT_FC": 1}}, {"type": "Feature", "id": 481, "geometry": {"type": "Point", "coordinates": [6433304.627, 5662280.327099999]}, "properties": {"OBJECTID": 481, "COUNT_": 1, "COUNT_FC": 1}}, {"type": "Feature", "id": 482, "geometry": {"type": "Point", "coordinates": [6428969.7387, 5662281.911599999]}, "properties": {"OBJECTID": 482, "COUNT_": 1, "COUNT_FC": 1}}, {"type": "Feature", "id": 483, "geometry": {"type": "Point", "coordinates": [6438161.297, 5662288.441400002]}, "properties": {"OBJECTID": 483, "COUNT_": 2, "COUNT_FC": 1}}, {"type": "Feature", "id": 484, "geometry": {"type": "Point", "coordinates": [6428955.6047, 5662297.574899999]}, "properties": {"OBJECTID": 484, "COUNT_": 1, "COUNT_FC": 1}}, {"type": "Feature", "id": 485, "geometry": {"type": "Point", "coordinates": [6438899.2678, 5662306.6877]}, "properties": {"OBJECTID": 485, "COUNT_": 4, "COUNT_FC": 1}}, {"type": "Feature", "id": 486, "geometry": {"type": "Point", "coordinates": [6428915.2173, 5662311.7411]}, "properties": {"OBJECTID": 486, "COUNT_": 1, "COUNT_FC": 1}}, {"type": "Feature", "id": 487, "geometry": {"type": "Point", "coordinates": [6425261.3808, 5662315.070800001]}, "properties": {"OBJECTID": 487, "COUNT_": 1, "COUNT_FC": 1}}, {"type": "Feature", "id": 488, "geometry": {"type": "Point", "coordinates": [6433100.8805, 5662318.9922]}, "properties": {"OBJECTID": 488, "COUNT_": 1, "COUNT_FC": 1}}, {"type": "Feature", "id": 489, "geometry": {"type": "Point", "coordinates": [6439324.9737, 5662327.467499999]}, "properties": {"OBJECTID": 489, "COUNT_": 4, "COUNT_FC": 1}}, {"type": "Feature", "id": 490, "geometry": {"type": "Point", "coordinates": [6426408.7805, 5662360.039599999]}, "properties": {"OBJECTID": 490, "COUNT_": 1, "COUNT_FC": 1}}, {"type": "Feature", "id": 491, "geometry": {"type": "Point", "coordinates": [6428890.1604, 5662364.0173]}, "properties": {"OBJECTID": 491, "COUNT_": 4, "COUNT_FC": 1}}, {"type": "Feature", "id": 492, "geometry": {"type": "Point", "coordinates": [6428940.7714, 5662391.5141]}, "properties": {"OBJECTID": 492, "COUNT_": 1, "COUNT_FC": 1}}, {"type": "Feature", "id": 493, "geometry": {"type": "Point", "coordinates": [6432180.3082, 5662395.539000001]}, "properties": {"OBJECTID": 493, "COUNT_": 1, "COUNT_FC": 1}}, {"type": "Feature", "id": 494, "geometry": {"type": "Point", "coordinates": [6430094.588, 5662395.986199999]}, "properties": {"OBJECTID": 494, "COUNT_": 1, "COUNT_FC": 1}}, {"type": "Feature", "id": 495, "geometry": {"type": "Point", "coordinates": [6430798.0873, 5662404.4103]}, "properties": {"OBJECTID": 495, "COUNT_": 12, "COUNT_FC": 1}}, {"type": "Feature", "id": 496, "geometry": {"type": "Point", "coordinates": [6438769.8166, 5662420.8639]}, "properties": {"OBJECTID": 496, "COUNT_": 1, "COUNT_FC": 1}}, {"type": "Feature", "id": 497, "geometry": {"type": "Point", "coordinates": [6429020.235, 5662431.875]}, "properties": {"OBJECTID": 497, "COUNT_": 2, "COUNT_FC": 1}}, {"type": "Feature", "id": 498, "geometry": {"type": "Point", "coordinates": [6438944.1144, 5662438.6438]}, "properties": {"OBJECTID": 498, "COUNT_": 1, "COUNT_FC": 1}}, {"type": "Feature", "id": 499, "geometry": {"type": "Point", "coordinates": [6438919.3565, 5662441.4023]}, "properties": {"OBJECTID": 499, "COUNT_": 3, "COUNT_FC": 1}}, {"type": "Feature", "id": 500, "geometry": {"type": "Point", "coordinates": [6428906.6251, 5662448.178300001]}, "properties": {"OBJECTID": 500, "COUNT_": 1, "COUNT_FC": 1}}, {"type": "Feature", "id": 501, "geometry": {"type": "Point", "coordinates": [6426629.7731, 5662452.4714]}, "properties": {"OBJECTID": 501, "COUNT_": 1, "COUNT_FC": 1}}, {"type": "Feature", "id": 502, "geometry": {"type": "Point", "coordinates": [6433311.4314, 5662468.767999999]}, "properties": {"OBJECTID": 502, "COUNT_": 1, "COUNT_FC": 1}}, {"type": "Feature", "id": 503, "geometry": {"type": "Point", "coordinates": [6429863.9703, 5662472.4794]}, "properties": {"OBJECTID": 503, "COUNT_": 31, "COUNT_FC": 1}}, {"type": "Feature", "id": 504, "geometry": {"type": "Point", "coordinates": [6432660.8302, 5662477.966]}, "properties": {"OBJECTID": 504, "COUNT_": 2, "COUNT_FC": 1}}, {"type": "Feature", "id": 505, "geometry": {"type": "Point", "coordinates": [6429148.6585, 5662481.475199999]}, "properties": {"OBJECTID": 505, "COUNT_": 2, "COUNT_FC": 1}}, {"type": "Feature", "id": 506, "geometry": {"type": "Point", "coordinates": [6438773.9561, 5662488.471999999]}, "properties": {"OBJECTID": 506, "COUNT_": 1, "COUNT_FC": 1}}, {"type": "Feature", "id": 507, "geometry": {"type": "Point", "coordinates": [6438789.0374, 5662493.735699999]}, "properties": {"OBJECTID": 507, "COUNT_": 2, "COUNT_FC": 1}}, {"type": "Feature", "id": 508, "geometry": {"type": "Point", "coordinates": [6427650.5032, 5662495.1083]}, "properties": {"OBJECTID": 508, "COUNT_": 3, "COUNT_FC": 1}}, {"type": "Feature", "id": 509, "geometry": {"type": "Point", "coordinates": [6429010.3671, 5662497.984]}, "properties": {"OBJECTID": 509, "COUNT_": 1, "COUNT_FC": 1}}, {"type": "Feature", "id": 510, "geometry": {"type": "Point", "coordinates": [6431109.71, 5662508.8674]}, "properties": {"OBJECTID": 510, "COUNT_": 1, "COUNT_FC": 1}}, {"type": "Feature", "id": 511, "geometry": {"type": "Point", "coordinates": [6435642.9486, 5662565.2828]}, "properties": {"OBJECTID": 511, "COUNT_": 1, "COUNT_FC": 1}}, {"type": "Feature", "id": 512, "geometry": {"type": "Point", "coordinates": [6433907.5168, 5662566.453]}, "properties": {"OBJECTID": 512, "COUNT_": 2, "COUNT_FC": 1}}, {"type": "Feature", "id": 513, "geometry": {"type": "Point", "coordinates": [6430099.9067, 5662567.1171]}, "properties": {"OBJECTID": 513, "COUNT_": 1, "COUNT_FC": 1}}, {"type": "Feature", "id": 514, "geometry": {"type": "Point", "coordinates": [6428347.4415, 5662579.3851]}, "properties": {"OBJECTID": 514, "COUNT_": 1, "COUNT_FC": 1}}, {"type": "Feature", "id": 515, "geometry": {"type": "Point", "coordinates": [6432576.0441, 5662586.0779]}, "properties": {"OBJECTID": 515, "COUNT_": 1, "COUNT_FC": 1}}, {"type": "Feature", "id": 516, "geometry": {"type": "Point", "coordinates": [6428188.8082, 5662603.093699999]}, "properties": {"OBJECTID": 516, "COUNT_": 1, "COUNT_FC": 1}}, {"type": "Feature", "id": 517, "geometry": {"type": "Point", "coordinates": [6433166.7016, 5662608.089500001]}, "properties": {"OBJECTID": 517, "COUNT_": 1, "COUNT_FC": 1}}, {"type": "Feature", "id": 518, "geometry": {"type": "Point", "coordinates": [6431935.6922, 5662649.800100001]}, "properties": {"OBJECTID": 518, "COUNT_": 1, "COUNT_FC": 1}}, {"type": "Feature", "id": 519, "geometry": {"type": "Point", "coordinates": [6430906.6389, 5662657.596000001]}, "properties": {"OBJECTID": 519, "COUNT_": 2, "COUNT_FC": 1}}, {"type": "Feature", "id": 520, "geometry": {"type": "Point", "coordinates": [6431940.3174, 5662662.0486]}, "properties": {"OBJECTID": 520, "COUNT_": 1, "COUNT_FC": 1}}, {"type": "Feature", "id": 521, "geometry": {"type": "Point", "coordinates": [6432897.4293, 5662664.556]}, "properties": {"OBJECTID": 521, "COUNT_": 1, "COUNT_FC": 1}}, {"type": "Feature", "id": 522, "geometry": {"type": "Point", "coordinates": [6434082.4528, 5662667.166099999]}, "properties": {"OBJECTID": 522, "COUNT_": 1, "COUNT_FC": 1}}, {"type": "Feature", "id": 523, "geometry": {"type": "Point", "coordinates": [6428888.1606, 5662687.8072]}, "properties": {"OBJECTID": 523, "COUNT_": 1, "COUNT_FC": 1}}, {"type": "Feature", "id": 524, "geometry": {"type": "Point", "coordinates": [6432980.1828, 5662690.613600002]}, "properties": {"OBJECTID": 524, "COUNT_": 1, "COUNT_FC": 1}}, {"type": "Feature", "id": 525, "geometry": {"type": "Point", "coordinates": [6430534.0338, 5662693.0254999995]}, "properties": {"OBJECTID": 525, "COUNT_": 1, "COUNT_FC": 1}}, {"type": "Feature", "id": 526, "geometry": {"type": "Point", "coordinates": [6428959.687, 5662703.5272]}, "properties": {"OBJECTID": 526, "COUNT_": 2, "COUNT_FC": 1}}, {"type": "Feature", "id": 527, "geometry": {"type": "Point", "coordinates": [6429337.8873, 5662706.1121]}, "properties": {"OBJECTID": 527, "COUNT_": 1, "COUNT_FC": 1}}, {"type": "Feature", "id": 528, "geometry": {"type": "Point", "coordinates": [6431183.6513, 5662706.8089000005]}, "properties": {"OBJECTID": 528, "COUNT_": 1, "COUNT_FC": 1}}, {"type": "Feature", "id": 529, "geometry": {"type": "Point", "coordinates": [6429020.5759, 5662726.3562]}, "properties": {"OBJECTID": 529, "COUNT_": 1, "COUNT_FC": 1}}, {"type": "Feature", "id": 530, "geometry": {"type": "Point", "coordinates": [6429180.4759, 5662741.6381]}, "properties": {"OBJECTID": 530, "COUNT_": 1, "COUNT_FC": 1}}, {"type": "Feature", "id": 531, "geometry": {"type": "Point", "coordinates": [6430560.0248, 5662746.341099999]}, "properties": {"OBJECTID": 531, "COUNT_": 1, "COUNT_FC": 1}}, {"type": "Feature", "id": 532, "geometry": {"type": "Point", "coordinates": [6431269.4249, 5662798.2323]}, "properties": {"OBJECTID": 532, "COUNT_": 1, "COUNT_FC": 1}}, {"type": "Feature", "id": 533, "geometry": {"type": "Point", "coordinates": [6431269.4665, 5662798.2579]}, "properties": {"OBJECTID": 533, "COUNT_": 2, "COUNT_FC": 1}}, {"type": "Feature", "id": 534, "geometry": {"type": "Point", "coordinates": [6430386.842, 5662808.9014]}, "properties": {"OBJECTID": 534, "COUNT_": 1, "COUNT_FC": 1}}, {"type": "Feature", "id": 535, "geometry": {"type": "Point", "coordinates": [6431476.0686, 5662811.6478]}, "properties": {"OBJECTID": 535, "COUNT_": 1, "COUNT_FC": 1}}, {"type": "Feature", "id": 536, "geometry": {"type": "Point", "coordinates": [6431271.6236, 5662811.980699999]}, "properties": {"OBJECTID": 536, "COUNT_": 2, "COUNT_FC": 1}}, {"type": "Feature", "id": 537, "geometry": {"type": "Point", "coordinates": [6430474.0698, 5662826.884500001]}, "properties": {"OBJECTID": 537, "COUNT_": 2, "COUNT_FC": 1}}, {"type": "Feature", "id": 538, "geometry": {"type": "Point", "coordinates": [6431259.2932, 5662835.961200001]}, "properties": {"OBJECTID": 538, "COUNT_": 1, "COUNT_FC": 1}}, {"type": "Feature", "id": 539, "geometry": {"type": "Point", "coordinates": [6430382.2771, 5662836.818299999]}, "properties": {"OBJECTID": 539, "COUNT_": 2, "COUNT_FC": 1}}, {"type": "Feature", "id": 540, "geometry": {"type": "Point", "coordinates": [6430466.4443, 5662858.2015]}, "properties": {"OBJECTID": 540, "COUNT_": 15, "COUNT_FC": 1}}, {"type": "Feature", "id": 541, "geometry": {"type": "Point", "coordinates": [6430467.583, 5662858.604499999]}, "properties": {"OBJECTID": 541, "COUNT_": 622, "COUNT_FC": 1}}, {"type": "Feature", "id": 542, "geometry": {"type": "Point", "coordinates": [6430485.8552, 5662859.956900001]}, "properties": {"OBJECTID": 542, "COUNT_": 1, "COUNT_FC": 1}}, {"type": "Feature", "id": 543, "geometry": {"type": "Point", "coordinates": [6433676.4904, 5662862.8782]}, "properties": {"OBJECTID": 543, "COUNT_": 3, "COUNT_FC": 1}}, {"type": "Feature", "id": 544, "geometry": {"type": "Point", "coordinates": [6430488.451, 5662865.785700001]}, "properties": {"OBJECTID": 544, "COUNT_": 1, "COUNT_FC": 1}}, {"type": "Feature", "id": 545, "geometry": {"type": "Point", "coordinates": [6430477.1718, 5662868.0845]}, "properties": {"OBJECTID": 545, "COUNT_": 1, "COUNT_FC": 1}}, {"type": "Feature", "id": 546, "geometry": {"type": "Point", "coordinates": [6428520.2567, 5662888.177300001]}, "properties": {"OBJECTID": 546, "COUNT_": 1, "COUNT_FC": 1}}, {"type": "Feature", "id": 547, "geometry": {"type": "Point", "coordinates": [6432720.4087, 5662902.982999999]}, "properties": {"OBJECTID": 547, "COUNT_": 2, "COUNT_FC": 1}}, {"type": "Feature", "id": 548, "geometry": {"type": "Point", "coordinates": [6430527.863, 5662914.8133000005]}, "properties": {"OBJECTID": 548, "COUNT_": 1, "COUNT_FC": 1}}, {"type": "Feature", "id": 549, "geometry": {"type": "Point", "coordinates": [6428317.3798, 5662916.3027]}, "properties": {"OBJECTID": 549, "COUNT_": 1, "COUNT_FC": 1}}, {"type": "Feature", "id": 550, "geometry": {"type": "Point", "coordinates": [6427548.4502, 5662928.4671]}, "properties": {"OBJECTID": 550, "COUNT_": 11, "COUNT_FC": 1}}, {"type": "Feature", "id": 551, "geometry": {"type": "Point", "coordinates": [6433026.793, 5662937.639699998]}, "properties": {"OBJECTID": 551, "COUNT_": 1, "COUNT_FC": 1}}, {"type": "Feature", "id": 552, "geometry": {"type": "Point", "coordinates": [6430081.9065, 5662960.3555]}, "properties": {"OBJECTID": 552, "COUNT_": 1, "COUNT_FC": 1}}, {"type": "Feature", "id": 553, "geometry": {"type": "Point", "coordinates": [6426019.8105, 5662975.273800001]}, "properties": {"OBJECTID": 553, "COUNT_": 1, "COUNT_FC": 1}}, {"type": "Feature", "id": 554, "geometry": {"type": "Point", "coordinates": [6428910.7404, 5662977.960999999]}, "properties": {"OBJECTID": 554, "COUNT_": 2, "COUNT_FC": 1}}, {"type": "Feature", "id": 555, "geometry": {"type": "Point", "coordinates": [6425546.261, 5662998.6214000005]}, "properties": {"OBJECTID": 555, "COUNT_": 1, "COUNT_FC": 1}}, {"type": "Feature", "id": 556, "geometry": {"type": "Point", "coordinates": [6434138.0708, 5663004.0086]}, "properties": {"OBJECTID": 556, "COUNT_": 1, "COUNT_FC": 1}}, {"type": "Feature", "id": 557, "geometry": {"type": "Point", "coordinates": [6432882.4912, 5663013.663000001]}, "properties": {"OBJECTID": 557, "COUNT_": 1, "COUNT_FC": 1}}, {"type": "Feature", "id": 558, "geometry": {"type": "Point", "coordinates": [6431527.7921, 5663021.564200001]}, "properties": {"OBJECTID": 558, "COUNT_": 1, "COUNT_FC": 1}}, {"type": "Feature", "id": 559, "geometry": {"type": "Point", "coordinates": [6429037.2904, 5663026.111099999]}, "properties": {"OBJECTID": 559, "COUNT_": 1, "COUNT_FC": 1}}, {"type": "Feature", "id": 560, "geometry": {"type": "Point", "coordinates": [6432861.4208, 5663026.191999999]}, "properties": {"OBJECTID": 560, "COUNT_": 1, "COUNT_FC": 1}}, {"type": "Feature", "id": 561, "geometry": {"type": "Point", "coordinates": [6428944.5356, 5663028.275699999]}, "properties": {"OBJECTID": 561, "COUNT_": 2, "COUNT_FC": 1}}, {"type": "Feature", "id": 562, "geometry": {"type": "Point", "coordinates": [6425565.2187, 5663039.006200001]}, "properties": {"OBJECTID": 562, "COUNT_": 29, "COUNT_FC": 1}}, {"type": "Feature", "id": 563, "geometry": {"type": "Point", "coordinates": [6431911.7295, 5663044.444599999]}, "properties": {"OBJECTID": 563, "COUNT_": 2, "COUNT_FC": 1}}, {"type": "Feature", "id": 564, "geometry": {"type": "Point", "coordinates": [6432817.156, 5663048.892100001]}, "properties": {"OBJECTID": 564, "COUNT_": 8, "COUNT_FC": 1}}, {"type": "Feature", "id": 565, "geometry": {"type": "Point", "coordinates": [6426414.0009, 5663051.7849]}, "properties": {"OBJECTID": 565, "COUNT_": 5, "COUNT_FC": 1}}, {"type": "Feature", "id": 566, "geometry": {"type": "Point", "coordinates": [6431660.2719, 5663052.0589000005]}, "properties": {"OBJECTID": 566, "COUNT_": 1, "COUNT_FC": 1}}, {"type": "Feature", "id": 567, "geometry": {"type": "Point", "coordinates": [6429866.6663, 5663060.9716]}, "properties": {"OBJECTID": 567, "COUNT_": 28, "COUNT_FC": 1}}, {"type": "Feature", "id": 568, "geometry": {"type": "Point", "coordinates": [6429073.8141, 5663070.034499999]}, "properties": {"OBJECTID": 568, "COUNT_": 1, "COUNT_FC": 1}}, {"type": "Feature", "id": 569, "geometry": {"type": "Point", "coordinates": [6429080.9899, 5663072.225199999]}, "properties": {"OBJECTID": 569, "COUNT_": 1, "COUNT_FC": 1}}, {"type": "Feature", "id": 570, "geometry": {"type": "Point", "coordinates": [6441086.19, 5663084.551100001]}, "properties": {"OBJECTID": 570, "COUNT_": 1, "COUNT_FC": 1}}, {"type": "Feature", "id": 571, "geometry": {"type": "Point", "coordinates": [6433008.7598, 5663088.382099999]}, "properties": {"OBJECTID": 571, "COUNT_": 1, "COUNT_FC": 1}}, {"type": "Feature", "id": 572, "geometry": {"type": "Point", "coordinates": [6431994.256, 5663153.3992]}, "properties": {"OBJECTID": 572, "COUNT_": 1, "COUNT_FC": 1}}, {"type": "Feature", "id": 573, "geometry": {"type": "Point", "coordinates": [6429694.3754, 5663158.646600001]}, "properties": {"OBJECTID": 573, "COUNT_": 1, "COUNT_FC": 1}}, {"type": "Feature", "id": 574, "geometry": {"type": "Point", "coordinates": [6427211.3581, 5663162.884299999]}, "properties": {"OBJECTID": 574, "COUNT_": 1, "COUNT_FC": 1}}, {"type": "Feature", "id": 575, "geometry": {"type": "Point", "coordinates": [6426046.7809, 5663183.865900001]}, "properties": {"OBJECTID": 575, "COUNT_": 1, "COUNT_FC": 1}}, {"type": "Feature", "id": 576, "geometry": {"type": "Point", "coordinates": [6432875.493, 5663203.991599999]}, "properties": {"OBJECTID": 576, "COUNT_": 1, "COUNT_FC": 1}}, {"type": "Feature", "id": 577, "geometry": {"type": "Point", "coordinates": [6429917.7129, 5663210.161699999]}, "properties": {"OBJECTID": 577, "COUNT_": 1, "COUNT_FC": 1}}, {"type": "Feature", "id": 578, "geometry": {"type": "Point", "coordinates": [6430397.4646, 5663215.784700001]}, "properties": {"OBJECTID": 578, "COUNT_": 1, "COUNT_FC": 1}}, {"type": "Feature", "id": 579, "geometry": {"type": "Point", "coordinates": [6432102.5419, 5663262.2183]}, "properties": {"OBJECTID": 579, "COUNT_": 1, "COUNT_FC": 1}}, {"type": "Feature", "id": 580, "geometry": {"type": "Point", "coordinates": [6427613.5974, 5663276.5276]}, "properties": {"OBJECTID": 580, "COUNT_": 1, "COUNT_FC": 1}}, {"type": "Feature", "id": 581, "geometry": {"type": "Point", "coordinates": [6436403.6444, 5663327.807600002]}, "properties": {"OBJECTID": 581, "COUNT_": 1, "COUNT_FC": 1}}, {"type": "Feature", "id": 582, "geometry": {"type": "Point", "coordinates": [6427164.4968, 5663348.163699999]}, "properties": {"OBJECTID": 582, "COUNT_": 1, "COUNT_FC": 1}}, {"type": "Feature", "id": 583, "geometry": {"type": "Point", "coordinates": [6437934.0407, 5663385.5056]}, "properties": {"OBJECTID": 583, "COUNT_": 2, "COUNT_FC": 1}}, {"type": "Feature", "id": 584, "geometry": {"type": "Point", "coordinates": [6435876.4227, 5663396.986300001]}, "properties": {"OBJECTID": 584, "COUNT_": 1, "COUNT_FC": 1}}, {"type": "Feature", "id": 585, "geometry": {"type": "Point", "coordinates": [6435820.9012, 5663406.024199999]}, "properties": {"OBJECTID": 585, "COUNT_": 8, "COUNT_FC": 1}}, {"type": "Feature", "id": 586, "geometry": {"type": "Point", "coordinates": [6433280.5952, 5663425.284000001]}, "properties": {"OBJECTID": 586, "COUNT_": 1, "COUNT_FC": 1}}, {"type": "Feature", "id": 587, "geometry": {"type": "Point", "coordinates": [6436255.4368, 5663426.7623]}, "properties": {"OBJECTID": 587, "COUNT_": 2, "COUNT_FC": 1}}, {"type": "Feature", "id": 588, "geometry": {"type": "Point", "coordinates": [6432218.1952, 5663439.4209]}, "properties": {"OBJECTID": 588, "COUNT_": 1, "COUNT_FC": 1}}, {"type": "Feature", "id": 589, "geometry": {"type": "Point", "coordinates": [6431512.6225, 5663445.796399999]}, "properties": {"OBJECTID": 589, "COUNT_": 1, "COUNT_FC": 1}}, {"type": "Feature", "id": 590, "geometry": {"type": "Point", "coordinates": [6438103.7004, 5663447.742199999]}, "properties": {"OBJECTID": 590, "COUNT_": 1, "COUNT_FC": 1}}, {"type": "Feature", "id": 591, "geometry": {"type": "Point", "coordinates": [6425598.9993, 5663449.9957]}, "properties": {"OBJECTID": 591, "COUNT_": 1, "COUNT_FC": 1}}, {"type": "Feature", "id": 592, "geometry": {"type": "Point", "coordinates": [6427213.2515, 5663454.3429000005]}, "properties": {"OBJECTID": 592, "COUNT_": 63, "COUNT_FC": 1}}, {"type": "Feature", "id": 593, "geometry": {"type": "Point", "coordinates": [6434668.8758, 5663463.2546999995]}, "properties": {"OBJECTID": 593, "COUNT_": 1, "COUNT_FC": 1}}, {"type": "Feature", "id": 594, "geometry": {"type": "Point", "coordinates": [6431959.7074, 5663467.477499999]}, "properties": {"OBJECTID": 594, "COUNT_": 1, "COUNT_FC": 1}}, {"type": "Feature", "id": 595, "geometry": {"type": "Point", "coordinates": [6426813.5545, 5663482.371200001]}, "properties": {"OBJECTID": 595, "COUNT_": 2, "COUNT_FC": 1}}, {"type": "Feature", "id": 596, "geometry": {"type": "Point", "coordinates": [6435596.5455, 5663483.7753]}, "properties": {"OBJECTID": 596, "COUNT_": 1, "COUNT_FC": 1}}, {"type": "Feature", "id": 597, "geometry": {"type": "Point", "coordinates": [6438113.109, 5663504.7994]}, "properties": {"OBJECTID": 597, "COUNT_": 1, "COUNT_FC": 1}}, {"type": "Feature", "id": 598, "geometry": {"type": "Point", "coordinates": [6440720.0623, 5663508.0568]}, "properties": {"OBJECTID": 598, "COUNT_": 1, "COUNT_FC": 1}}, {"type": "Feature", "id": 599, "geometry": {"type": "Point", "coordinates": [6437826.5033, 5663523.393300001]}, "properties": {"OBJECTID": 599, "COUNT_": 1, "COUNT_FC": 1}}, {"type": "Feature", "id": 600, "geometry": {"type": "Point", "coordinates": [6438102.9135, 5663525.032500002]}, "properties": {"OBJECTID": 600, "COUNT_": 8, "COUNT_FC": 1}}, {"type": "Feature", "id": 601, "geometry": {"type": "Point", "coordinates": [6438110.6016, 5663528.506999999]}, "properties": {"OBJECTID": 601, "COUNT_": 52, "COUNT_FC": 1}}, {"type": "Feature", "id": 602, "geometry": {"type": "Point", "coordinates": [6431895.8683, 5663533.6647999985]}, "properties": {"OBJECTID": 602, "COUNT_": 1, "COUNT_FC": 1}}, {"type": "Feature", "id": 603, "geometry": {"type": "Point", "coordinates": [6432747.4739, 5663538.9142]}, "properties": {"OBJECTID": 603, "COUNT_": 1, "COUNT_FC": 1}}, {"type": "Feature", "id": 604, "geometry": {"type": "Point", "coordinates": [6434061.4975, 5663540.5679]}, "properties": {"OBJECTID": 604, "COUNT_": 2, "COUNT_FC": 1}}, {"type": "Feature", "id": 605, "geometry": {"type": "Point", "coordinates": [6437946.9653, 5663567.5888]}, "properties": {"OBJECTID": 605, "COUNT_": 1, "COUNT_FC": 1}}, {"type": "Feature", "id": 606, "geometry": {"type": "Point", "coordinates": [6432652.0704, 5663587.6247]}, "properties": {"OBJECTID": 606, "COUNT_": 1, "COUNT_FC": 1}}, {"type": "Feature", "id": 607, "geometry": {"type": "Point", "coordinates": [6433015.328, 5663609.2412]}, "properties": {"OBJECTID": 607, "COUNT_": 1, "COUNT_FC": 1}}, {"type": "Feature", "id": 608, "geometry": {"type": "Point", "coordinates": [6426591.7465, 5663618.298900001]}, "properties": {"OBJECTID": 608, "COUNT_": 2, "COUNT_FC": 1}}, {"type": "Feature", "id": 609, "geometry": {"type": "Point", "coordinates": [6432197.653, 5663622.489800001]}, "properties": {"OBJECTID": 609, "COUNT_": 1, "COUNT_FC": 1}}, {"type": "Feature", "id": 610, "geometry": {"type": "Point", "coordinates": [6436454.6049, 5663634.112500001]}, "properties": {"OBJECTID": 610, "COUNT_": 1, "COUNT_FC": 1}}, {"type": "Feature", "id": 611, "geometry": {"type": "Point", "coordinates": [6426578.364, 5663674.973500001]}, "properties": {"OBJECTID": 611, "COUNT_": 2, "COUNT_FC": 1}}, {"type": "Feature", "id": 612, "geometry": {"type": "Point", "coordinates": [6432064.9015, 5663677.319800001]}, "properties": {"OBJECTID": 612, "COUNT_": 1, "COUNT_FC": 1}}, {"type": "Feature", "id": 613, "geometry": {"type": "Point", "coordinates": [6426573.0702, 5663700.477700001]}, "properties": {"OBJECTID": 613, "COUNT_": 1, "COUNT_FC": 1}}, {"type": "Feature", "id": 614, "geometry": {"type": "Point", "coordinates": [6426568.3609, 5663717.3365]}, "properties": {"OBJECTID": 614, "COUNT_": 2, "COUNT_FC": 1}}, {"type": "Feature", "id": 615, "geometry": {"type": "Point", "coordinates": [6439081.8729, 5663726.7238]}, "properties": {"OBJECTID": 615, "COUNT_": 1, "COUNT_FC": 1}}, {"type": "Feature", "id": 616, "geometry": {"type": "Point", "coordinates": [6432732.0127, 5663756.8078000005]}, "properties": {"OBJECTID": 616, "COUNT_": 1, "COUNT_FC": 1}}, {"type": "Feature", "id": 617, "geometry": {"type": "Point", "coordinates": [6426780.8239, 5663776.8489]}, "properties": {"OBJECTID": 617, "COUNT_": 1, "COUNT_FC": 1}}, {"type": "Feature", "id": 618, "geometry": {"type": "Point", "coordinates": [6426554.5712, 5663789.5999]}, "properties": {"OBJECTID": 618, "COUNT_": 1, "COUNT_FC": 1}}, {"type": "Feature", "id": 619, "geometry": {"type": "Point", "coordinates": [6434640.9873, 5663793.8103]}, "properties": {"OBJECTID": 619, "COUNT_": 1, "COUNT_FC": 1}}, {"type": "Feature", "id": 620, "geometry": {"type": "Point", "coordinates": [6432241.2145, 5663796.956599999]}, "properties": {"OBJECTID": 620, "COUNT_": 1, "COUNT_FC": 1}}, {"type": "Feature", "id": 621, "geometry": {"type": "Point", "coordinates": [6433754.960300001, 5663797.6362]}, "properties": {"OBJECTID": 621, "COUNT_": 1, "COUNT_FC": 1}}, {"type": "Feature", "id": 622, "geometry": {"type": "Point", "coordinates": [6425944.4932, 5663811.0988]}, "properties": {"OBJECTID": 622, "COUNT_": 22, "COUNT_FC": 1}}, {"type": "Feature", "id": 623, "geometry": {"type": "Point", "coordinates": [6432213.9752, 5663812.919500001]}, "properties": {"OBJECTID": 623, "COUNT_": 1, "COUNT_FC": 1}}, {"type": "Feature", "id": 624, "geometry": {"type": "Point", "coordinates": [6441065.1612, 5663813.821799999]}, "properties": {"OBJECTID": 624, "COUNT_": 2, "COUNT_FC": 1}}, {"type": "Feature", "id": 625, "geometry": {"type": "Point", "coordinates": [6427986.0935, 5663820.2861]}, "properties": {"OBJECTID": 625, "COUNT_": 1, "COUNT_FC": 1}}, {"type": "Feature", "id": 626, "geometry": {"type": "Point", "coordinates": [6437754.3303, 5663824.333799999]}, "properties": {"OBJECTID": 626, "COUNT_": 1, "COUNT_FC": 1}}, {"type": "Feature", "id": 627, "geometry": {"type": "Point", "coordinates": [6440083.7186, 5663831.306299999]}, "properties": {"OBJECTID": 627, "COUNT_": 2, "COUNT_FC": 1}}, {"type": "Feature", "id": 628, "geometry": {"type": "Point", "coordinates": [6437736.4318, 5663831.697699999]}, "properties": {"OBJECTID": 628, "COUNT_": 1, "COUNT_FC": 1}}, {"type": "Feature", "id": 629, "geometry": {"type": "Point", "coordinates": [6437732.0946, 5663841.114800001]}, "properties": {"OBJECTID": 629, "COUNT_": 6, "COUNT_FC": 1}}, {"type": "Feature", "id": 630, "geometry": {"type": "Point", "coordinates": [6430839.4331, 5663847.8191]}, "properties": {"OBJECTID": 630, "COUNT_": 2, "COUNT_FC": 1}}, {"type": "Feature", "id": 631, "geometry": {"type": "Point", "coordinates": [6426502.5582, 5663849.480900001]}, "properties": {"OBJECTID": 631, "COUNT_": 1, "COUNT_FC": 1}}, {"type": "Feature", "id": 632, "geometry": {"type": "Point", "coordinates": [6437708.8935, 5663849.952299999]}, "properties": {"OBJECTID": 632, "COUNT_": 1, "COUNT_FC": 1}}, {"type": "Feature", "id": 633, "geometry": {"type": "Point", "coordinates": [6435863.9422, 5663856.9761]}, "properties": {"OBJECTID": 633, "COUNT_": 3, "COUNT_FC": 1}}, {"type": "Feature", "id": 634, "geometry": {"type": "Point", "coordinates": [6426529.9441, 5663887.1675]}, "properties": {"OBJECTID": 634, "COUNT_": 3, "COUNT_FC": 1}}, {"type": "Feature", "id": 635, "geometry": {"type": "Point", "coordinates": [6430883.1858, 5663887.4484]}, "properties": {"OBJECTID": 635, "COUNT_": 1, "COUNT_FC": 1}}, {"type": "Feature", "id": 636, "geometry": {"type": "Point", "coordinates": [6431090.8164, 5663897.511700002]}, "properties": {"OBJECTID": 636, "COUNT_": 1, "COUNT_FC": 1}}, {"type": "Feature", "id": 637, "geometry": {"type": "Point", "coordinates": [6426523.6603, 5663905.1998]}, "properties": {"OBJECTID": 637, "COUNT_": 1, "COUNT_FC": 1}}, {"type": "Feature", "id": 638, "geometry": {"type": "Point", "coordinates": [6426529.9174, 5663917.365]}, "properties": {"OBJECTID": 638, "COUNT_": 1, "COUNT_FC": 1}}, {"type": "Feature", "id": 639, "geometry": {"type": "Point", "coordinates": [6430941.0869, 5663936.4461]}, "properties": {"OBJECTID": 639, "COUNT_": 1, "COUNT_FC": 1}}, {"type": "Feature", "id": 640, "geometry": {"type": "Point", "coordinates": [6433267.8233, 5663943.671499999]}, "properties": {"OBJECTID": 640, "COUNT_": 2, "COUNT_FC": 1}}, {"type": "Feature", "id": 641, "geometry": {"type": "Point", "coordinates": [6422721.0478, 5663957.673]}, "properties": {"OBJECTID": 641, "COUNT_": 1, "COUNT_FC": 1}}, {"type": "Feature", "id": 642, "geometry": {"type": "Point", "coordinates": [6431117.1627, 5663966.976199999]}, "properties": {"OBJECTID": 642, "COUNT_": 3, "COUNT_FC": 1}}, {"type": "Feature", "id": 643, "geometry": {"type": "Point", "coordinates": [6422647.1158, 5663999.477700001]}, "properties": {"OBJECTID": 643, "COUNT_": 1, "COUNT_FC": 1}}, {"type": "Feature", "id": 644, "geometry": {"type": "Point", "coordinates": [6439819.929300001, 5664009.943]}, "properties": {"OBJECTID": 644, "COUNT_": 1, "COUNT_FC": 1}}, {"type": "Feature", "id": 645, "geometry": {"type": "Point", "coordinates": [6431100.6453, 5664053.6468]}, "properties": {"OBJECTID": 645, "COUNT_": 1, "COUNT_FC": 1}}, {"type": "Feature", "id": 646, "geometry": {"type": "Point", "coordinates": [6422772.2667, 5664060.2033]}, "properties": {"OBJECTID": 646, "COUNT_": 1, "COUNT_FC": 1}}, {"type": "Feature", "id": 647, "geometry": {"type": "Point", "coordinates": [6422313.522, 5664063.111099999]}, "properties": {"OBJECTID": 647, "COUNT_": 1, "COUNT_FC": 1}}, {"type": "Feature", "id": 648, "geometry": {"type": "Point", "coordinates": [6433328.0145, 5664069.6007]}, "properties": {"OBJECTID": 648, "COUNT_": 1, "COUNT_FC": 1}}, {"type": "Feature", "id": 649, "geometry": {"type": "Point", "coordinates": [6422664.6748, 5664073.7406]}, "properties": {"OBJECTID": 649, "COUNT_": 1, "COUNT_FC": 1}}, {"type": "Feature", "id": 650, "geometry": {"type": "Point", "coordinates": [6422732.3764, 5664078.9255]}, "properties": {"OBJECTID": 650, "COUNT_": 1, "COUNT_FC": 1}}, {"type": "Feature", "id": 651, "geometry": {"type": "Point", "coordinates": [6430312.8448, 5664080.2359]}, "properties": {"OBJECTID": 651, "COUNT_": 1, "COUNT_FC": 1}}, {"type": "Feature", "id": 652, "geometry": {"type": "Point", "coordinates": [6434660.3734, 5664094.3726]}, "properties": {"OBJECTID": 652, "COUNT_": 1, "COUNT_FC": 1}}, {"type": "Feature", "id": 653, "geometry": {"type": "Point", "coordinates": [6436962.3899, 5664136.458000001]}, "properties": {"OBJECTID": 653, "COUNT_": 1, "COUNT_FC": 1}}, {"type": "Feature", "id": 654, "geometry": {"type": "Point", "coordinates": [6428119.0049, 5664140.4508]}, "properties": {"OBJECTID": 654, "COUNT_": 3, "COUNT_FC": 1}}, {"type": "Feature", "id": 655, "geometry": {"type": "Point", "coordinates": [6432132.1017, 5664154.2447]}, "properties": {"OBJECTID": 655, "COUNT_": 1, "COUNT_FC": 1}}, {"type": "Feature", "id": 656, "geometry": {"type": "Point", "coordinates": [6440001.0165, 5664161.7005]}, "properties": {"OBJECTID": 656, "COUNT_": 1, "COUNT_FC": 1}}, {"type": "Feature", "id": 657, "geometry": {"type": "Point", "coordinates": [6428204.0416, 5664162.049799998]}, "properties": {"OBJECTID": 657, "COUNT_": 1, "COUNT_FC": 1}}, {"type": "Feature", "id": 658, "geometry": {"type": "Point", "coordinates": [6422872.6275, 5664165.1656]}, "properties": {"OBJECTID": 658, "COUNT_": 1, "COUNT_FC": 1}}, {"type": "Feature", "id": 659, "geometry": {"type": "Point", "coordinates": [6436526.5909, 5664181.446599999]}, "properties": {"OBJECTID": 659, "COUNT_": 5, "COUNT_FC": 1}}, {"type": "Feature", "id": 660, "geometry": {"type": "Point", "coordinates": [6422850.8918, 5664182.5965]}, "properties": {"OBJECTID": 660, "COUNT_": 1, "COUNT_FC": 1}}, {"type": "Feature", "id": 661, "geometry": {"type": "Point", "coordinates": [6432737.0296, 5664189.360400001]}, "properties": {"OBJECTID": 661, "COUNT_": 1, "COUNT_FC": 1}}, {"type": "Feature", "id": 662, "geometry": {"type": "Point", "coordinates": [6422817.0534, 5664199.931]}, "properties": {"OBJECTID": 662, "COUNT_": 1, "COUNT_FC": 1}}, {"type": "Feature", "id": 663, "geometry": {"type": "Point", "coordinates": [6431400.9232, 5664217.260600001]}, "properties": {"OBJECTID": 663, "COUNT_": 1, "COUNT_FC": 1}}, {"type": "Feature", "id": 664, "geometry": {"type": "Point", "coordinates": [6422519.2499, 5664222.8992]}, "properties": {"OBJECTID": 664, "COUNT_": 1, "COUNT_FC": 1}}, {"type": "Feature", "id": 665, "geometry": {"type": "Point", "coordinates": [6431379.3424, 5664223.183499999]}, "properties": {"OBJECTID": 665, "COUNT_": 1, "COUNT_FC": 1}}, {"type": "Feature", "id": 666, "geometry": {"type": "Point", "coordinates": [6423698.747, 5664229.4681]}, "properties": {"OBJECTID": 666, "COUNT_": 1, "COUNT_FC": 1}}, {"type": "Feature", "id": 667, "geometry": {"type": "Point", "coordinates": [6422501.006, 5664237.0283]}, "properties": {"OBJECTID": 667, "COUNT_": 1, "COUNT_FC": 1}}, {"type": "Feature", "id": 668, "geometry": {"type": "Point", "coordinates": [6433396.0288, 5664240.8178]}, "properties": {"OBJECTID": 668, "COUNT_": 1, "COUNT_FC": 1}}, {"type": "Feature", "id": 669, "geometry": {"type": "Point", "coordinates": [6431228.4502, 5664245.248]}, "properties": {"OBJECTID": 669, "COUNT_": 1, "COUNT_FC": 1}}, {"type": "Feature", "id": 670, "geometry": {"type": "Point", "coordinates": [6428872.6674, 5664245.8741999995]}, "properties": {"OBJECTID": 670, "COUNT_": 1, "COUNT_FC": 1}}, {"type": "Feature", "id": 671, "geometry": {"type": "Point", "coordinates": [6422189.4709, 5664247.2754999995]}, "properties": {"OBJECTID": 671, "COUNT_": 1, "COUNT_FC": 1}}, {"type": "Feature", "id": 672, "geometry": {"type": "Point", "coordinates": [6431800.6701, 5664255.0013]}, "properties": {"OBJECTID": 672, "COUNT_": 1, "COUNT_FC": 1}}, {"type": "Feature", "id": 673, "geometry": {"type": "Point", "coordinates": [6435010.3892, 5664257.4397]}, "properties": {"OBJECTID": 673, "COUNT_": 1, "COUNT_FC": 1}}, {"type": "Feature", "id": 674, "geometry": {"type": "Point", "coordinates": [6426727.5461, 5664264.578199999]}, "properties": {"OBJECTID": 674, "COUNT_": 2, "COUNT_FC": 1}}, {"type": "Feature", "id": 675, "geometry": {"type": "Point", "coordinates": [6422547.8399, 5664267.085200001]}, "properties": {"OBJECTID": 675, "COUNT_": 2, "COUNT_FC": 1}}, {"type": "Feature", "id": 676, "geometry": {"type": "Point", "coordinates": [6423076.7472, 5664267.762800001]}, "properties": {"OBJECTID": 676, "COUNT_": 1, "COUNT_FC": 1}}, {"type": "Feature", "id": 677, "geometry": {"type": "Point", "coordinates": [6422400.1054, 5664268.6296999995]}, "properties": {"OBJECTID": 677, "COUNT_": 1, "COUNT_FC": 1}}, {"type": "Feature", "id": 678, "geometry": {"type": "Point", "coordinates": [6422320.5091, 5664271.399700001]}, "properties": {"OBJECTID": 678, "COUNT_": 1, "COUNT_FC": 1}}, {"type": "Feature", "id": 679, "geometry": {"type": "Point", "coordinates": [6428876.6871, 5664288.5459]}, "properties": {"OBJECTID": 679, "COUNT_": 1, "COUNT_FC": 1}}, {"type": "Feature", "id": 680, "geometry": {"type": "Point", "coordinates": [6429280.1758, 5664290.2194]}, "properties": {"OBJECTID": 680, "COUNT_": 1, "COUNT_FC": 1}}, {"type": "Feature", "id": 681, "geometry": {"type": "Point", "coordinates": [6424563.5147, 5664294.859300001]}, "properties": {"OBJECTID": 681, "COUNT_": 1, "COUNT_FC": 1}}, {"type": "Feature", "id": 682, "geometry": {"type": "Point", "coordinates": [6432356.7093, 5664296.214]}, "properties": {"OBJECTID": 682, "COUNT_": 1, "COUNT_FC": 1}}, {"type": "Feature", "id": 683, "geometry": {"type": "Point", "coordinates": [6431117.2371, 5664309.2357]}, "properties": {"OBJECTID": 683, "COUNT_": 1, "COUNT_FC": 1}}, {"type": "Feature", "id": 684, "geometry": {"type": "Point", "coordinates": [6422760.6931, 5664313.851399999]}, "properties": {"OBJECTID": 684, "COUNT_": 1, "COUNT_FC": 1}}, {"type": "Feature", "id": 685, "geometry": {"type": "Point", "coordinates": [6422740.9226, 5664319.544]}, "properties": {"OBJECTID": 685, "COUNT_": 1, "COUNT_FC": 1}}, {"type": "Feature", "id": 686, "geometry": {"type": "Point", "coordinates": [6440222.2666, 5664323.172700001]}, "properties": {"OBJECTID": 686, "COUNT_": 1, "COUNT_FC": 1}}, {"type": "Feature", "id": 687, "geometry": {"type": "Point", "coordinates": [6437171.0361, 5664325.733200001]}, "properties": {"OBJECTID": 687, "COUNT_": 1, "COUNT_FC": 1}}, {"type": "Feature", "id": 688, "geometry": {"type": "Point", "coordinates": [6422347.4421, 5664332.0986]}, "properties": {"OBJECTID": 688, "COUNT_": 1, "COUNT_FC": 1}}, {"type": "Feature", "id": 689, "geometry": {"type": "Point", "coordinates": [6434687.6806, 5664351.6875]}, "properties": {"OBJECTID": 689, "COUNT_": 1, "COUNT_FC": 1}}, {"type": "Feature", "id": 690, "geometry": {"type": "Point", "coordinates": [6431407.8331, 5664356.514799999]}, "properties": {"OBJECTID": 690, "COUNT_": 2, "COUNT_FC": 1}}, {"type": "Feature", "id": 691, "geometry": {"type": "Point", "coordinates": [6430837.1443, 5664363.6206]}, "properties": {"OBJECTID": 691, "COUNT_": 27, "COUNT_FC": 1}}, {"type": "Feature", "id": 692, "geometry": {"type": "Point", "coordinates": [6427706.1255, 5664368.216600001]}, "properties": {"OBJECTID": 692, "COUNT_": 4, "COUNT_FC": 1}}, {"type": "Feature", "id": 693, "geometry": {"type": "Point", "coordinates": [6422498.5774, 5664373.1284]}, "properties": {"OBJECTID": 693, "COUNT_": 1, "COUNT_FC": 1}}, {"type": "Feature", "id": 694, "geometry": {"type": "Point", "coordinates": [6435229.7877, 5664381.9662999995]}, "properties": {"OBJECTID": 694, "COUNT_": 1, "COUNT_FC": 1}}, {"type": "Feature", "id": 695, "geometry": {"type": "Point", "coordinates": [6435196.0571, 5664390.4092999995]}, "properties": {"OBJECTID": 695, "COUNT_": 1, "COUNT_FC": 1}}, {"type": "Feature", "id": 696, "geometry": {"type": "Point", "coordinates": [6426939.138500001, 5664415.1171]}, "properties": {"OBJECTID": 696, "COUNT_": 1, "COUNT_FC": 1}}, {"type": "Feature", "id": 697, "geometry": {"type": "Point", "coordinates": [6426972.813, 5664437.964299999]}, "properties": {"OBJECTID": 697, "COUNT_": 1, "COUNT_FC": 1}}, {"type": "Feature", "id": 698, "geometry": {"type": "Point", "coordinates": [6430603.2814, 5664444.2227]}, "properties": {"OBJECTID": 698, "COUNT_": 39, "COUNT_FC": 1}}, {"type": "Feature", "id": 699, "geometry": {"type": "Point", "coordinates": [6428018.7107, 5664449.4311999995]}, "properties": {"OBJECTID": 699, "COUNT_": 1, "COUNT_FC": 1}}, {"type": "Feature", "id": 700, "geometry": {"type": "Point", "coordinates": [6430649.3773, 5664455.7774]}, "properties": {"OBJECTID": 700, "COUNT_": 1, "COUNT_FC": 1}}, {"type": "Feature", "id": 701, "geometry": {"type": "Point", "coordinates": [6431367.0124, 5664476.478100001]}, "properties": {"OBJECTID": 701, "COUNT_": 1, "COUNT_FC": 1}}, {"type": "Feature", "id": 702, "geometry": {"type": "Point", "coordinates": [6423001.0595, 5664491.370100001]}, "properties": {"OBJECTID": 702, "COUNT_": 4, "COUNT_FC": 1}}, {"type": "Feature", "id": 703, "geometry": {"type": "Point", "coordinates": [6427092.1699, 5664491.9287]}, "properties": {"OBJECTID": 703, "COUNT_": 1, "COUNT_FC": 1}}, {"type": "Feature", "id": 704, "geometry": {"type": "Point", "coordinates": [6429720.8993, 5664492.423]}, "properties": {"OBJECTID": 704, "COUNT_": 1, "COUNT_FC": 1}}, {"type": "Feature", "id": 705, "geometry": {"type": "Point", "coordinates": [6428679.5918, 5664494.213099999]}, "properties": {"OBJECTID": 705, "COUNT_": 1, "COUNT_FC": 1}}, {"type": "Feature", "id": 706, "geometry": {"type": "Point", "coordinates": [6427969.765, 5664497.883300001]}, "properties": {"OBJECTID": 706, "COUNT_": 1, "COUNT_FC": 1}}, {"type": "Feature", "id": 707, "geometry": {"type": "Point", "coordinates": [6438679.1066, 5664504.9463]}, "properties": {"OBJECTID": 707, "COUNT_": 1, "COUNT_FC": 1}}, {"type": "Feature", "id": 708, "geometry": {"type": "Point", "coordinates": [6433705.6968, 5664508.738700001]}, "properties": {"OBJECTID": 708, "COUNT_": 1, "COUNT_FC": 1}}, {"type": "Feature", "id": 709, "geometry": {"type": "Point", "coordinates": [6430879.8465, 5664513.548]}, "properties": {"OBJECTID": 709, "COUNT_": 2, "COUNT_FC": 1}}, {"type": "Feature", "id": 710, "geometry": {"type": "Point", "coordinates": [6427151.1666, 5664531.2555]}, "properties": {"OBJECTID": 710, "COUNT_": 1, "COUNT_FC": 1}}, {"type": "Feature", "id": 711, "geometry": {"type": "Point", "coordinates": [6428124.5016, 5664538.2009000005]}, "properties": {"OBJECTID": 711, "COUNT_": 2, "COUNT_FC": 1}}, {"type": "Feature", "id": 712, "geometry": {"type": "Point", "coordinates": [6434740.0941, 5664540.541099999]}, "properties": {"OBJECTID": 712, "COUNT_": 1, "COUNT_FC": 1}}, {"type": "Feature", "id": 713, "geometry": {"type": "Point", "coordinates": [6438562.7095, 5664557.735400001]}, "properties": {"OBJECTID": 713, "COUNT_": 1, "COUNT_FC": 1}}, {"type": "Feature", "id": 714, "geometry": {"type": "Point", "coordinates": [6438363.8621, 5664568.6277]}, "properties": {"OBJECTID": 714, "COUNT_": 1, "COUNT_FC": 1}}, {"type": "Feature", "id": 715, "geometry": {"type": "Point", "coordinates": [6438629.3945, 5664574.851199999]}, "properties": {"OBJECTID": 715, "COUNT_": 1, "COUNT_FC": 1}}, {"type": "Feature", "id": 716, "geometry": {"type": "Point", "coordinates": [6434795.2088, 5664579.497199999]}, "properties": {"OBJECTID": 716, "COUNT_": 1, "COUNT_FC": 1}}, {"type": "Feature", "id": 717, "geometry": {"type": "Point", "coordinates": [6439112.046, 5664591.2519000005]}, "properties": {"OBJECTID": 717, "COUNT_": 1, "COUNT_FC": 1}}, {"type": "Feature", "id": 718, "geometry": {"type": "Point", "coordinates": [6438439.3628, 5664592.618100001]}, "properties": {"OBJECTID": 718, "COUNT_": 1, "COUNT_FC": 1}}, {"type": "Feature", "id": 719, "geometry": {"type": "Point", "coordinates": [6431774.7591, 5664596.8279]}, "properties": {"OBJECTID": 719, "COUNT_": 4, "COUNT_FC": 1}}, {"type": "Feature", "id": 720, "geometry": {"type": "Point", "coordinates": [6438295.5042, 5664604.145300001]}, "properties": {"OBJECTID": 720, "COUNT_": 1, "COUNT_FC": 1}}, {"type": "Feature", "id": 721, "geometry": {"type": "Point", "coordinates": [6428234.7452, 5664608.5965]}, "properties": {"OBJECTID": 721, "COUNT_": 1, "COUNT_FC": 1}}, {"type": "Feature", "id": 722, "geometry": {"type": "Point", "coordinates": [6430918.4309, 5664608.817799999]}, "properties": {"OBJECTID": 722, "COUNT_": 1, "COUNT_FC": 1}}, {"type": "Feature", "id": 723, "geometry": {"type": "Point", "coordinates": [6438278.1535, 5664612.2996]}, "properties": {"OBJECTID": 723, "COUNT_": 1, "COUNT_FC": 1}}, {"type": "Feature", "id": 724, "geometry": {"type": "Point", "coordinates": [6438275.2323, 5664614.752400001]}, "properties": {"OBJECTID": 724, "COUNT_": 3, "COUNT_FC": 1}}, {"type": "Feature", "id": 725, "geometry": {"type": "Point", "coordinates": [6434122.0961, 5664618.166999999]}, "properties": {"OBJECTID": 725, "COUNT_": 1, "COUNT_FC": 1}}, {"type": "Feature", "id": 726, "geometry": {"type": "Point", "coordinates": [6432516.7752, 5664619.386299999]}, "properties": {"OBJECTID": 726, "COUNT_": 1, "COUNT_FC": 1}}, {"type": "Feature", "id": 727, "geometry": {"type": "Point", "coordinates": [6431483.3052, 5664636.7279]}, "properties": {"OBJECTID": 727, "COUNT_": 2, "COUNT_FC": 1}}, {"type": "Feature", "id": 728, "geometry": {"type": "Point", "coordinates": [6427991.8879, 5664651.609999999]}, "properties": {"OBJECTID": 728, "COUNT_": 1, "COUNT_FC": 1}}, {"type": "Feature", "id": 729, "geometry": {"type": "Point", "coordinates": [6429355.0697, 5664654.240499999]}, "properties": {"OBJECTID": 729, "COUNT_": 1, "COUNT_FC": 1}}, {"type": "Feature", "id": 730, "geometry": {"type": "Point", "coordinates": [6423762.961, 5664674.2535999995]}, "properties": {"OBJECTID": 730, "COUNT_": 1, "COUNT_FC": 1}}, {"type": "Feature", "id": 731, "geometry": {"type": "Point", "coordinates": [6435079.9683, 5664677.019400001]}, "properties": {"OBJECTID": 731, "COUNT_": 1, "COUNT_FC": 1}}, {"type": "Feature", "id": 732, "geometry": {"type": "Point", "coordinates": [6438850.2339, 5664680.212200001]}, "properties": {"OBJECTID": 732, "COUNT_": 1, "COUNT_FC": 1}}, {"type": "Feature", "id": 733, "geometry": {"type": "Point", "coordinates": [6440518.1119, 5664683.907400001]}, "properties": {"OBJECTID": 733, "COUNT_": 2, "COUNT_FC": 1}}, {"type": "Feature", "id": 734, "geometry": {"type": "Point", "coordinates": [6422020.5682, 5664699.1917]}, "properties": {"OBJECTID": 734, "COUNT_": 3, "COUNT_FC": 1}}, {"type": "Feature", "id": 735, "geometry": {"type": "Point", "coordinates": [6418445.9289, 5664706.4989]}, "properties": {"OBJECTID": 735, "COUNT_": 1, "COUNT_FC": 1}}, {"type": "Feature", "id": 736, "geometry": {"type": "Point", "coordinates": [6438842.7029, 5664708.1515]}, "properties": {"OBJECTID": 736, "COUNT_": 2, "COUNT_FC": 1}}, {"type": "Feature", "id": 737, "geometry": {"type": "Point", "coordinates": [6438842.7585, 5664715.4803]}, "properties": {"OBJECTID": 737, "COUNT_": 1, "COUNT_FC": 1}}, {"type": "Feature", "id": 738, "geometry": {"type": "Point", "coordinates": [6428259.5399, 5664720.1568]}, "properties": {"OBJECTID": 738, "COUNT_": 2, "COUNT_FC": 1}}, {"type": "Feature", "id": 739, "geometry": {"type": "Point", "coordinates": [6428858.1415, 5664726.784700001]}, "properties": {"OBJECTID": 739, "COUNT_": 1, "COUNT_FC": 1}}, {"type": "Feature", "id": 740, "geometry": {"type": "Point", "coordinates": [6428672.2998, 5664728.6534]}, "properties": {"OBJECTID": 740, "COUNT_": 1, "COUNT_FC": 1}}, {"type": "Feature", "id": 741, "geometry": {"type": "Point", "coordinates": [6428700.6475, 5664736.7753]}, "properties": {"OBJECTID": 741, "COUNT_": 1, "COUNT_FC": 1}}, {"type": "Feature", "id": 742, "geometry": {"type": "Point", "coordinates": [6428569.8109, 5664737.3939]}, "properties": {"OBJECTID": 742, "COUNT_": 2, "COUNT_FC": 1}}, {"type": "Feature", "id": 743, "geometry": {"type": "Point", "coordinates": [6428417.3047, 5664739.8900000015]}, "properties": {"OBJECTID": 743, "COUNT_": 1, "COUNT_FC": 1}}, {"type": "Feature", "id": 744, "geometry": {"type": "Point", "coordinates": [6434581.3917, 5664750.125399999]}, "properties": {"OBJECTID": 744, "COUNT_": 1, "COUNT_FC": 1}}, {"type": "Feature", "id": 745, "geometry": {"type": "Point", "coordinates": [6430512.7557, 5664765.5255]}, "properties": {"OBJECTID": 745, "COUNT_": 6, "COUNT_FC": 1}}, {"type": "Feature", "id": 746, "geometry": {"type": "Point", "coordinates": [6434641.6083, 5664765.683]}, "properties": {"OBJECTID": 746, "COUNT_": 1, "COUNT_FC": 1}}, {"type": "Feature", "id": 747, "geometry": {"type": "Point", "coordinates": [6426768.9952, 5664771.5678]}, "properties": {"OBJECTID": 747, "COUNT_": 33, "COUNT_FC": 1}}, {"type": "Feature", "id": 748, "geometry": {"type": "Point", "coordinates": [6440572.2156, 5664772.468599999]}, "properties": {"OBJECTID": 748, "COUNT_": 1, "COUNT_FC": 1}}, {"type": "Feature", "id": 749, "geometry": {"type": "Point", "coordinates": [6422169.3542, 5664772.4989]}, "properties": {"OBJECTID": 749, "COUNT_": 1, "COUNT_FC": 1}}, {"type": "Feature", "id": 750, "geometry": {"type": "Point", "coordinates": [6419040.3928, 5664778.3949]}, "properties": {"OBJECTID": 750, "COUNT_": 1, "COUNT_FC": 1}}, {"type": "Feature", "id": 751, "geometry": {"type": "Point", "coordinates": [6424589.7693, 5664786.2479]}, "properties": {"OBJECTID": 751, "COUNT_": 1, "COUNT_FC": 1}}, {"type": "Feature", "id": 752, "geometry": {"type": "Point", "coordinates": [6424440.079, 5664787.122599999]}, "properties": {"OBJECTID": 752, "COUNT_": 1, "COUNT_FC": 1}}, {"type": "Feature", "id": 753, "geometry": {"type": "Point", "coordinates": [6439117.0487, 5664791.0078]}, "properties": {"OBJECTID": 753, "COUNT_": 1, "COUNT_FC": 1}}, {"type": "Feature", "id": 754, "geometry": {"type": "Point", "coordinates": [6428215.8183, 5664791.6928]}, "properties": {"OBJECTID": 754, "COUNT_": 11, "COUNT_FC": 1}}, {"type": "Feature", "id": 755, "geometry": {"type": "Point", "coordinates": [6428219.6304, 5664791.6932]}, "properties": {"OBJECTID": 755, "COUNT_": 2, "COUNT_FC": 1}}, {"type": "Feature", "id": 756, "geometry": {"type": "Point", "coordinates": [6426719.3729, 5664792.6241999995]}, "properties": {"OBJECTID": 756, "COUNT_": 3, "COUNT_FC": 1}}, {"type": "Feature", "id": 757, "geometry": {"type": "Point", "coordinates": [6434767.1801, 5664793.198100001]}, "properties": {"OBJECTID": 757, "COUNT_": 3, "COUNT_FC": 1}}, {"type": "Feature", "id": 758, "geometry": {"type": "Point", "coordinates": [6428202.141, 5664799.600099999]}, "properties": {"OBJECTID": 758, "COUNT_": 1, "COUNT_FC": 1}}, {"type": "Feature", "id": 759, "geometry": {"type": "Point", "coordinates": [6433477.5123000005, 5664802.446699999]}, "properties": {"OBJECTID": 759, "COUNT_": 1, "COUNT_FC": 1}}, {"type": "Feature", "id": 760, "geometry": {"type": "Point", "coordinates": [6431238.2573, 5664812.182700002]}, "properties": {"OBJECTID": 760, "COUNT_": 1, "COUNT_FC": 1}}, {"type": "Feature", "id": 761, "geometry": {"type": "Point", "coordinates": [6430669.6074, 5664823.237500001]}, "properties": {"OBJECTID": 761, "COUNT_": 1, "COUNT_FC": 1}}, {"type": "Feature", "id": 762, "geometry": {"type": "Point", "coordinates": [6421941.4941, 5664830.6305]}, "properties": {"OBJECTID": 762, "COUNT_": 1, "COUNT_FC": 1}}, {"type": "Feature", "id": 763, "geometry": {"type": "Point", "coordinates": [6434159.0794, 5664831.0714]}, "properties": {"OBJECTID": 763, "COUNT_": 6, "COUNT_FC": 1}}, {"type": "Feature", "id": 764, "geometry": {"type": "Point", "coordinates": [6434390.6554, 5664832.0021]}, "properties": {"OBJECTID": 764, "COUNT_": 1, "COUNT_FC": 1}}, {"type": "Feature", "id": 765, "geometry": {"type": "Point", "coordinates": [6421255.1171, 5664833.710000001]}, "properties": {"OBJECTID": 765, "COUNT_": 3, "COUNT_FC": 1}}, {"type": "Feature", "id": 766, "geometry": {"type": "Point", "coordinates": [6422736.2368, 5664835.399700001]}, "properties": {"OBJECTID": 766, "COUNT_": 1, "COUNT_FC": 1}}, {"type": "Feature", "id": 767, "geometry": {"type": "Point", "coordinates": [6439081.4324, 5664837.334000001]}, "properties": {"OBJECTID": 767, "COUNT_": 1, "COUNT_FC": 1}}, {"type": "Feature", "id": 768, "geometry": {"type": "Point", "coordinates": [6438304.3016, 5664841.5918000005]}, "properties": {"OBJECTID": 768, "COUNT_": 2, "COUNT_FC": 1}}, {"type": "Feature", "id": 769, "geometry": {"type": "Point", "coordinates": [6424192.8887, 5664842.3972]}, "properties": {"OBJECTID": 769, "COUNT_": 1, "COUNT_FC": 1}}, {"type": "Feature", "id": 770, "geometry": {"type": "Point", "coordinates": [6433961.0163, 5664846.9690000005]}, "properties": {"OBJECTID": 770, "COUNT_": 5, "COUNT_FC": 1}}, {"type": "Feature", "id": 771, "geometry": {"type": "Point", "coordinates": [6427303.289, 5664850.716499999]}, "properties": {"OBJECTID": 771, "COUNT_": 1, "COUNT_FC": 1}}, {"type": "Feature", "id": 772, "geometry": {"type": "Point", "coordinates": [6440278.0312, 5664855.973099999]}, "properties": {"OBJECTID": 772, "COUNT_": 1, "COUNT_FC": 1}}, {"type": "Feature", "id": 773, "geometry": {"type": "Point", "coordinates": [6421804.4959, 5664856.5166]}, "properties": {"OBJECTID": 773, "COUNT_": 1, "COUNT_FC": 1}}, {"type": "Feature", "id": 774, "geometry": {"type": "Point", "coordinates": [6429745.8056, 5664857.2382]}, "properties": {"OBJECTID": 774, "COUNT_": 1, "COUNT_FC": 1}}, {"type": "Feature", "id": 775, "geometry": {"type": "Point", "coordinates": [6431248.5755, 5664858.9728]}, "properties": {"OBJECTID": 775, "COUNT_": 1, "COUNT_FC": 1}}, {"type": "Feature", "id": 776, "geometry": {"type": "Point", "coordinates": [6424217.4053, 5664874.489399999]}, "properties": {"OBJECTID": 776, "COUNT_": 6, "COUNT_FC": 1}}, {"type": "Feature", "id": 777, "geometry": {"type": "Point", "coordinates": [6438657.1656, 5664894.940799999]}, "properties": {"OBJECTID": 777, "COUNT_": 1, "COUNT_FC": 1}}, {"type": "Feature", "id": 778, "geometry": {"type": "Point", "coordinates": [6433850.4422, 5664897.800799999]}, "properties": {"OBJECTID": 778, "COUNT_": 1, "COUNT_FC": 1}}, {"type": "Feature", "id": 779, "geometry": {"type": "Point", "coordinates": [6431569.5692, 5664936.9833]}, "properties": {"OBJECTID": 779, "COUNT_": 1, "COUNT_FC": 1}}, {"type": "Feature", "id": 780, "geometry": {"type": "Point", "coordinates": [6421601.5887, 5664959.4821999995]}, "properties": {"OBJECTID": 780, "COUNT_": 1, "COUNT_FC": 1}}, {"type": "Feature", "id": 781, "geometry": {"type": "Point", "coordinates": [6429225.9573, 5664959.522399999]}, "properties": {"OBJECTID": 781, "COUNT_": 1, "COUNT_FC": 1}}, {"type": "Feature", "id": 782, "geometry": {"type": "Point", "coordinates": [6422074.1628, 5664975.446699999]}, "properties": {"OBJECTID": 782, "COUNT_": 1, "COUNT_FC": 1}}, {"type": "Feature", "id": 783, "geometry": {"type": "Point", "coordinates": [6422370.5005, 5664979.8662]}, "properties": {"OBJECTID": 783, "COUNT_": 2, "COUNT_FC": 1}}, {"type": "Feature", "id": 784, "geometry": {"type": "Point", "coordinates": [6421979.4684, 5664989.136700001]}, "properties": {"OBJECTID": 784, "COUNT_": 1, "COUNT_FC": 1}}, {"type": "Feature", "id": 785, "geometry": {"type": "Point", "coordinates": [6429299.9873, 5664989.965600001]}, "properties": {"OBJECTID": 785, "COUNT_": 1, "COUNT_FC": 1}}, {"type": "Feature", "id": 786, "geometry": {"type": "Point", "coordinates": [6436834.6135, 5664992.484999999]}, "properties": {"OBJECTID": 786, "COUNT_": 1, "COUNT_FC": 1}}, {"type": "Feature", "id": 787, "geometry": {"type": "Point", "coordinates": [6433310.2883, 5664993.2851]}, "properties": {"OBJECTID": 787, "COUNT_": 1, "COUNT_FC": 1}}, {"type": "Feature", "id": 788, "geometry": {"type": "Point", "coordinates": [6435094.2063, 5665006.737]}, "properties": {"OBJECTID": 788, "COUNT_": 5, "COUNT_FC": 1}}, {"type": "Feature", "id": 789, "geometry": {"type": "Point", "coordinates": [6424320.2612, 5665009.127699998]}, "properties": {"OBJECTID": 789, "COUNT_": 7, "COUNT_FC": 1}}, {"type": "Feature", "id": 790, "geometry": {"type": "Point", "coordinates": [6422213.3709, 5665009.748199999]}, "properties": {"OBJECTID": 790, "COUNT_": 2, "COUNT_FC": 1}}, {"type": "Feature", "id": 791, "geometry": {"type": "Point", "coordinates": [6431109.7889, 5665018.101]}, "properties": {"OBJECTID": 791, "COUNT_": 1, "COUNT_FC": 1}}, {"type": "Feature", "id": 792, "geometry": {"type": "Point", "coordinates": [6431150.7026, 5665024.8639]}, "properties": {"OBJECTID": 792, "COUNT_": 1, "COUNT_FC": 1}}, {"type": "Feature", "id": 793, "geometry": {"type": "Point", "coordinates": [6430519.967, 5665054.492799999]}, "properties": {"OBJECTID": 793, "COUNT_": 1, "COUNT_FC": 1}}, {"type": "Feature", "id": 794, "geometry": {"type": "Point", "coordinates": [6431119.0713, 5665059.344000001]}, "properties": {"OBJECTID": 794, "COUNT_": 2, "COUNT_FC": 1}}, {"type": "Feature", "id": 795, "geometry": {"type": "Point", "coordinates": [6430373.0673, 5665062.0046999995]}, "properties": {"OBJECTID": 795, "COUNT_": 1, "COUNT_FC": 1}}, {"type": "Feature", "id": 796, "geometry": {"type": "Point", "coordinates": [6426177.7072, 5665067.8816]}, "properties": {"OBJECTID": 796, "COUNT_": 1, "COUNT_FC": 1}}, {"type": "Feature", "id": 797, "geometry": {"type": "Point", "coordinates": [6434156.5702, 5665092.7522]}, "properties": {"OBJECTID": 797, "COUNT_": 1, "COUNT_FC": 1}}, {"type": "Feature", "id": 798, "geometry": {"type": "Point", "coordinates": [6433978.661400001, 5665094.603]}, "properties": {"OBJECTID": 798, "COUNT_": 1, "COUNT_FC": 1}}, {"type": "Feature", "id": 799, "geometry": {"type": "Point", "coordinates": [6419063.8891, 5665107.143200001]}, "properties": {"OBJECTID": 799, "COUNT_": 1, "COUNT_FC": 1}}, {"type": "Feature", "id": 800, "geometry": {"type": "Point", "coordinates": [6431926.094, 5665113.7523]}, "properties": {"OBJECTID": 800, "COUNT_": 1, "COUNT_FC": 1}}, {"type": "Feature", "id": 801, "geometry": {"type": "Point", "coordinates": [6419071.2844, 5665125.1687]}, "properties": {"OBJECTID": 801, "COUNT_": 2, "COUNT_FC": 1}}, {"type": "Feature", "id": 802, "geometry": {"type": "Point", "coordinates": [6431174.9707, 5665126.7971]}, "properties": {"OBJECTID": 802, "COUNT_": 2, "COUNT_FC": 1}}, {"type": "Feature", "id": 803, "geometry": {"type": "Point", "coordinates": [6431178.0147, 5665127.3839]}, "properties": {"OBJECTID": 803, "COUNT_": 3, "COUNT_FC": 1}}, {"type": "Feature", "id": 804, "geometry": {"type": "Point", "coordinates": [6432995.9887, 5665140.4902]}, "properties": {"OBJECTID": 804, "COUNT_": 1, "COUNT_FC": 1}}, {"type": "Feature", "id": 805, "geometry": {"type": "Point", "coordinates": [6423499.1057, 5665166.548]}, "properties": {"OBJECTID": 805, "COUNT_": 1, "COUNT_FC": 1}}, {"type": "Feature", "id": 806, "geometry": {"type": "Point", "coordinates": [6426184.413, 5665172.8465]}, "properties": {"OBJECTID": 806, "COUNT_": 6, "COUNT_FC": 1}}, {"type": "Feature", "id": 807, "geometry": {"type": "Point", "coordinates": [6419086.9874, 5665186.41]}, "properties": {"OBJECTID": 807, "COUNT_": 1, "COUNT_FC": 1}}, {"type": "Feature", "id": 808, "geometry": {"type": "Point", "coordinates": [6419099.52, 5665190.0759]}, "properties": {"OBJECTID": 808, "COUNT_": 3, "COUNT_FC": 1}}, {"type": "Feature", "id": 809, "geometry": {"type": "Point", "coordinates": [6422457.7973, 5665197.3072999995]}, "properties": {"OBJECTID": 809, "COUNT_": 1, "COUNT_FC": 1}}, {"type": "Feature", "id": 810, "geometry": {"type": "Point", "coordinates": [6435139.774, 5665206.457699999]}, "properties": {"OBJECTID": 810, "COUNT_": 1, "COUNT_FC": 1}}, {"type": "Feature", "id": 811, "geometry": {"type": "Point", "coordinates": [6434663.1846, 5665207.8533]}, "properties": {"OBJECTID": 811, "COUNT_": 1, "COUNT_FC": 1}}, {"type": "Feature", "id": 812, "geometry": {"type": "Point", "coordinates": [6435271.2508, 5665210.449700001]}, "properties": {"OBJECTID": 812, "COUNT_": 1, "COUNT_FC": 1}}, {"type": "Feature", "id": 813, "geometry": {"type": "Point", "coordinates": [6421340.4149, 5665214.189900001]}, "properties": {"OBJECTID": 813, "COUNT_": 1, "COUNT_FC": 1}}, {"type": "Feature", "id": 814, "geometry": {"type": "Point", "coordinates": [6424289.7481, 5665216.8356]}, "properties": {"OBJECTID": 814, "COUNT_": 2, "COUNT_FC": 1}}, {"type": "Feature", "id": 815, "geometry": {"type": "Point", "coordinates": [6439579.1966, 5665225.101399999]}, "properties": {"OBJECTID": 815, "COUNT_": 4, "COUNT_FC": 1}}, {"type": "Feature", "id": 816, "geometry": {"type": "Point", "coordinates": [6430950.3502, 5665225.2149]}, "properties": {"OBJECTID": 816, "COUNT_": 1, "COUNT_FC": 1}}, {"type": "Feature", "id": 817, "geometry": {"type": "Point", "coordinates": [6425333.9229, 5665231.276900001]}, "properties": {"OBJECTID": 817, "COUNT_": 1, "COUNT_FC": 1}}, {"type": "Feature", "id": 818, "geometry": {"type": "Point", "coordinates": [6430016.2019, 5665246.794500001]}, "properties": {"OBJECTID": 818, "COUNT_": 1, "COUNT_FC": 1}}, {"type": "Feature", "id": 819, "geometry": {"type": "Point", "coordinates": [6430016.4912, 5665247.114499999]}, "properties": {"OBJECTID": 819, "COUNT_": 1, "COUNT_FC": 1}}, {"type": "Feature", "id": 820, "geometry": {"type": "Point", "coordinates": [6435744.2415, 5665250.4903]}, "properties": {"OBJECTID": 820, "COUNT_": 1, "COUNT_FC": 1}}, {"type": "Feature", "id": 821, "geometry": {"type": "Point", "coordinates": [6429688.4954, 5665263.104800001]}, "properties": {"OBJECTID": 821, "COUNT_": 1, "COUNT_FC": 1}}, {"type": "Feature", "id": 822, "geometry": {"type": "Point", "coordinates": [6428547.2426, 5665269.617799999]}, "properties": {"OBJECTID": 822, "COUNT_": 1, "COUNT_FC": 1}}, {"type": "Feature", "id": 823, "geometry": {"type": "Point", "coordinates": [6420658.2137, 5665275.1965]}, "properties": {"OBJECTID": 823, "COUNT_": 2, "COUNT_FC": 1}}, {"type": "Feature", "id": 824, "geometry": {"type": "Point", "coordinates": [6433268.7681, 5665279.5474]}, "properties": {"OBJECTID": 824, "COUNT_": 1, "COUNT_FC": 1}}, {"type": "Feature", "id": 825, "geometry": {"type": "Point", "coordinates": [6419058.5422, 5665287.6008]}, "properties": {"OBJECTID": 825, "COUNT_": 1, "COUNT_FC": 1}}, {"type": "Feature", "id": 826, "geometry": {"type": "Point", "coordinates": [6431130.7961, 5665297.0397]}, "properties": {"OBJECTID": 826, "COUNT_": 1, "COUNT_FC": 1}}, {"type": "Feature", "id": 827, "geometry": {"type": "Point", "coordinates": [6426730.5685, 5665308.6941]}, "properties": {"OBJECTID": 827, "COUNT_": 1, "COUNT_FC": 1}}, {"type": "Feature", "id": 828, "geometry": {"type": "Point", "coordinates": [6419177.4415, 5665318.092499999]}, "properties": {"OBJECTID": 828, "COUNT_": 1, "COUNT_FC": 1}}, {"type": "Feature", "id": 829, "geometry": {"type": "Point", "coordinates": [6421671.7497, 5665320.6324000005]}, "properties": {"OBJECTID": 829, "COUNT_": 1, "COUNT_FC": 1}}, {"type": "Feature", "id": 830, "geometry": {"type": "Point", "coordinates": [6422941.9953, 5665331.836999999]}, "properties": {"OBJECTID": 830, "COUNT_": 2, "COUNT_FC": 1}}, {"type": "Feature", "id": 831, "geometry": {"type": "Point", "coordinates": [6428302.1591, 5665342.0853]}, "properties": {"OBJECTID": 831, "COUNT_": 1, "COUNT_FC": 1}}, {"type": "Feature", "id": 832, "geometry": {"type": "Point", "coordinates": [6420875.5532, 5665363.3803]}, "properties": {"OBJECTID": 832, "COUNT_": 1, "COUNT_FC": 1}}, {"type": "Feature", "id": 833, "geometry": {"type": "Point", "coordinates": [6426147.9883, 5665364.271500001]}, "properties": {"OBJECTID": 833, "COUNT_": 1, "COUNT_FC": 1}}, {"type": "Feature", "id": 834, "geometry": {"type": "Point", "coordinates": [6419999.083, 5665372.151900001]}, "properties": {"OBJECTID": 834, "COUNT_": 1, "COUNT_FC": 1}}, {"type": "Feature", "id": 835, "geometry": {"type": "Point", "coordinates": [6424039.4698, 5665390.727]}, "properties": {"OBJECTID": 835, "COUNT_": 2, "COUNT_FC": 1}}, {"type": "Feature", "id": 836, "geometry": {"type": "Point", "coordinates": [6430016.2384, 5665429.756399999]}, "properties": {"OBJECTID": 836, "COUNT_": 1, "COUNT_FC": 1}}, {"type": "Feature", "id": 837, "geometry": {"type": "Point", "coordinates": [6421703.0536, 5665433.6105]}, "properties": {"OBJECTID": 837, "COUNT_": 1, "COUNT_FC": 1}}, {"type": "Feature", "id": 838, "geometry": {"type": "Point", "coordinates": [6419645.359, 5665456.770500001]}, "properties": {"OBJECTID": 838, "COUNT_": 1, "COUNT_FC": 1}}, {"type": "Feature", "id": 839, "geometry": {"type": "Point", "coordinates": [6426216.6991, 5665471.779200001]}, "properties": {"OBJECTID": 839, "COUNT_": 1, "COUNT_FC": 1}}, {"type": "Feature", "id": 840, "geometry": {"type": "Point", "coordinates": [6419970.2964, 5665482.961100002]}, "properties": {"OBJECTID": 840, "COUNT_": 1, "COUNT_FC": 1}}, {"type": "Feature", "id": 841, "geometry": {"type": "Point", "coordinates": [6431148.9893, 5665486.6054]}, "properties": {"OBJECTID": 841, "COUNT_": 1, "COUNT_FC": 1}}, {"type": "Feature", "id": 842, "geometry": {"type": "Point", "coordinates": [6420041.1963, 5665488.515799999]}, "properties": {"OBJECTID": 842, "COUNT_": 1, "COUNT_FC": 1}}, {"type": "Feature", "id": 843, "geometry": {"type": "Point", "coordinates": [6433314.5789, 5665510.045700001]}, "properties": {"OBJECTID": 843, "COUNT_": 1, "COUNT_FC": 1}}, {"type": "Feature", "id": 844, "geometry": {"type": "Point", "coordinates": [6424008.2357, 5665511.5868]}, "properties": {"OBJECTID": 844, "COUNT_": 9, "COUNT_FC": 1}}, {"type": "Feature", "id": 845, "geometry": {"type": "Point", "coordinates": [6431104.3552, 5665513.587400001]}, "properties": {"OBJECTID": 845, "COUNT_": 1, "COUNT_FC": 1}}, {"type": "Feature", "id": 846, "geometry": {"type": "Point", "coordinates": [6426253.833, 5665517.852999999]}, "properties": {"OBJECTID": 846, "COUNT_": 6, "COUNT_FC": 1}}, {"type": "Feature", "id": 847, "geometry": {"type": "Point", "coordinates": [6426255.2432, 5665520.4803]}, "properties": {"OBJECTID": 847, "COUNT_": 1, "COUNT_FC": 1}}, {"type": "Feature", "id": 848, "geometry": {"type": "Point", "coordinates": [6431108.2084, 5665526.6753]}, "properties": {"OBJECTID": 848, "COUNT_": 1, "COUNT_FC": 1}}, {"type": "Feature", "id": 849, "geometry": {"type": "Point", "coordinates": [6428872.7369, 5665532.4254]}, "properties": {"OBJECTID": 849, "COUNT_": 1, "COUNT_FC": 1}}, {"type": "Feature", "id": 850, "geometry": {"type": "Point", "coordinates": [6430528.6702, 5665537.786699998]}, "properties": {"OBJECTID": 850, "COUNT_": 2, "COUNT_FC": 1}}, {"type": "Feature", "id": 851, "geometry": {"type": "Point", "coordinates": [6428882.593, 5665548.374]}, "properties": {"OBJECTID": 851, "COUNT_": 1, "COUNT_FC": 1}}, {"type": "Feature", "id": 852, "geometry": {"type": "Point", "coordinates": [6431035.5469, 5665555.183]}, "properties": {"OBJECTID": 852, "COUNT_": 1, "COUNT_FC": 1}}, {"type": "Feature", "id": 853, "geometry": {"type": "Point", "coordinates": [6421562.5744, 5665565.497599999]}, "properties": {"OBJECTID": 853, "COUNT_": 1, "COUNT_FC": 1}}, {"type": "Feature", "id": 854, "geometry": {"type": "Point", "coordinates": [6431082.0973, 5665587.9704]}, "properties": {"OBJECTID": 854, "COUNT_": 1, "COUNT_FC": 1}}, {"type": "Feature", "id": 855, "geometry": {"type": "Point", "coordinates": [6439140.2623, 5665592.3664]}, "properties": {"OBJECTID": 855, "COUNT_": 3, "COUNT_FC": 1}}, {"type": "Feature", "id": 856, "geometry": {"type": "Point", "coordinates": [6439018.4389, 5665596.0635]}, "properties": {"OBJECTID": 856, "COUNT_": 1, "COUNT_FC": 1}}, {"type": "Feature", "id": 857, "geometry": {"type": "Point", "coordinates": [6422830.2892, 5665611.538699999]}, "properties": {"OBJECTID": 857, "COUNT_": 1, "COUNT_FC": 1}}, {"type": "Feature", "id": 858, "geometry": {"type": "Point", "coordinates": [6430939.8364, 5665622.873]}, "properties": {"OBJECTID": 858, "COUNT_": 1, "COUNT_FC": 1}}, {"type": "Feature", "id": 859, "geometry": {"type": "Point", "coordinates": [6427641.5117, 5665629.604300001]}, "properties": {"OBJECTID": 859, "COUNT_": 9, "COUNT_FC": 1}}, {"type": "Feature", "id": 860, "geometry": {"type": "Point", "coordinates": [6428041.4072, 5665629.7634]}, "properties": {"OBJECTID": 860, "COUNT_": 5, "COUNT_FC": 1}}, {"type": "Feature", "id": 861, "geometry": {"type": "Point", "coordinates": [6431139.2445, 5665632.0931]}, "properties": {"OBJECTID": 861, "COUNT_": 1, "COUNT_FC": 1}}, {"type": "Feature", "id": 862, "geometry": {"type": "Point", "coordinates": [6434477.9825, 5665654.9881]}, "properties": {"OBJECTID": 862, "COUNT_": 2, "COUNT_FC": 1}}, {"type": "Feature", "id": 863, "geometry": {"type": "Point", "coordinates": [6431275.2127, 5665669.2672999995]}, "properties": {"OBJECTID": 863, "COUNT_": 1, "COUNT_FC": 1}}, {"type": "Feature", "id": 864, "geometry": {"type": "Point", "coordinates": [6431008.4581, 5665669.5044]}, "properties": {"OBJECTID": 864, "COUNT_": 1, "COUNT_FC": 1}}, {"type": "Feature", "id": 865, "geometry": {"type": "Point", "coordinates": [6437344.5444, 5665674.5802]}, "properties": {"OBJECTID": 865, "COUNT_": 1, "COUNT_FC": 1}}, {"type": "Feature", "id": 866, "geometry": {"type": "Point", "coordinates": [6425359.3083, 5665694.6033]}, "properties": {"OBJECTID": 866, "COUNT_": 1, "COUNT_FC": 1}}, {"type": "Feature", "id": 867, "geometry": {"type": "Point", "coordinates": [6431062.7944, 5665698.8595]}, "properties": {"OBJECTID": 867, "COUNT_": 1, "COUNT_FC": 1}}, {"type": "Feature", "id": 868, "geometry": {"type": "Point", "coordinates": [6426571.3913, 5665703.568499998]}, "properties": {"OBJECTID": 868, "COUNT_": 1, "COUNT_FC": 1}}, {"type": "Feature", "id": 869, "geometry": {"type": "Point", "coordinates": [6432198.0738, 5665706.6401]}, "properties": {"OBJECTID": 869, "COUNT_": 1, "COUNT_FC": 1}}, {"type": "Feature", "id": 870, "geometry": {"type": "Point", "coordinates": [6430942.9766, 5665712.0449]}, "properties": {"OBJECTID": 870, "COUNT_": 1, "COUNT_FC": 1}}, {"type": "Feature", "id": 871, "geometry": {"type": "Point", "coordinates": [6431095.2215, 5665715.115]}, "properties": {"OBJECTID": 871, "COUNT_": 1, "COUNT_FC": 1}}, {"type": "Feature", "id": 872, "geometry": {"type": "Point", "coordinates": [6429232.2129, 5665715.9495]}, "properties": {"OBJECTID": 872, "COUNT_": 1, "COUNT_FC": 1}}, {"type": "Feature", "id": 873, "geometry": {"type": "Point", "coordinates": [6428111.9683, 5665716.913899999]}, "properties": {"OBJECTID": 873, "COUNT_": 3, "COUNT_FC": 1}}, {"type": "Feature", "id": 874, "geometry": {"type": "Point", "coordinates": [6427325.4023, 5665725.952]}, "properties": {"OBJECTID": 874, "COUNT_": 1, "COUNT_FC": 1}}, {"type": "Feature", "id": 875, "geometry": {"type": "Point", "coordinates": [6431163.5094, 5665728.8902]}, "properties": {"OBJECTID": 875, "COUNT_": 1, "COUNT_FC": 1}}, {"type": "Feature", "id": 876, "geometry": {"type": "Point", "coordinates": [6433021.9462, 5665746.9545]}, "properties": {"OBJECTID": 876, "COUNT_": 1, "COUNT_FC": 1}}, {"type": "Feature", "id": 877, "geometry": {"type": "Point", "coordinates": [6429290.7131, 5665747.2171]}, "properties": {"OBJECTID": 877, "COUNT_": 1, "COUNT_FC": 1}}, {"type": "Feature", "id": 878, "geometry": {"type": "Point", "coordinates": [6438783.8078, 5665751.9658]}, "properties": {"OBJECTID": 878, "COUNT_": 4, "COUNT_FC": 1}}, {"type": "Feature", "id": 879, "geometry": {"type": "Point", "coordinates": [6436432.0187, 5665758.610200001]}, "properties": {"OBJECTID": 879, "COUNT_": 2, "COUNT_FC": 1}}, {"type": "Feature", "id": 880, "geometry": {"type": "Point", "coordinates": [6431050.1656, 5665772.165999999]}, "properties": {"OBJECTID": 880, "COUNT_": 1, "COUNT_FC": 1}}, {"type": "Feature", "id": 881, "geometry": {"type": "Point", "coordinates": [6419433.8259, 5665772.875700001]}, "properties": {"OBJECTID": 881, "COUNT_": 2, "COUNT_FC": 1}}, {"type": "Feature", "id": 882, "geometry": {"type": "Point", "coordinates": [6428793.8839, 5665784.3762]}, "properties": {"OBJECTID": 882, "COUNT_": 1, "COUNT_FC": 1}}, {"type": "Feature", "id": 883, "geometry": {"type": "Point", "coordinates": [6422771.7534, 5665788.9158]}, "properties": {"OBJECTID": 883, "COUNT_": 1, "COUNT_FC": 1}}, {"type": "Feature", "id": 884, "geometry": {"type": "Point", "coordinates": [6431365.1299, 5665828.4026999995]}, "properties": {"OBJECTID": 884, "COUNT_": 4, "COUNT_FC": 1}}, {"type": "Feature", "id": 885, "geometry": {"type": "Point", "coordinates": [6429373.7201, 5665833.489800001]}, "properties": {"OBJECTID": 885, "COUNT_": 1, "COUNT_FC": 1}}, {"type": "Feature", "id": 886, "geometry": {"type": "Point", "coordinates": [6422100.6865, 5665861.8836]}, "properties": {"OBJECTID": 886, "COUNT_": 1, "COUNT_FC": 1}}, {"type": "Feature", "id": 887, "geometry": {"type": "Point", "coordinates": [6431294.0292, 5665874.982100001]}, "properties": {"OBJECTID": 887, "COUNT_": 2, "COUNT_FC": 1}}, {"type": "Feature", "id": 888, "geometry": {"type": "Point", "coordinates": [6419547.8031, 5665893.0089]}, "properties": {"OBJECTID": 888, "COUNT_": 1, "COUNT_FC": 1}}, {"type": "Feature", "id": 889, "geometry": {"type": "Point", "coordinates": [6431724.2021, 5665896.830399999]}, "properties": {"OBJECTID": 889, "COUNT_": 2, "COUNT_FC": 1}}, {"type": "Feature", "id": 890, "geometry": {"type": "Point", "coordinates": [6438740.6994, 5665898.564300001]}, "properties": {"OBJECTID": 890, "COUNT_": 1, "COUNT_FC": 1}}, {"type": "Feature", "id": 891, "geometry": {"type": "Point", "coordinates": [6424398.5177, 5665911.352600001]}, "properties": {"OBJECTID": 891, "COUNT_": 1, "COUNT_FC": 1}}, {"type": "Feature", "id": 892, "geometry": {"type": "Point", "coordinates": [6423454.7407, 5665941.7881000005]}, "properties": {"OBJECTID": 892, "COUNT_": 1, "COUNT_FC": 1}}, {"type": "Feature", "id": 893, "geometry": {"type": "Point", "coordinates": [6423823.5379, 5665975.712099999]}, "properties": {"OBJECTID": 893, "COUNT_": 2, "COUNT_FC": 1}}, {"type": "Feature", "id": 894, "geometry": {"type": "Point", "coordinates": [6423827.3526, 5666009.2508]}, "properties": {"OBJECTID": 894, "COUNT_": 12, "COUNT_FC": 1}}, {"type": "Feature", "id": 895, "geometry": {"type": "Point", "coordinates": [6423250.9042, 5666031.453500001]}, "properties": {"OBJECTID": 895, "COUNT_": 1, "COUNT_FC": 1}}, {"type": "Feature", "id": 896, "geometry": {"type": "Point", "coordinates": [6427203.8831, 5666036.244899999]}, "properties": {"OBJECTID": 896, "COUNT_": 2, "COUNT_FC": 1}}, {"type": "Feature", "id": 897, "geometry": {"type": "Point", "coordinates": [6428238.5911, 5666049.3378]}, "properties": {"OBJECTID": 897, "COUNT_": 1, "COUNT_FC": 1}}, {"type": "Feature", "id": 898, "geometry": {"type": "Point", "coordinates": [6425166.806, 5666052.7322]}, "properties": {"OBJECTID": 898, "COUNT_": 1, "COUNT_FC": 1}}, {"type": "Feature", "id": 899, "geometry": {"type": "Point", "coordinates": [6423159.9313, 5666056.0098]}, "properties": {"OBJECTID": 899, "COUNT_": 1, "COUNT_FC": 1}}, {"type": "Feature", "id": 900, "geometry": {"type": "Point", "coordinates": [6428265.3082, 5666057.316400001]}, "properties": {"OBJECTID": 900, "COUNT_": 1, "COUNT_FC": 1}}, {"type": "Feature", "id": 901, "geometry": {"type": "Point", "coordinates": [6423841.0324, 5666075.465600001]}, "properties": {"OBJECTID": 901, "COUNT_": 9, "COUNT_FC": 1}}, {"type": "Feature", "id": 902, "geometry": {"type": "Point", "coordinates": [6425154.5638, 5666089.809699999]}, "properties": {"OBJECTID": 902, "COUNT_": 1, "COUNT_FC": 1}}, {"type": "Feature", "id": 903, "geometry": {"type": "Point", "coordinates": [6421695.4092, 5666094.1446]}, "properties": {"OBJECTID": 903, "COUNT_": 1, "COUNT_FC": 1}}, {"type": "Feature", "id": 904, "geometry": {"type": "Point", "coordinates": [6427002.4999, 5666106.703999999]}, "properties": {"OBJECTID": 904, "COUNT_": 1, "COUNT_FC": 1}}, {"type": "Feature", "id": 905, "geometry": {"type": "Point", "coordinates": [6423193.993, 5666107.286499999]}, "properties": {"OBJECTID": 905, "COUNT_": 30, "COUNT_FC": 1}}, {"type": "Feature", "id": 906, "geometry": {"type": "Point", "coordinates": [6427009.3624, 5666109.9911]}, "properties": {"OBJECTID": 906, "COUNT_": 3, "COUNT_FC": 1}}, {"type": "Feature", "id": 907, "geometry": {"type": "Point", "coordinates": [6438525.5803, 5666112.0951000005]}, "properties": {"OBJECTID": 907, "COUNT_": 1, "COUNT_FC": 1}}, {"type": "Feature", "id": 908, "geometry": {"type": "Point", "coordinates": [6427002.8072, 5666112.5896000005]}, "properties": {"OBJECTID": 908, "COUNT_": 1, "COUNT_FC": 1}}, {"type": "Feature", "id": 909, "geometry": {"type": "Point", "coordinates": [6430860.6471, 5666113.7787]}, "properties": {"OBJECTID": 909, "COUNT_": 1, "COUNT_FC": 1}}, {"type": "Feature", "id": 910, "geometry": {"type": "Point", "coordinates": [6426990.9388, 5666113.808499999]}, "properties": {"OBJECTID": 910, "COUNT_": 2, "COUNT_FC": 1}}, {"type": "Feature", "id": 911, "geometry": {"type": "Point", "coordinates": [6426990.9732, 5666114.216299999]}, "properties": {"OBJECTID": 911, "COUNT_": 1, "COUNT_FC": 1}}, {"type": "Feature", "id": 912, "geometry": {"type": "Point", "coordinates": [6419893.0055, 5666121.3586]}, "properties": {"OBJECTID": 912, "COUNT_": 1, "COUNT_FC": 1}}, {"type": "Feature", "id": 913, "geometry": {"type": "Point", "coordinates": [6427008.3798, 5666127.475]}, "properties": {"OBJECTID": 913, "COUNT_": 2, "COUNT_FC": 1}}, {"type": "Feature", "id": 914, "geometry": {"type": "Point", "coordinates": [6429105.3224, 5666131.0405]}, "properties": {"OBJECTID": 914, "COUNT_": 2, "COUNT_FC": 1}}, {"type": "Feature", "id": 915, "geometry": {"type": "Point", "coordinates": [6428432.1658, 5666136.0375]}, "properties": {"OBJECTID": 915, "COUNT_": 1, "COUNT_FC": 1}}, {"type": "Feature", "id": 916, "geometry": {"type": "Point", "coordinates": [6431577.7841, 5666150.971000001]}, "properties": {"OBJECTID": 916, "COUNT_": 1, "COUNT_FC": 1}}, {"type": "Feature", "id": 917, "geometry": {"type": "Point", "coordinates": [6427589.3747, 5666154.1971]}, "properties": {"OBJECTID": 917, "COUNT_": 2, "COUNT_FC": 1}}, {"type": "Feature", "id": 918, "geometry": {"type": "Point", "coordinates": [6421014.3171, 5666176.1491]}, "properties": {"OBJECTID": 918, "COUNT_": 2, "COUNT_FC": 1}}, {"type": "Feature", "id": 919, "geometry": {"type": "Point", "coordinates": [6433846.7576, 5666192.158600001]}, "properties": {"OBJECTID": 919, "COUNT_": 1, "COUNT_FC": 1}}, {"type": "Feature", "id": 920, "geometry": {"type": "Point", "coordinates": [6430220.6232, 5666199.346899998]}, "properties": {"OBJECTID": 920, "COUNT_": 1, "COUNT_FC": 1}}, {"type": "Feature", "id": 921, "geometry": {"type": "Point", "coordinates": [6428328.0315, 5666215.7564]}, "properties": {"OBJECTID": 921, "COUNT_": 2, "COUNT_FC": 1}}, {"type": "Feature", "id": 922, "geometry": {"type": "Point", "coordinates": [6428827.1869, 5666243.1768]}, "properties": {"OBJECTID": 922, "COUNT_": 1, "COUNT_FC": 1}}, {"type": "Feature", "id": 923, "geometry": {"type": "Point", "coordinates": [6428470.2249, 5666246.757699999]}, "properties": {"OBJECTID": 923, "COUNT_": 1, "COUNT_FC": 1}}, {"type": "Feature", "id": 924, "geometry": {"type": "Point", "coordinates": [6433904.7041, 5666260.0397]}, "properties": {"OBJECTID": 924, "COUNT_": 1, "COUNT_FC": 1}}, {"type": "Feature", "id": 925, "geometry": {"type": "Point", "coordinates": [6421457.5661, 5666266.338500001]}, "properties": {"OBJECTID": 925, "COUNT_": 5, "COUNT_FC": 1}}, {"type": "Feature", "id": 926, "geometry": {"type": "Point", "coordinates": [6428164.1689, 5666278.910299999]}, "properties": {"OBJECTID": 926, "COUNT_": 1, "COUNT_FC": 1}}, {"type": "Feature", "id": 927, "geometry": {"type": "Point", "coordinates": [6432973.324000001, 5666289.546399999]}, "properties": {"OBJECTID": 927, "COUNT_": 1, "COUNT_FC": 1}}, {"type": "Feature", "id": 928, "geometry": {"type": "Point", "coordinates": [6438133.2927, 5666289.5638999995]}, "properties": {"OBJECTID": 928, "COUNT_": 1, "COUNT_FC": 1}}, {"type": "Feature", "id": 929, "geometry": {"type": "Point", "coordinates": [6437492.6897, 5666315.422700001]}, "properties": {"OBJECTID": 929, "COUNT_": 1, "COUNT_FC": 1}}, {"type": "Feature", "id": 930, "geometry": {"type": "Point", "coordinates": [6429729.242, 5666334.187000001]}, "properties": {"OBJECTID": 930, "COUNT_": 6, "COUNT_FC": 1}}, {"type": "Feature", "id": 931, "geometry": {"type": "Point", "coordinates": [6418331.2327, 5666343.8872]}, "properties": {"OBJECTID": 931, "COUNT_": 1, "COUNT_FC": 1}}, {"type": "Feature", "id": 932, "geometry": {"type": "Point", "coordinates": [6433118.8984, 5666350.046399999]}, "properties": {"OBJECTID": 932, "COUNT_": 1, "COUNT_FC": 1}}, {"type": "Feature", "id": 933, "geometry": {"type": "Point", "coordinates": [6420488.9354, 5666383.0209]}, "properties": {"OBJECTID": 933, "COUNT_": 3, "COUNT_FC": 1}}, {"type": "Feature", "id": 934, "geometry": {"type": "Point", "coordinates": [6431424.2061, 5666385.3057]}, "properties": {"OBJECTID": 934, "COUNT_": 1, "COUNT_FC": 1}}, {"type": "Feature", "id": 935, "geometry": {"type": "Point", "coordinates": [6429424.101, 5666405.0864]}, "properties": {"OBJECTID": 935, "COUNT_": 2, "COUNT_FC": 1}}, {"type": "Feature", "id": 936, "geometry": {"type": "Point", "coordinates": [6437990.6362, 5666406.882200001]}, "properties": {"OBJECTID": 936, "COUNT_": 1, "COUNT_FC": 1}}, {"type": "Feature", "id": 937, "geometry": {"type": "Point", "coordinates": [6420257.802, 5666411.8462000005]}, "properties": {"OBJECTID": 937, "COUNT_": 2, "COUNT_FC": 1}}, {"type": "Feature", "id": 938, "geometry": {"type": "Point", "coordinates": [6420301.9301, 5666415.7765999995]}, "properties": {"OBJECTID": 938, "COUNT_": 1, "COUNT_FC": 1}}, {"type": "Feature", "id": 939, "geometry": {"type": "Point", "coordinates": [6427821.7313, 5666416.903700001]}, "properties": {"OBJECTID": 939, "COUNT_": 2, "COUNT_FC": 1}}, {"type": "Feature", "id": 940, "geometry": {"type": "Point", "coordinates": [6420813.4985, 5666426.416300001]}, "properties": {"OBJECTID": 940, "COUNT_": 3, "COUNT_FC": 1}}, {"type": "Feature", "id": 941, "geometry": {"type": "Point", "coordinates": [6427621.3911, 5666432.748199998]}, "properties": {"OBJECTID": 941, "COUNT_": 2, "COUNT_FC": 1}}, {"type": "Feature", "id": 942, "geometry": {"type": "Point", "coordinates": [6429403.2427, 5666435.0517]}, "properties": {"OBJECTID": 942, "COUNT_": 1, "COUNT_FC": 1}}, {"type": "Feature", "id": 943, "geometry": {"type": "Point", "coordinates": [6433186.3032, 5666455.321900001]}, "properties": {"OBJECTID": 943, "COUNT_": 1, "COUNT_FC": 1}}, {"type": "Feature", "id": 944, "geometry": {"type": "Point", "coordinates": [6427729.1389, 5666457.987600001]}, "properties": {"OBJECTID": 944, "COUNT_": 2, "COUNT_FC": 1}}, {"type": "Feature", "id": 945, "geometry": {"type": "Point", "coordinates": [6433237.0645, 5666463.3927]}, "properties": {"OBJECTID": 945, "COUNT_": 1, "COUNT_FC": 1}}, {"type": "Feature", "id": 946, "geometry": {"type": "Point", "coordinates": [6432005.7367, 5666480.6230999995]}, "properties": {"OBJECTID": 946, "COUNT_": 1, "COUNT_FC": 1}}, {"type": "Feature", "id": 947, "geometry": {"type": "Point", "coordinates": [6435813.0272, 5666510.244000001]}, "properties": {"OBJECTID": 947, "COUNT_": 1, "COUNT_FC": 1}}, {"type": "Feature", "id": 948, "geometry": {"type": "Point", "coordinates": [6421515.4748, 5666512.677300001]}, "properties": {"OBJECTID": 948, "COUNT_": 1, "COUNT_FC": 1}}, {"type": "Feature", "id": 949, "geometry": {"type": "Point", "coordinates": [6436377.858, 5666516.6833999995]}, "properties": {"OBJECTID": 949, "COUNT_": 1, "COUNT_FC": 1}}, {"type": "Feature", "id": 950, "geometry": {"type": "Point", "coordinates": [6438140.9143, 5666524.065300001]}, "properties": {"OBJECTID": 950, "COUNT_": 6, "COUNT_FC": 1}}, {"type": "Feature", "id": 951, "geometry": {"type": "Point", "coordinates": [6431670.7075, 5666535.3355]}, "properties": {"OBJECTID": 951, "COUNT_": 1, "COUNT_FC": 1}}, {"type": "Feature", "id": 952, "geometry": {"type": "Point", "coordinates": [6427932.0269, 5666538.155600001]}, "properties": {"OBJECTID": 952, "COUNT_": 1, "COUNT_FC": 1}}, {"type": "Feature", "id": 953, "geometry": {"type": "Point", "coordinates": [6436218.5871, 5666548.426200001]}, "properties": {"OBJECTID": 953, "COUNT_": 3, "COUNT_FC": 1}}, {"type": "Feature", "id": 954, "geometry": {"type": "Point", "coordinates": [6422547.3023, 5666565.040999999]}, "properties": {"OBJECTID": 954, "COUNT_": 1, "COUNT_FC": 1}}, {"type": "Feature", "id": 955, "geometry": {"type": "Point", "coordinates": [6433629.1879, 5666565.115]}, "properties": {"OBJECTID": 955, "COUNT_": 2, "COUNT_FC": 1}}, {"type": "Feature", "id": 956, "geometry": {"type": "Point", "coordinates": [6435050.3058, 5666572.086200001]}, "properties": {"OBJECTID": 956, "COUNT_": 2, "COUNT_FC": 1}}, {"type": "Feature", "id": 957, "geometry": {"type": "Point", "coordinates": [6431336.897, 5666584.9836]}, "properties": {"OBJECTID": 957, "COUNT_": 1, "COUNT_FC": 1}}, {"type": "Feature", "id": 958, "geometry": {"type": "Point", "coordinates": [6431683.8201, 5666588.840399999]}, "properties": {"OBJECTID": 958, "COUNT_": 1, "COUNT_FC": 1}}, {"type": "Feature", "id": 959, "geometry": {"type": "Point", "coordinates": [6431581.6266, 5666591.234999999]}, "properties": {"OBJECTID": 959, "COUNT_": 1, "COUNT_FC": 1}}, {"type": "Feature", "id": 960, "geometry": {"type": "Point", "coordinates": [6433438.536, 5666609.5988]}, "properties": {"OBJECTID": 960, "COUNT_": 1, "COUNT_FC": 1}}, {"type": "Feature", "id": 961, "geometry": {"type": "Point", "coordinates": [6439841.5364, 5666655.5]}, "properties": {"OBJECTID": 961, "COUNT_": 1, "COUNT_FC": 1}}, {"type": "Feature", "id": 962, "geometry": {"type": "Point", "coordinates": [6439788.6442, 5666675.643100001]}, "properties": {"OBJECTID": 962, "COUNT_": 2, "COUNT_FC": 1}}, {"type": "Feature", "id": 963, "geometry": {"type": "Point", "coordinates": [6422850.4838, 5666681.6821]}, "properties": {"OBJECTID": 963, "COUNT_": 1, "COUNT_FC": 1}}, {"type": "Feature", "id": 964, "geometry": {"type": "Point", "coordinates": [6433405.6758, 5666695.795399999]}, "properties": {"OBJECTID": 964, "COUNT_": 1, "COUNT_FC": 1}}, {"type": "Feature", "id": 965, "geometry": {"type": "Point", "coordinates": [6435102.4153, 5666761.4856]}, "properties": {"OBJECTID": 965, "COUNT_": 2, "COUNT_FC": 1}}, {"type": "Feature", "id": 966, "geometry": {"type": "Point", "coordinates": [6438150.2094, 5666767.421499999]}, "properties": {"OBJECTID": 966, "COUNT_": 3, "COUNT_FC": 1}}, {"type": "Feature", "id": 967, "geometry": {"type": "Point", "coordinates": [6439721.2138, 5666767.970000001]}, "properties": {"OBJECTID": 967, "COUNT_": 1, "COUNT_FC": 1}}, {"type": "Feature", "id": 968, "geometry": {"type": "Point", "coordinates": [6439771.9651, 5666772.945800001]}, "properties": {"OBJECTID": 968, "COUNT_": 1, "COUNT_FC": 1}}, {"type": "Feature", "id": 969, "geometry": {"type": "Point", "coordinates": [6429267.0045, 5666791.794]}, "properties": {"OBJECTID": 969, "COUNT_": 2, "COUNT_FC": 1}}, {"type": "Feature", "id": 970, "geometry": {"type": "Point", "coordinates": [6420113.9815, 5666826.344900001]}, "properties": {"OBJECTID": 970, "COUNT_": 2, "COUNT_FC": 1}}, {"type": "Feature", "id": 971, "geometry": {"type": "Point", "coordinates": [6424357.3524, 5666838.2818]}, "properties": {"OBJECTID": 971, "COUNT_": 1, "COUNT_FC": 1}}, {"type": "Feature", "id": 972, "geometry": {"type": "Point", "coordinates": [6439678.9171, 5666843.603]}, "properties": {"OBJECTID": 972, "COUNT_": 1, "COUNT_FC": 1}}, {"type": "Feature", "id": 973, "geometry": {"type": "Point", "coordinates": [6437696.1412, 5666848.9713]}, "properties": {"OBJECTID": 973, "COUNT_": 1, "COUNT_FC": 1}}, {"type": "Feature", "id": 974, "geometry": {"type": "Point", "coordinates": [6435625.1478, 5666852.584199999]}, "properties": {"OBJECTID": 974, "COUNT_": 1, "COUNT_FC": 1}}, {"type": "Feature", "id": 975, "geometry": {"type": "Point", "coordinates": [6436851.9613, 5666859.352600001]}, "properties": {"OBJECTID": 975, "COUNT_": 1, "COUNT_FC": 1}}, {"type": "Feature", "id": 976, "geometry": {"type": "Point", "coordinates": [6426598.8062, 5666871.464500001]}, "properties": {"OBJECTID": 976, "COUNT_": 2, "COUNT_FC": 1}}, {"type": "Feature", "id": 977, "geometry": {"type": "Point", "coordinates": [6426593.7189, 5666894.091600001]}, "properties": {"OBJECTID": 977, "COUNT_": 1, "COUNT_FC": 1}}, {"type": "Feature", "id": 978, "geometry": {"type": "Point", "coordinates": [6426529.2258, 5666898.410499999]}, "properties": {"OBJECTID": 978, "COUNT_": 4, "COUNT_FC": 1}}, {"type": "Feature", "id": 979, "geometry": {"type": "Point", "coordinates": [6437004.5956, 5666902.0458]}, "properties": {"OBJECTID": 979, "COUNT_": 1, "COUNT_FC": 1}}, {"type": "Feature", "id": 980, "geometry": {"type": "Point", "coordinates": [6423502.0382, 5666913.4758]}, "properties": {"OBJECTID": 980, "COUNT_": 1, "COUNT_FC": 1}}, {"type": "Feature", "id": 981, "geometry": {"type": "Point", "coordinates": [6436369.0864, 5666930.297499999]}, "properties": {"OBJECTID": 981, "COUNT_": 1, "COUNT_FC": 1}}, {"type": "Feature", "id": 982, "geometry": {"type": "Point", "coordinates": [6436334.1653, 5666950.2026]}, "properties": {"OBJECTID": 982, "COUNT_": 1, "COUNT_FC": 1}}, {"type": "Feature", "id": 983, "geometry": {"type": "Point", "coordinates": [6426627.4286, 5666952.079]}, "properties": {"OBJECTID": 983, "COUNT_": 3, "COUNT_FC": 1}}, {"type": "Feature", "id": 984, "geometry": {"type": "Point", "coordinates": [6431937.8612, 5666956.931500001]}, "properties": {"OBJECTID": 984, "COUNT_": 1, "COUNT_FC": 1}}, {"type": "Feature", "id": 985, "geometry": {"type": "Point", "coordinates": [6432477.827, 5666965.1458]}, "properties": {"OBJECTID": 985, "COUNT_": 1, "COUNT_FC": 1}}, {"type": "Feature", "id": 986, "geometry": {"type": "Point", "coordinates": [6432474.0667, 5666977.9023]}, "properties": {"OBJECTID": 986, "COUNT_": 1, "COUNT_FC": 1}}, {"type": "Feature", "id": 987, "geometry": {"type": "Point", "coordinates": [6431926.4371, 5666982.5198]}, "properties": {"OBJECTID": 987, "COUNT_": 1, "COUNT_FC": 1}}, {"type": "Feature", "id": 988, "geometry": {"type": "Point", "coordinates": [6427066.6136, 5666993.8718]}, "properties": {"OBJECTID": 988, "COUNT_": 1, "COUNT_FC": 1}}, {"type": "Feature", "id": 989, "geometry": {"type": "Point", "coordinates": [6426611.326, 5666998.1614]}, "properties": {"OBJECTID": 989, "COUNT_": 6, "COUNT_FC": 1}}, {"type": "Feature", "id": 990, "geometry": {"type": "Point", "coordinates": [6431910.7055, 5667001.0008000005]}, "properties": {"OBJECTID": 990, "COUNT_": 1, "COUNT_FC": 1}}, {"type": "Feature", "id": 991, "geometry": {"type": "Point", "coordinates": [6426359.9601, 5667007.0768]}, "properties": {"OBJECTID": 991, "COUNT_": 1, "COUNT_FC": 1}}, {"type": "Feature", "id": 992, "geometry": {"type": "Point", "coordinates": [6426362.9519, 5667015.0602]}, "properties": {"OBJECTID": 992, "COUNT_": 97, "COUNT_FC": 1}}, {"type": "Feature", "id": 993, "geometry": {"type": "Point", "coordinates": [6432324.8488, 5667033.9021000005]}, "properties": {"OBJECTID": 993, "COUNT_": 1, "COUNT_FC": 1}}, {"type": "Feature", "id": 994, "geometry": {"type": "Point", "coordinates": [6432325.1164, 5667034.2103]}, "properties": {"OBJECTID": 994, "COUNT_": 1, "COUNT_FC": 1}}, {"type": "Feature", "id": 995, "geometry": {"type": "Point", "coordinates": [6432250.3757, 5667035.6428]}, "properties": {"OBJECTID": 995, "COUNT_": 1, "COUNT_FC": 1}}, {"type": "Feature", "id": 996, "geometry": {"type": "Point", "coordinates": [6426702.218, 5667039.8169]}, "properties": {"OBJECTID": 996, "COUNT_": 2, "COUNT_FC": 1}}, {"type": "Feature", "id": 997, "geometry": {"type": "Point", "coordinates": [6418589.3532, 5667051.572799999]}, "properties": {"OBJECTID": 997, "COUNT_": 1, "COUNT_FC": 1}}, {"type": "Feature", "id": 998, "geometry": {"type": "Point", "coordinates": [6435675.4995, 5667056.019400001]}, "properties": {"OBJECTID": 998, "COUNT_": 2, "COUNT_FC": 1}}, {"type": "Feature", "id": 999, "geometry": {"type": "Point", "coordinates": [6434706.4609, 5667075.9102]}, "properties": {"OBJECTID": 999, "COUNT_": 1, "COUNT_FC": 1}}, {"type": "Feature", "id": 1000, "geometry": {"type": "Point", "coordinates": [6431471.8552, 5667080.388800001]}, "properties": {"OBJECTID": 1000, "COUNT_": 1, "COUNT_FC": 1}}, {"type": "Feature", "id": 1001, "geometry": {"type": "Point", "coordinates": [6439865.4026, 5667084.652000001]}, "properties": {"OBJECTID": 1001, "COUNT_": 1, "COUNT_FC": 1}}, {"type": "Feature", "id": 1002, "geometry": {"type": "Point", "coordinates": [6429868.0955, 5667095.4059]}, "properties": {"OBJECTID": 1002, "COUNT_": 1, "COUNT_FC": 1}}, {"type": "Feature", "id": 1003, "geometry": {"type": "Point", "coordinates": [6439835.7637, 5667102.211200001]}, "properties": {"OBJECTID": 1003, "COUNT_": 1, "COUNT_FC": 1}}, {"type": "Feature", "id": 1004, "geometry": {"type": "Point", "coordinates": [6419666.2056, 5667104.377800001]}, "properties": {"OBJECTID": 1004, "COUNT_": 1, "COUNT_FC": 1}}, {"type": "Feature", "id": 1005, "geometry": {"type": "Point", "coordinates": [6432785.0759, 5667107.127]}, "properties": {"OBJECTID": 1005, "COUNT_": 1, "COUNT_FC": 1}}, {"type": "Feature", "id": 1006, "geometry": {"type": "Point", "coordinates": [6426517.9926, 5667113.6961]}, "properties": {"OBJECTID": 1006, "COUNT_": 4, "COUNT_FC": 1}}, {"type": "Feature", "id": 1007, "geometry": {"type": "Point", "coordinates": [6429123.8795, 5667114.536499999]}, "properties": {"OBJECTID": 1007, "COUNT_": 1, "COUNT_FC": 1}}, {"type": "Feature", "id": 1008, "geometry": {"type": "Point", "coordinates": [6439927.928, 5667116.463300002]}, "properties": {"OBJECTID": 1008, "COUNT_": 3, "COUNT_FC": 1}}, {"type": "Feature", "id": 1009, "geometry": {"type": "Point", "coordinates": [6436190.1728, 5667117.115599999]}, "properties": {"OBJECTID": 1009, "COUNT_": 1, "COUNT_FC": 1}}, {"type": "Feature", "id": 1010, "geometry": {"type": "Point", "coordinates": [6432415.1745, 5667120.2588]}, "properties": {"OBJECTID": 1010, "COUNT_": 1, "COUNT_FC": 1}}, {"type": "Feature", "id": 1011, "geometry": {"type": "Point", "coordinates": [6439804.1222, 5667124.954399999]}, "properties": {"OBJECTID": 1011, "COUNT_": 1, "COUNT_FC": 1}}, {"type": "Feature", "id": 1012, "geometry": {"type": "Point", "coordinates": [6439144.6098, 5667133.1633]}, "properties": {"OBJECTID": 1012, "COUNT_": 1, "COUNT_FC": 1}}, {"type": "Feature", "id": 1013, "geometry": {"type": "Point", "coordinates": [6432149.8018, 5667141.7841]}, "properties": {"OBJECTID": 1013, "COUNT_": 1, "COUNT_FC": 1}}, {"type": "Feature", "id": 1014, "geometry": {"type": "Point", "coordinates": [6435571.536, 5667150.632999999]}, "properties": {"OBJECTID": 1014, "COUNT_": 2, "COUNT_FC": 1}}, {"type": "Feature", "id": 1015, "geometry": {"type": "Point", "coordinates": [6432424.0063, 5667158.4350000005]}, "properties": {"OBJECTID": 1015, "COUNT_": 1, "COUNT_FC": 1}}, {"type": "Feature", "id": 1016, "geometry": {"type": "Point", "coordinates": [6420312.5597, 5667194.377699999]}, "properties": {"OBJECTID": 1016, "COUNT_": 2, "COUNT_FC": 1}}, {"type": "Feature", "id": 1017, "geometry": {"type": "Point", "coordinates": [6432398.0553, 5667206.316999999]}, "properties": {"OBJECTID": 1017, "COUNT_": 1, "COUNT_FC": 1}}, {"type": "Feature", "id": 1018, "geometry": {"type": "Point", "coordinates": [6436341.3157, 5667212.025]}, "properties": {"OBJECTID": 1018, "COUNT_": 1, "COUNT_FC": 1}}, {"type": "Feature", "id": 1019, "geometry": {"type": "Point", "coordinates": [6436355.7555, 5667217.355799999]}, "properties": {"OBJECTID": 1019, "COUNT_": 1, "COUNT_FC": 1}}, {"type": "Feature", "id": 1020, "geometry": {"type": "Point", "coordinates": [6439967.7169, 5667225.409499999]}, "properties": {"OBJECTID": 1020, "COUNT_": 1, "COUNT_FC": 1}}, {"type": "Feature", "id": 1021, "geometry": {"type": "Point", "coordinates": [6436310.5195, 5667231.6076]}, "properties": {"OBJECTID": 1021, "COUNT_": 1, "COUNT_FC": 1}}, {"type": "Feature", "id": 1022, "geometry": {"type": "Point", "coordinates": [6436503.354300001, 5667239.0031]}, "properties": {"OBJECTID": 1022, "COUNT_": 1, "COUNT_FC": 1}}, {"type": "Feature", "id": 1023, "geometry": {"type": "Point", "coordinates": [6432334.9614, 5667244.255899999]}, "properties": {"OBJECTID": 1023, "COUNT_": 2, "COUNT_FC": 1}}, {"type": "Feature", "id": 1024, "geometry": {"type": "Point", "coordinates": [6439252.1507, 5667246.401699999]}, "properties": {"OBJECTID": 1024, "COUNT_": 2, "COUNT_FC": 1}}, {"type": "Feature", "id": 1025, "geometry": {"type": "Point", "coordinates": [6432353.1882, 5667260.4015]}, "properties": {"OBJECTID": 1025, "COUNT_": 22, "COUNT_FC": 1}}, {"type": "Feature", "id": 1026, "geometry": {"type": "Point", "coordinates": [6431839.8031, 5667264.108200001]}, "properties": {"OBJECTID": 1026, "COUNT_": 2, "COUNT_FC": 1}}, {"type": "Feature", "id": 1027, "geometry": {"type": "Point", "coordinates": [6426111.3083, 5667280.9789]}, "properties": {"OBJECTID": 1027, "COUNT_": 1, "COUNT_FC": 1}}, {"type": "Feature", "id": 1028, "geometry": {"type": "Point", "coordinates": [6432322.5743, 5667289.4967]}, "properties": {"OBJECTID": 1028, "COUNT_": 1, "COUNT_FC": 1}}, {"type": "Feature", "id": 1029, "geometry": {"type": "Point", "coordinates": [6434721.8858, 5667295.8714000005]}, "properties": {"OBJECTID": 1029, "COUNT_": 1, "COUNT_FC": 1}}, {"type": "Feature", "id": 1030, "geometry": {"type": "Point", "coordinates": [6427637.3155, 5667297.2009]}, "properties": {"OBJECTID": 1030, "COUNT_": 1, "COUNT_FC": 1}}, {"type": "Feature", "id": 1031, "geometry": {"type": "Point", "coordinates": [6432686.8328, 5667297.7149]}, "properties": {"OBJECTID": 1031, "COUNT_": 198, "COUNT_FC": 1}}, {"type": "Feature", "id": 1032, "geometry": {"type": "Point", "coordinates": [6432691.4666, 5667298.1118]}, "properties": {"OBJECTID": 1032, "COUNT_": 2, "COUNT_FC": 1}}, {"type": "Feature", "id": 1033, "geometry": {"type": "Point", "coordinates": [6432351.9551, 5667320.118400001]}, "properties": {"OBJECTID": 1033, "COUNT_": 1, "COUNT_FC": 1}}, {"type": "Feature", "id": 1034, "geometry": {"type": "Point", "coordinates": [6420397.5731, 5667328.8991]}, "properties": {"OBJECTID": 1034, "COUNT_": 1, "COUNT_FC": 1}}, {"type": "Feature", "id": 1035, "geometry": {"type": "Point", "coordinates": [6432256.7048, 5667349.806399999]}, "properties": {"OBJECTID": 1035, "COUNT_": 2, "COUNT_FC": 1}}, {"type": "Feature", "id": 1036, "geometry": {"type": "Point", "coordinates": [6432345.5687, 5667353.4739]}, "properties": {"OBJECTID": 1036, "COUNT_": 1, "COUNT_FC": 1}}, {"type": "Feature", "id": 1037, "geometry": {"type": "Point", "coordinates": [6424146.2573, 5667354.5337000005]}, "properties": {"OBJECTID": 1037, "COUNT_": 1, "COUNT_FC": 1}}, {"type": "Feature", "id": 1038, "geometry": {"type": "Point", "coordinates": [6420405.899, 5667359.954]}, "properties": {"OBJECTID": 1038, "COUNT_": 2, "COUNT_FC": 1}}, {"type": "Feature", "id": 1039, "geometry": {"type": "Point", "coordinates": [6432343.3637, 5667361.826099999]}, "properties": {"OBJECTID": 1039, "COUNT_": 1, "COUNT_FC": 1}}, {"type": "Feature", "id": 1040, "geometry": {"type": "Point", "coordinates": [6425113.2129, 5667365.6295]}, "properties": {"OBJECTID": 1040, "COUNT_": 1, "COUNT_FC": 1}}, {"type": "Feature", "id": 1041, "geometry": {"type": "Point", "coordinates": [6432312.2673, 5667376.672800001]}, "properties": {"OBJECTID": 1041, "COUNT_": 1, "COUNT_FC": 1}}, {"type": "Feature", "id": 1042, "geometry": {"type": "Point", "coordinates": [6432327.8793, 5667378.6589]}, "properties": {"OBJECTID": 1042, "COUNT_": 4, "COUNT_FC": 1}}, {"type": "Feature", "id": 1043, "geometry": {"type": "Point", "coordinates": [6427723.4391, 5667383.741000001]}, "properties": {"OBJECTID": 1043, "COUNT_": 1, "COUNT_FC": 1}}, {"type": "Feature", "id": 1044, "geometry": {"type": "Point", "coordinates": [6433407.0205, 5667402.302200001]}, "properties": {"OBJECTID": 1044, "COUNT_": 1, "COUNT_FC": 1}}, {"type": "Feature", "id": 1045, "geometry": {"type": "Point", "coordinates": [6435968.9354, 5667412.820499999]}, "properties": {"OBJECTID": 1045, "COUNT_": 1, "COUNT_FC": 1}}, {"type": "Feature", "id": 1046, "geometry": {"type": "Point", "coordinates": [6433477.5571, 5667414.1578]}, "properties": {"OBJECTID": 1046, "COUNT_": 1, "COUNT_FC": 1}}, {"type": "Feature", "id": 1047, "geometry": {"type": "Point", "coordinates": [6435862.8826, 5667417.774800001]}, "properties": {"OBJECTID": 1047, "COUNT_": 1, "COUNT_FC": 1}}, {"type": "Feature", "id": 1048, "geometry": {"type": "Point", "coordinates": [6435870.9809, 5667418.365800001]}, "properties": {"OBJECTID": 1048, "COUNT_": 2, "COUNT_FC": 1}}, {"type": "Feature", "id": 1049, "geometry": {"type": "Point", "coordinates": [6432222.5516, 5667420.4925999995]}, "properties": {"OBJECTID": 1049, "COUNT_": 191, "COUNT_FC": 1}}, {"type": "Feature", "id": 1050, "geometry": {"type": "Point", "coordinates": [6438611.3738, 5667435.3883]}, "properties": {"OBJECTID": 1050, "COUNT_": 8, "COUNT_FC": 1}}, {"type": "Feature", "id": 1051, "geometry": {"type": "Point", "coordinates": [6433528.4269, 5667439.3133000005]}, "properties": {"OBJECTID": 1051, "COUNT_": 2, "COUNT_FC": 1}}, {"type": "Feature", "id": 1052, "geometry": {"type": "Point", "coordinates": [6427418.4675, 5667441.672]}, "properties": {"OBJECTID": 1052, "COUNT_": 1, "COUNT_FC": 1}}, {"type": "Feature", "id": 1053, "geometry": {"type": "Point", "coordinates": [6418957.9897, 5667443.6252999995]}, "properties": {"OBJECTID": 1053, "COUNT_": 1, "COUNT_FC": 1}}, {"type": "Feature", "id": 1054, "geometry": {"type": "Point", "coordinates": [6421673.4309, 5667451.866900001]}, "properties": {"OBJECTID": 1054, "COUNT_": 1, "COUNT_FC": 1}}, {"type": "Feature", "id": 1055, "geometry": {"type": "Point", "coordinates": [6432207.6178, 5667455.0669]}, "properties": {"OBJECTID": 1055, "COUNT_": 41, "COUNT_FC": 1}}, {"type": "Feature", "id": 1056, "geometry": {"type": "Point", "coordinates": [6439015.3987, 5667455.215800001]}, "properties": {"OBJECTID": 1056, "COUNT_": 2, "COUNT_FC": 1}}, {"type": "Feature", "id": 1057, "geometry": {"type": "Point", "coordinates": [6432207.5949, 5667455.3103]}, "properties": {"OBJECTID": 1057, "COUNT_": 2, "COUNT_FC": 1}}, {"type": "Feature", "id": 1058, "geometry": {"type": "Point", "coordinates": [6434228.1831, 5667459.4155]}, "properties": {"OBJECTID": 1058, "COUNT_": 1, "COUNT_FC": 1}}, {"type": "Feature", "id": 1059, "geometry": {"type": "Point", "coordinates": [6432210.1818, 5667468.599900001]}, "properties": {"OBJECTID": 1059, "COUNT_": 97, "COUNT_FC": 1}}, {"type": "Feature", "id": 1060, "geometry": {"type": "Point", "coordinates": [6436509.8356, 5667479.869299999]}, "properties": {"OBJECTID": 1060, "COUNT_": 1, "COUNT_FC": 1}}, {"type": "Feature", "id": 1061, "geometry": {"type": "Point", "coordinates": [6432235.8215, 5667484.0496]}, "properties": {"OBJECTID": 1061, "COUNT_": 3, "COUNT_FC": 1}}, {"type": "Feature", "id": 1062, "geometry": {"type": "Point", "coordinates": [6432266.3896, 5667485.4067]}, "properties": {"OBJECTID": 1062, "COUNT_": 1, "COUNT_FC": 1}}, {"type": "Feature", "id": 1063, "geometry": {"type": "Point", "coordinates": [6434413.5623, 5667494.1965]}, "properties": {"OBJECTID": 1063, "COUNT_": 1, "COUNT_FC": 1}}, {"type": "Feature", "id": 1064, "geometry": {"type": "Point", "coordinates": [6427466.145, 5667495.5572]}, "properties": {"OBJECTID": 1064, "COUNT_": 1, "COUNT_FC": 1}}, {"type": "Feature", "id": 1065, "geometry": {"type": "Point", "coordinates": [6419402.6377, 5667499.1402]}, "properties": {"OBJECTID": 1065, "COUNT_": 3, "COUNT_FC": 1}}, {"type": "Feature", "id": 1066, "geometry": {"type": "Point", "coordinates": [6432249.9365, 5667509.876499999]}, "properties": {"OBJECTID": 1066, "COUNT_": 52, "COUNT_FC": 1}}, {"type": "Feature", "id": 1067, "geometry": {"type": "Point", "coordinates": [6432283.0421, 5667518.856799999]}, "properties": {"OBJECTID": 1067, "COUNT_": 1, "COUNT_FC": 1}}, {"type": "Feature", "id": 1068, "geometry": {"type": "Point", "coordinates": [6431899.6816, 5667518.8892]}, "properties": {"OBJECTID": 1068, "COUNT_": 1, "COUNT_FC": 1}}, {"type": "Feature", "id": 1069, "geometry": {"type": "Point", "coordinates": [6424870.7303, 5667530.906099999]}, "properties": {"OBJECTID": 1069, "COUNT_": 1, "COUNT_FC": 1}}, {"type": "Feature", "id": 1070, "geometry": {"type": "Point", "coordinates": [6426344.6467, 5667539.510600001]}, "properties": {"OBJECTID": 1070, "COUNT_": 2, "COUNT_FC": 1}}, {"type": "Feature", "id": 1071, "geometry": {"type": "Point", "coordinates": [6432272.7153, 5667541.180299999]}, "properties": {"OBJECTID": 1071, "COUNT_": 1, "COUNT_FC": 1}}, {"type": "Feature", "id": 1072, "geometry": {"type": "Point", "coordinates": [6433509.68, 5667542.9640999995]}, "properties": {"OBJECTID": 1072, "COUNT_": 8, "COUNT_FC": 1}}, {"type": "Feature", "id": 1073, "geometry": {"type": "Point", "coordinates": [6426340.3954, 5667544.010199999]}, "properties": {"OBJECTID": 1073, "COUNT_": 1, "COUNT_FC": 1}}, {"type": "Feature", "id": 1074, "geometry": {"type": "Point", "coordinates": [6421899.6146, 5667545.0348000005]}, "properties": {"OBJECTID": 1074, "COUNT_": 2, "COUNT_FC": 1}}, {"type": "Feature", "id": 1075, "geometry": {"type": "Point", "coordinates": [6432279.1079, 5667556.096999999]}, "properties": {"OBJECTID": 1075, "COUNT_": 3, "COUNT_FC": 1}}, {"type": "Feature", "id": 1076, "geometry": {"type": "Point", "coordinates": [6438975.9356, 5667565.3038]}, "properties": {"OBJECTID": 1076, "COUNT_": 1, "COUNT_FC": 1}}, {"type": "Feature", "id": 1077, "geometry": {"type": "Point", "coordinates": [6427746.1161, 5667571.5382]}, "properties": {"OBJECTID": 1077, "COUNT_": 2, "COUNT_FC": 1}}, {"type": "Feature", "id": 1078, "geometry": {"type": "Point", "coordinates": [6438482.1893, 5667574.824999999]}, "properties": {"OBJECTID": 1078, "COUNT_": 1, "COUNT_FC": 1}}, {"type": "Feature", "id": 1079, "geometry": {"type": "Point", "coordinates": [6433503.45, 5667574.8728]}, "properties": {"OBJECTID": 1079, "COUNT_": 17, "COUNT_FC": 1}}, {"type": "Feature", "id": 1080, "geometry": {"type": "Point", "coordinates": [6438953.6951, 5667577.228499999]}, "properties": {"OBJECTID": 1080, "COUNT_": 1, "COUNT_FC": 1}}, {"type": "Feature", "id": 1081, "geometry": {"type": "Point", "coordinates": [6437060.4513, 5667581.5418]}, "properties": {"OBJECTID": 1081, "COUNT_": 1, "COUNT_FC": 1}}, {"type": "Feature", "id": 1082, "geometry": {"type": "Point", "coordinates": [6432266.5616, 5667588.021299999]}, "properties": {"OBJECTID": 1082, "COUNT_": 2, "COUNT_FC": 1}}, {"type": "Feature", "id": 1083, "geometry": {"type": "Point", "coordinates": [6439450.7406, 5667591.5546]}, "properties": {"OBJECTID": 1083, "COUNT_": 1, "COUNT_FC": 1}}, {"type": "Feature", "id": 1084, "geometry": {"type": "Point", "coordinates": [6422028.8066, 5667595.3901]}, "properties": {"OBJECTID": 1084, "COUNT_": 1, "COUNT_FC": 1}}, {"type": "Feature", "id": 1085, "geometry": {"type": "Point", "coordinates": [6421187.2267, 5667599.172700001]}, "properties": {"OBJECTID": 1085, "COUNT_": 1, "COUNT_FC": 1}}, {"type": "Feature", "id": 1086, "geometry": {"type": "Point", "coordinates": [6424922.1267, 5667605.098300001]}, "properties": {"OBJECTID": 1086, "COUNT_": 1, "COUNT_FC": 1}}, {"type": "Feature", "id": 1087, "geometry": {"type": "Point", "coordinates": [6434427.61, 5667607.9078]}, "properties": {"OBJECTID": 1087, "COUNT_": 2, "COUNT_FC": 1}}, {"type": "Feature", "id": 1088, "geometry": {"type": "Point", "coordinates": [6427883.3062, 5667608.6347]}, "properties": {"OBJECTID": 1088, "COUNT_": 2, "COUNT_FC": 1}}, {"type": "Feature", "id": 1089, "geometry": {"type": "Point", "coordinates": [6424873.7444, 5667625.175100001]}, "properties": {"OBJECTID": 1089, "COUNT_": 1, "COUNT_FC": 1}}, {"type": "Feature", "id": 1090, "geometry": {"type": "Point", "coordinates": [6426308.1786, 5667635.013599999]}, "properties": {"OBJECTID": 1090, "COUNT_": 2, "COUNT_FC": 1}}, {"type": "Feature", "id": 1091, "geometry": {"type": "Point", "coordinates": [6438342.2888, 5667635.499399999]}, "properties": {"OBJECTID": 1091, "COUNT_": 4, "COUNT_FC": 1}}, {"type": "Feature", "id": 1092, "geometry": {"type": "Point", "coordinates": [6435994.4129, 5667635.613]}, "properties": {"OBJECTID": 1092, "COUNT_": 2, "COUNT_FC": 1}}, {"type": "Feature", "id": 1093, "geometry": {"type": "Point", "coordinates": [6434942.7754, 5667647.789799999]}, "properties": {"OBJECTID": 1093, "COUNT_": 1, "COUNT_FC": 1}}, {"type": "Feature", "id": 1094, "geometry": {"type": "Point", "coordinates": [6428114.8585, 5667659.6417]}, "properties": {"OBJECTID": 1094, "COUNT_": 196, "COUNT_FC": 1}}, {"type": "Feature", "id": 1095, "geometry": {"type": "Point", "coordinates": [6439735.5616, 5667664.9241]}, "properties": {"OBJECTID": 1095, "COUNT_": 1, "COUNT_FC": 1}}, {"type": "Feature", "id": 1096, "geometry": {"type": "Point", "coordinates": [6424346.5422, 5667669.609300001]}, "properties": {"OBJECTID": 1096, "COUNT_": 1, "COUNT_FC": 1}}, {"type": "Feature", "id": 1097, "geometry": {"type": "Point", "coordinates": [6438233.9947, 5667675.4791]}, "properties": {"OBJECTID": 1097, "COUNT_": 2, "COUNT_FC": 1}}, {"type": "Feature", "id": 1098, "geometry": {"type": "Point", "coordinates": [6435604.2547, 5667690.2182]}, "properties": {"OBJECTID": 1098, "COUNT_": 1, "COUNT_FC": 1}}, {"type": "Feature", "id": 1099, "geometry": {"type": "Point", "coordinates": [6427914.0923, 5667693.7787]}, "properties": {"OBJECTID": 1099, "COUNT_": 1, "COUNT_FC": 1}}, {"type": "Feature", "id": 1100, "geometry": {"type": "Point", "coordinates": [6418911.5636, 5667704.445699999]}, "properties": {"OBJECTID": 1100, "COUNT_": 1, "COUNT_FC": 1}}, {"type": "Feature", "id": 1101, "geometry": {"type": "Point", "coordinates": [6435870.2082, 5667706.1008]}, "properties": {"OBJECTID": 1101, "COUNT_": 1, "COUNT_FC": 1}}, {"type": "Feature", "id": 1102, "geometry": {"type": "Point", "coordinates": [6439683.4513, 5667712.280300001]}, "properties": {"OBJECTID": 1102, "COUNT_": 1, "COUNT_FC": 1}}, {"type": "Feature", "id": 1103, "geometry": {"type": "Point", "coordinates": [6438248.6116, 5667717.184699999]}, "properties": {"OBJECTID": 1103, "COUNT_": 1, "COUNT_FC": 1}}, {"type": "Feature", "id": 1104, "geometry": {"type": "Point", "coordinates": [6435128.3144, 5667722.290200001]}, "properties": {"OBJECTID": 1104, "COUNT_": 1, "COUNT_FC": 1}}, {"type": "Feature", "id": 1105, "geometry": {"type": "Point", "coordinates": [6423085.7901, 5667724.540899999]}, "properties": {"OBJECTID": 1105, "COUNT_": 2, "COUNT_FC": 1}}, {"type": "Feature", "id": 1106, "geometry": {"type": "Point", "coordinates": [6437998.0318, 5667733.149499999]}, "properties": {"OBJECTID": 1106, "COUNT_": 1, "COUNT_FC": 1}}, {"type": "Feature", "id": 1107, "geometry": {"type": "Point", "coordinates": [6437931.8498, 5667736.523700001]}, "properties": {"OBJECTID": 1107, "COUNT_": 6, "COUNT_FC": 1}}, {"type": "Feature", "id": 1108, "geometry": {"type": "Point", "coordinates": [6429479.2473, 5667739.5022]}, "properties": {"OBJECTID": 1108, "COUNT_": 1, "COUNT_FC": 1}}, {"type": "Feature", "id": 1109, "geometry": {"type": "Point", "coordinates": [6440099.3456, 5667740.400900001]}, "properties": {"OBJECTID": 1109, "COUNT_": 1, "COUNT_FC": 1}}, {"type": "Feature", "id": 1110, "geometry": {"type": "Point", "coordinates": [6437931.1813, 5667745.3015]}, "properties": {"OBJECTID": 1110, "COUNT_": 1, "COUNT_FC": 1}}, {"type": "Feature", "id": 1111, "geometry": {"type": "Point", "coordinates": [6418890.1103, 5667747.629599999]}, "properties": {"OBJECTID": 1111, "COUNT_": 4, "COUNT_FC": 1}}, {"type": "Feature", "id": 1112, "geometry": {"type": "Point", "coordinates": [6437917.5994, 5667752.2585]}, "properties": {"OBJECTID": 1112, "COUNT_": 1, "COUNT_FC": 1}}, {"type": "Feature", "id": 1113, "geometry": {"type": "Point", "coordinates": [6422855.9082, 5667766.740800001]}, "properties": {"OBJECTID": 1113, "COUNT_": 3, "COUNT_FC": 1}}, {"type": "Feature", "id": 1114, "geometry": {"type": "Point", "coordinates": [6435791.8234, 5667768.148600001]}, "properties": {"OBJECTID": 1114, "COUNT_": 1, "COUNT_FC": 1}}, {"type": "Feature", "id": 1115, "geometry": {"type": "Point", "coordinates": [6430403.0306, 5667775.784499999]}, "properties": {"OBJECTID": 1115, "COUNT_": 1, "COUNT_FC": 1}}, {"type": "Feature", "id": 1116, "geometry": {"type": "Point", "coordinates": [6434367.3922, 5667775.790999999]}, "properties": {"OBJECTID": 1116, "COUNT_": 1, "COUNT_FC": 1}}, {"type": "Feature", "id": 1117, "geometry": {"type": "Point", "coordinates": [6433072.9517, 5667799.914100001]}, "properties": {"OBJECTID": 1117, "COUNT_": 4, "COUNT_FC": 1}}, {"type": "Feature", "id": 1118, "geometry": {"type": "Point", "coordinates": [6438583.5872, 5667800.7741]}, "properties": {"OBJECTID": 1118, "COUNT_": 2, "COUNT_FC": 1}}, {"type": "Feature", "id": 1119, "geometry": {"type": "Point", "coordinates": [6427053.1539, 5667804.4946]}, "properties": {"OBJECTID": 1119, "COUNT_": 1, "COUNT_FC": 1}}, {"type": "Feature", "id": 1120, "geometry": {"type": "Point", "coordinates": [6438470.9188, 5667805.458799999]}, "properties": {"OBJECTID": 1120, "COUNT_": 1, "COUNT_FC": 1}}, {"type": "Feature", "id": 1121, "geometry": {"type": "Point", "coordinates": [6434154.8752, 5667806.8171]}, "properties": {"OBJECTID": 1121, "COUNT_": 1, "COUNT_FC": 1}}, {"type": "Feature", "id": 1122, "geometry": {"type": "Point", "coordinates": [6439345.0298, 5667822.2959]}, "properties": {"OBJECTID": 1122, "COUNT_": 1, "COUNT_FC": 1}}, {"type": "Feature", "id": 1123, "geometry": {"type": "Point", "coordinates": [6438417.8129, 5667825.8803]}, "properties": {"OBJECTID": 1123, "COUNT_": 4, "COUNT_FC": 1}}, {"type": "Feature", "id": 1124, "geometry": {"type": "Point", "coordinates": [6438425.5238, 5667832.1744]}, "properties": {"OBJECTID": 1124, "COUNT_": 1, "COUNT_FC": 1}}, {"type": "Feature", "id": 1125, "geometry": {"type": "Point", "coordinates": [6438295.3259, 5667832.905200001]}, "properties": {"OBJECTID": 1125, "COUNT_": 1, "COUNT_FC": 1}}, {"type": "Feature", "id": 1126, "geometry": {"type": "Point", "coordinates": [6438295.7444, 5667838.562899999]}, "properties": {"OBJECTID": 1126, "COUNT_": 1, "COUNT_FC": 1}}, {"type": "Feature", "id": 1127, "geometry": {"type": "Point", "coordinates": [6435196.0339, 5667838.776000001]}, "properties": {"OBJECTID": 1127, "COUNT_": 1, "COUNT_FC": 1}}, {"type": "Feature", "id": 1128, "geometry": {"type": "Point", "coordinates": [6438460.7891, 5667841.9245]}, "properties": {"OBJECTID": 1128, "COUNT_": 14, "COUNT_FC": 1}}, {"type": "Feature", "id": 1129, "geometry": {"type": "Point", "coordinates": [6439337.4287, 5667849.754000001]}, "properties": {"OBJECTID": 1129, "COUNT_": 1, "COUNT_FC": 1}}, {"type": "Feature", "id": 1130, "geometry": {"type": "Point", "coordinates": [6438378.2108, 5667858.305400002]}, "properties": {"OBJECTID": 1130, "COUNT_": 14, "COUNT_FC": 1}}, {"type": "Feature", "id": 1131, "geometry": {"type": "Point", "coordinates": [6438380.0372, 5667860.161]}, "properties": {"OBJECTID": 1131, "COUNT_": 1, "COUNT_FC": 1}}, {"type": "Feature", "id": 1132, "geometry": {"type": "Point", "coordinates": [6434819.5609, 5667863.483100001]}, "properties": {"OBJECTID": 1132, "COUNT_": 1, "COUNT_FC": 1}}, {"type": "Feature", "id": 1133, "geometry": {"type": "Point", "coordinates": [6438460.0881, 5667865.7283]}, "properties": {"OBJECTID": 1133, "COUNT_": 1, "COUNT_FC": 1}}, {"type": "Feature", "id": 1134, "geometry": {"type": "Point", "coordinates": [6438500.0268, 5667866.516999999]}, "properties": {"OBJECTID": 1134, "COUNT_": 1, "COUNT_FC": 1}}, {"type": "Feature", "id": 1135, "geometry": {"type": "Point", "coordinates": [6438414.2174, 5667866.719699999]}, "properties": {"OBJECTID": 1135, "COUNT_": 1, "COUNT_FC": 1}}, {"type": "Feature", "id": 1136, "geometry": {"type": "Point", "coordinates": [6438400.3774, 5667873.7587]}, "properties": {"OBJECTID": 1136, "COUNT_": 16, "COUNT_FC": 1}}, {"type": "Feature", "id": 1137, "geometry": {"type": "Point", "coordinates": [6433680.0282, 5667883.4086]}, "properties": {"OBJECTID": 1137, "COUNT_": 1, "COUNT_FC": 1}}, {"type": "Feature", "id": 1138, "geometry": {"type": "Point", "coordinates": [6434571.602500001, 5667884.553400001]}, "properties": {"OBJECTID": 1138, "COUNT_": 4, "COUNT_FC": 1}}, {"type": "Feature", "id": 1139, "geometry": {"type": "Point", "coordinates": [6432821.7402, 5667887.310799999]}, "properties": {"OBJECTID": 1139, "COUNT_": 2, "COUNT_FC": 1}}, {"type": "Feature", "id": 1140, "geometry": {"type": "Point", "coordinates": [6438344.1871, 5667887.9756000005]}, "properties": {"OBJECTID": 1140, "COUNT_": 1, "COUNT_FC": 1}}, {"type": "Feature", "id": 1141, "geometry": {"type": "Point", "coordinates": [6422852.6443, 5667896.8686]}, "properties": {"OBJECTID": 1141, "COUNT_": 1, "COUNT_FC": 1}}, {"type": "Feature", "id": 1142, "geometry": {"type": "Point", "coordinates": [6440405.5484, 5667897.0436]}, "properties": {"OBJECTID": 1142, "COUNT_": 3, "COUNT_FC": 1}}, {"type": "Feature", "id": 1143, "geometry": {"type": "Point", "coordinates": [6437440.737, 5667901.759500001]}, "properties": {"OBJECTID": 1143, "COUNT_": 1, "COUNT_FC": 1}}, {"type": "Feature", "id": 1144, "geometry": {"type": "Point", "coordinates": [6430092.2728, 5667902.001]}, "properties": {"OBJECTID": 1144, "COUNT_": 2, "COUNT_FC": 1}}, {"type": "Feature", "id": 1145, "geometry": {"type": "Point", "coordinates": [6435241.2317, 5667917.846000001]}, "properties": {"OBJECTID": 1145, "COUNT_": 2, "COUNT_FC": 1}}, {"type": "Feature", "id": 1146, "geometry": {"type": "Point", "coordinates": [6438031.3649, 5667923.8119]}, "properties": {"OBJECTID": 1146, "COUNT_": 2, "COUNT_FC": 1}}, {"type": "Feature", "id": 1147, "geometry": {"type": "Point", "coordinates": [6440378.1632, 5667930.330499999]}, "properties": {"OBJECTID": 1147, "COUNT_": 2, "COUNT_FC": 1}}, {"type": "Feature", "id": 1148, "geometry": {"type": "Point", "coordinates": [6440076.1907, 5667934.630899999]}, "properties": {"OBJECTID": 1148, "COUNT_": 3, "COUNT_FC": 1}}, {"type": "Feature", "id": 1149, "geometry": {"type": "Point", "coordinates": [6429278.1845, 5667936.1493999995]}, "properties": {"OBJECTID": 1149, "COUNT_": 1, "COUNT_FC": 1}}, {"type": "Feature", "id": 1150, "geometry": {"type": "Point", "coordinates": [6420472.4606, 5667952.333699999]}, "properties": {"OBJECTID": 1150, "COUNT_": 1, "COUNT_FC": 1}}, {"type": "Feature", "id": 1151, "geometry": {"type": "Point", "coordinates": [6425640.6824, 5667952.693000001]}, "properties": {"OBJECTID": 1151, "COUNT_": 1, "COUNT_FC": 1}}, {"type": "Feature", "id": 1152, "geometry": {"type": "Point", "coordinates": [6426102.9379, 5667977.7859000005]}, "properties": {"OBJECTID": 1152, "COUNT_": 3, "COUNT_FC": 1}}, {"type": "Feature", "id": 1153, "geometry": {"type": "Point", "coordinates": [6438347.346, 5667982.444399999]}, "properties": {"OBJECTID": 1153, "COUNT_": 6, "COUNT_FC": 1}}, {"type": "Feature", "id": 1154, "geometry": {"type": "Point", "coordinates": [6434590.5467, 5667983.3675]}, "properties": {"OBJECTID": 1154, "COUNT_": 1, "COUNT_FC": 1}}, {"type": "Feature", "id": 1155, "geometry": {"type": "Point", "coordinates": [6439564.2768, 5667990.185699999]}, "properties": {"OBJECTID": 1155, "COUNT_": 4, "COUNT_FC": 1}}, {"type": "Feature", "id": 1156, "geometry": {"type": "Point", "coordinates": [6418743.9022, 5668006.797499999]}, "properties": {"OBJECTID": 1156, "COUNT_": 1, "COUNT_FC": 1}}, {"type": "Feature", "id": 1157, "geometry": {"type": "Point", "coordinates": [6419639.0661, 5668007.9372000005]}, "properties": {"OBJECTID": 1157, "COUNT_": 1, "COUNT_FC": 1}}, {"type": "Feature", "id": 1158, "geometry": {"type": "Point", "coordinates": [6417569.661, 5668016.9933]}, "properties": {"OBJECTID": 1158, "COUNT_": 1, "COUNT_FC": 1}}, {"type": "Feature", "id": 1159, "geometry": {"type": "Point", "coordinates": [6419428.0875, 5668043.037599999]}, "properties": {"OBJECTID": 1159, "COUNT_": 1, "COUNT_FC": 1}}, {"type": "Feature", "id": 1160, "geometry": {"type": "Point", "coordinates": [6440077.307, 5668045.908500001]}, "properties": {"OBJECTID": 1160, "COUNT_": 3, "COUNT_FC": 1}}, {"type": "Feature", "id": 1161, "geometry": {"type": "Point", "coordinates": [6424624.284, 5668046.1894000005]}, "properties": {"OBJECTID": 1161, "COUNT_": 1, "COUNT_FC": 1}}, {"type": "Feature", "id": 1162, "geometry": {"type": "Point", "coordinates": [6428027.9594, 5668047.6357]}, "properties": {"OBJECTID": 1162, "COUNT_": 1, "COUNT_FC": 1}}, {"type": "Feature", "id": 1163, "geometry": {"type": "Point", "coordinates": [6417432.0663, 5668050.4449000005]}, "properties": {"OBJECTID": 1163, "COUNT_": 2, "COUNT_FC": 1}}, {"type": "Feature", "id": 1164, "geometry": {"type": "Point", "coordinates": [6439144.4396, 5668069.206499999]}, "properties": {"OBJECTID": 1164, "COUNT_": 1, "COUNT_FC": 1}}, {"type": "Feature", "id": 1165, "geometry": {"type": "Point", "coordinates": [6424658.7577, 5668071.4076000005]}, "properties": {"OBJECTID": 1165, "COUNT_": 1, "COUNT_FC": 1}}, {"type": "Feature", "id": 1166, "geometry": {"type": "Point", "coordinates": [6421021.9218, 5668071.586200001]}, "properties": {"OBJECTID": 1166, "COUNT_": 1, "COUNT_FC": 1}}, {"type": "Feature", "id": 1167, "geometry": {"type": "Point", "coordinates": [6417493.8316, 5668082.502699999]}, "properties": {"OBJECTID": 1167, "COUNT_": 1, "COUNT_FC": 1}}, {"type": "Feature", "id": 1168, "geometry": {"type": "Point", "coordinates": [6417327.3818, 5668085.900900001]}, "properties": {"OBJECTID": 1168, "COUNT_": 1, "COUNT_FC": 1}}, {"type": "Feature", "id": 1169, "geometry": {"type": "Point", "coordinates": [6430428.1106, 5668086.3654]}, "properties": {"OBJECTID": 1169, "COUNT_": 1, "COUNT_FC": 1}}, {"type": "Feature", "id": 1170, "geometry": {"type": "Point", "coordinates": [6424651.6788, 5668092.175899999]}, "properties": {"OBJECTID": 1170, "COUNT_": 1, "COUNT_FC": 1}}, {"type": "Feature", "id": 1171, "geometry": {"type": "Point", "coordinates": [6424827.1551, 5668097.5375]}, "properties": {"OBJECTID": 1171, "COUNT_": 3, "COUNT_FC": 1}}, {"type": "Feature", "id": 1172, "geometry": {"type": "Point", "coordinates": [6435452.9365, 5668126.6569]}, "properties": {"OBJECTID": 1172, "COUNT_": 1, "COUNT_FC": 1}}, {"type": "Feature", "id": 1173, "geometry": {"type": "Point", "coordinates": [6435838.0036, 5668126.7563000005]}, "properties": {"OBJECTID": 1173, "COUNT_": 1, "COUNT_FC": 1}}, {"type": "Feature", "id": 1174, "geometry": {"type": "Point", "coordinates": [6440167.6394, 5668131.318800001]}, "properties": {"OBJECTID": 1174, "COUNT_": 1, "COUNT_FC": 1}}, {"type": "Feature", "id": 1175, "geometry": {"type": "Point", "coordinates": [6429423.802, 5668134.5218]}, "properties": {"OBJECTID": 1175, "COUNT_": 1, "COUNT_FC": 1}}, {"type": "Feature", "id": 1176, "geometry": {"type": "Point", "coordinates": [6435265.2158, 5668141.6785]}, "properties": {"OBJECTID": 1176, "COUNT_": 1, "COUNT_FC": 1}}, {"type": "Feature", "id": 1177, "geometry": {"type": "Point", "coordinates": [6431750.9127, 5668154.271600001]}, "properties": {"OBJECTID": 1177, "COUNT_": 8, "COUNT_FC": 1}}, {"type": "Feature", "id": 1178, "geometry": {"type": "Point", "coordinates": [6429517.5477, 5668165.056600001]}, "properties": {"OBJECTID": 1178, "COUNT_": 1, "COUNT_FC": 1}}, {"type": "Feature", "id": 1179, "geometry": {"type": "Point", "coordinates": [6424308.4688, 5668177.515000001]}, "properties": {"OBJECTID": 1179, "COUNT_": 1, "COUNT_FC": 1}}, {"type": "Feature", "id": 1180, "geometry": {"type": "Point", "coordinates": [6429433.7615, 5668181.668400001]}, "properties": {"OBJECTID": 1180, "COUNT_": 1, "COUNT_FC": 1}}, {"type": "Feature", "id": 1181, "geometry": {"type": "Point", "coordinates": [6429422.5449, 5668183.593800001]}, "properties": {"OBJECTID": 1181, "COUNT_": 2, "COUNT_FC": 1}}, {"type": "Feature", "id": 1182, "geometry": {"type": "Point", "coordinates": [6435335.0229, 5668185.6504999995]}, "properties": {"OBJECTID": 1182, "COUNT_": 117, "COUNT_FC": 1}}, {"type": "Feature", "id": 1183, "geometry": {"type": "Point", "coordinates": [6435782.0713, 5668203.202199999]}, "properties": {"OBJECTID": 1183, "COUNT_": 1, "COUNT_FC": 1}}, {"type": "Feature", "id": 1184, "geometry": {"type": "Point", "coordinates": [6429394.5552, 5668210.786699998]}, "properties": {"OBJECTID": 1184, "COUNT_": 1, "COUNT_FC": 1}}, {"type": "Feature", "id": 1185, "geometry": {"type": "Point", "coordinates": [6437460.1116, 5668211.800400001]}, "properties": {"OBJECTID": 1185, "COUNT_": 1, "COUNT_FC": 1}}, {"type": "Feature", "id": 1186, "geometry": {"type": "Point", "coordinates": [6431775.8291, 5668218.6349]}, "properties": {"OBJECTID": 1186, "COUNT_": 8, "COUNT_FC": 1}}, {"type": "Feature", "id": 1187, "geometry": {"type": "Point", "coordinates": [6431792.364, 5668222.273700001]}, "properties": {"OBJECTID": 1187, "COUNT_": 1, "COUNT_FC": 1}}, {"type": "Feature", "id": 1188, "geometry": {"type": "Point", "coordinates": [6421388.3586, 5668232.2552000005]}, "properties": {"OBJECTID": 1188, "COUNT_": 2, "COUNT_FC": 1}}, {"type": "Feature", "id": 1189, "geometry": {"type": "Point", "coordinates": [6430545.3602, 5668240.392100001]}, "properties": {"OBJECTID": 1189, "COUNT_": 1, "COUNT_FC": 1}}, {"type": "Feature", "id": 1190, "geometry": {"type": "Point", "coordinates": [6437349.3827, 5668273.144099999]}, "properties": {"OBJECTID": 1190, "COUNT_": 1, "COUNT_FC": 1}}, {"type": "Feature", "id": 1191, "geometry": {"type": "Point", "coordinates": [6437874.6421, 5668278.316199999]}, "properties": {"OBJECTID": 1191, "COUNT_": 1, "COUNT_FC": 1}}, {"type": "Feature", "id": 1192, "geometry": {"type": "Point", "coordinates": [6439654.0969, 5668280.3473000005]}, "properties": {"OBJECTID": 1192, "COUNT_": 1, "COUNT_FC": 1}}, {"type": "Feature", "id": 1193, "geometry": {"type": "Point", "coordinates": [6436231.3836, 5668283.484200001]}, "properties": {"OBJECTID": 1193, "COUNT_": 1, "COUNT_FC": 1}}, {"type": "Feature", "id": 1194, "geometry": {"type": "Point", "coordinates": [6429176.0745, 5668287.4692]}, "properties": {"OBJECTID": 1194, "COUNT_": 168, "COUNT_FC": 1}}, {"type": "Feature", "id": 1195, "geometry": {"type": "Point", "coordinates": [6428645.0087, 5668304.217900001]}, "properties": {"OBJECTID": 1195, "COUNT_": 1, "COUNT_FC": 1}}, {"type": "Feature", "id": 1196, "geometry": {"type": "Point", "coordinates": [6421171.4423, 5668311.832599999]}, "properties": {"OBJECTID": 1196, "COUNT_": 1, "COUNT_FC": 1}}, {"type": "Feature", "id": 1197, "geometry": {"type": "Point", "coordinates": [6425555.8889, 5668312.199999999]}, "properties": {"OBJECTID": 1197, "COUNT_": 1, "COUNT_FC": 1}}, {"type": "Feature", "id": 1198, "geometry": {"type": "Point", "coordinates": [6429298.7993, 5668347.550799999]}, "properties": {"OBJECTID": 1198, "COUNT_": 36, "COUNT_FC": 1}}, {"type": "Feature", "id": 1199, "geometry": {"type": "Point", "coordinates": [6429198.5458, 5668352.271400001]}, "properties": {"OBJECTID": 1199, "COUNT_": 2, "COUNT_FC": 1}}, {"type": "Feature", "id": 1200, "geometry": {"type": "Point", "coordinates": [6426376.7481, 5668368.5787]}, "properties": {"OBJECTID": 1200, "COUNT_": 2, "COUNT_FC": 1}}, {"type": "Feature", "id": 1201, "geometry": {"type": "Point", "coordinates": [6435377.407, 5668378.6921999995]}, "properties": {"OBJECTID": 1201, "COUNT_": 1, "COUNT_FC": 1}}, {"type": "Feature", "id": 1202, "geometry": {"type": "Point", "coordinates": [6423884.4751, 5668392.7533]}, "properties": {"OBJECTID": 1202, "COUNT_": 4, "COUNT_FC": 1}}, {"type": "Feature", "id": 1203, "geometry": {"type": "Point", "coordinates": [6419351.4708, 5668403.4442]}, "properties": {"OBJECTID": 1203, "COUNT_": 2, "COUNT_FC": 1}}, {"type": "Feature", "id": 1204, "geometry": {"type": "Point", "coordinates": [6435487.7573, 5668424.1055]}, "properties": {"OBJECTID": 1204, "COUNT_": 1, "COUNT_FC": 1}}, {"type": "Feature", "id": 1205, "geometry": {"type": "Point", "coordinates": [6431852.925, 5668473.583000001]}, "properties": {"OBJECTID": 1205, "COUNT_": 1, "COUNT_FC": 1}}, {"type": "Feature", "id": 1206, "geometry": {"type": "Point", "coordinates": [6439061.619, 5668474.694]}, "properties": {"OBJECTID": 1206, "COUNT_": 1, "COUNT_FC": 1}}, {"type": "Feature", "id": 1207, "geometry": {"type": "Point", "coordinates": [6431828.348, 5668481.0484]}, "properties": {"OBJECTID": 1207, "COUNT_": 1, "COUNT_FC": 1}}, {"type": "Feature", "id": 1208, "geometry": {"type": "Point", "coordinates": [6417721.6299, 5668499.4792]}, "properties": {"OBJECTID": 1208, "COUNT_": 1, "COUNT_FC": 1}}, {"type": "Feature", "id": 1209, "geometry": {"type": "Point", "coordinates": [6431868.7911, 5668506.864700001]}, "properties": {"OBJECTID": 1209, "COUNT_": 5, "COUNT_FC": 1}}, {"type": "Feature", "id": 1210, "geometry": {"type": "Point", "coordinates": [6425895.8886, 5668523.589199999]}, "properties": {"OBJECTID": 1210, "COUNT_": 1, "COUNT_FC": 1}}, {"type": "Feature", "id": 1211, "geometry": {"type": "Point", "coordinates": [6420680.4149, 5668530.433800001]}, "properties": {"OBJECTID": 1211, "COUNT_": 1, "COUNT_FC": 1}}, {"type": "Feature", "id": 1212, "geometry": {"type": "Point", "coordinates": [6439105.4172, 5668530.5447]}, "properties": {"OBJECTID": 1212, "COUNT_": 1, "COUNT_FC": 1}}, {"type": "Feature", "id": 1213, "geometry": {"type": "Point", "coordinates": [6417726.5552, 5668562.147700001]}, "properties": {"OBJECTID": 1213, "COUNT_": 2, "COUNT_FC": 1}}, {"type": "Feature", "id": 1214, "geometry": {"type": "Point", "coordinates": [6438509.8167, 5668581.377800001]}, "properties": {"OBJECTID": 1214, "COUNT_": 1, "COUNT_FC": 1}}, {"type": "Feature", "id": 1215, "geometry": {"type": "Point", "coordinates": [6429681.8156, 5668586.289999998]}, "properties": {"OBJECTID": 1215, "COUNT_": 1, "COUNT_FC": 1}}, {"type": "Feature", "id": 1216, "geometry": {"type": "Point", "coordinates": [6422367.9903, 5668586.977299999]}, "properties": {"OBJECTID": 1216, "COUNT_": 1, "COUNT_FC": 1}}, {"type": "Feature", "id": 1217, "geometry": {"type": "Point", "coordinates": [6428100.4482, 5668613.7043]}, "properties": {"OBJECTID": 1217, "COUNT_": 1, "COUNT_FC": 1}}, {"type": "Feature", "id": 1218, "geometry": {"type": "Point", "coordinates": [6421937.5993, 5668684.0822]}, "properties": {"OBJECTID": 1218, "COUNT_": 3, "COUNT_FC": 1}}, {"type": "Feature", "id": 1219, "geometry": {"type": "Point", "coordinates": [6431764.3028, 5668748.5943]}, "properties": {"OBJECTID": 1219, "COUNT_": 3, "COUNT_FC": 1}}, {"type": "Feature", "id": 1220, "geometry": {"type": "Point", "coordinates": [6418762.7051, 5668752.7524]}, "properties": {"OBJECTID": 1220, "COUNT_": 2, "COUNT_FC": 1}}, {"type": "Feature", "id": 1221, "geometry": {"type": "Point", "coordinates": [6432753.3903, 5668781.9453]}, "properties": {"OBJECTID": 1221, "COUNT_": 1, "COUNT_FC": 1}}, {"type": "Feature", "id": 1222, "geometry": {"type": "Point", "coordinates": [6433009.8952, 5668805.338500001]}, "properties": {"OBJECTID": 1222, "COUNT_": 1, "COUNT_FC": 1}}, {"type": "Feature", "id": 1223, "geometry": {"type": "Point", "coordinates": [6420883.7452, 5668835.4354]}, "properties": {"OBJECTID": 1223, "COUNT_": 2, "COUNT_FC": 1}}, {"type": "Feature", "id": 1224, "geometry": {"type": "Point", "coordinates": [6431780.7644, 5668838.8804]}, "properties": {"OBJECTID": 1224, "COUNT_": 4, "COUNT_FC": 1}}, {"type": "Feature", "id": 1225, "geometry": {"type": "Point", "coordinates": [6421808.1108, 5668862.408399999]}, "properties": {"OBJECTID": 1225, "COUNT_": 1, "COUNT_FC": 1}}, {"type": "Feature", "id": 1226, "geometry": {"type": "Point", "coordinates": [6429838.2686, 5668938.2842]}, "properties": {"OBJECTID": 1226, "COUNT_": 1, "COUNT_FC": 1}}, {"type": "Feature", "id": 1227, "geometry": {"type": "Point", "coordinates": [6422814.2773, 5668942.5451]}, "properties": {"OBJECTID": 1227, "COUNT_": 1, "COUNT_FC": 1}}, {"type": "Feature", "id": 1228, "geometry": {"type": "Point", "coordinates": [6419767.9345, 5668964.5875]}, "properties": {"OBJECTID": 1228, "COUNT_": 1, "COUNT_FC": 1}}, {"type": "Feature", "id": 1229, "geometry": {"type": "Point", "coordinates": [6440061.7657, 5668987.669600001]}, "properties": {"OBJECTID": 1229, "COUNT_": 1, "COUNT_FC": 1}}, {"type": "Feature", "id": 1230, "geometry": {"type": "Point", "coordinates": [6438592.5775, 5668991.981699999]}, "properties": {"OBJECTID": 1230, "COUNT_": 3, "COUNT_FC": 1}}, {"type": "Feature", "id": 1231, "geometry": {"type": "Point", "coordinates": [6431935.9677, 5668992.0856]}, "properties": {"OBJECTID": 1231, "COUNT_": 2, "COUNT_FC": 1}}, {"type": "Feature", "id": 1232, "geometry": {"type": "Point", "coordinates": [6435260.5561, 5668997.156300001]}, "properties": {"OBJECTID": 1232, "COUNT_": 2, "COUNT_FC": 1}}, {"type": "Feature", "id": 1233, "geometry": {"type": "Point", "coordinates": [6431434.0743, 5669022.393799999]}, "properties": {"OBJECTID": 1233, "COUNT_": 1, "COUNT_FC": 1}}, {"type": "Feature", "id": 1234, "geometry": {"type": "Point", "coordinates": [6435152.3161, 5669032.6788]}, "properties": {"OBJECTID": 1234, "COUNT_": 2, "COUNT_FC": 1}}, {"type": "Feature", "id": 1235, "geometry": {"type": "Point", "coordinates": [6438635.3205, 5669107.7908999985]}, "properties": {"OBJECTID": 1235, "COUNT_": 1, "COUNT_FC": 1}}, {"type": "Feature", "id": 1236, "geometry": {"type": "Point", "coordinates": [6435020.7366, 5669112.5353]}, "properties": {"OBJECTID": 1236, "COUNT_": 2, "COUNT_FC": 1}}, {"type": "Feature", "id": 1237, "geometry": {"type": "Point", "coordinates": [6438901.2525, 5669145.2347]}, "properties": {"OBJECTID": 1237, "COUNT_": 1, "COUNT_FC": 1}}, {"type": "Feature", "id": 1238, "geometry": {"type": "Point", "coordinates": [6425959.2987, 5669152.351]}, "properties": {"OBJECTID": 1238, "COUNT_": 1, "COUNT_FC": 1}}, {"type": "Feature", "id": 1239, "geometry": {"type": "Point", "coordinates": [6432350.6968, 5669159.9794]}, "properties": {"OBJECTID": 1239, "COUNT_": 1, "COUNT_FC": 1}}, {"type": "Feature", "id": 1240, "geometry": {"type": "Point", "coordinates": [6432460.9787, 5669162.505699999]}, "properties": {"OBJECTID": 1240, "COUNT_": 1, "COUNT_FC": 1}}, {"type": "Feature", "id": 1241, "geometry": {"type": "Point", "coordinates": [6423636.9527, 5669165.8024]}, "properties": {"OBJECTID": 1241, "COUNT_": 3, "COUNT_FC": 1}}, {"type": "Feature", "id": 1242, "geometry": {"type": "Point", "coordinates": [6438658.616, 5669166.948100001]}, "properties": {"OBJECTID": 1242, "COUNT_": 1, "COUNT_FC": 1}}, {"type": "Feature", "id": 1243, "geometry": {"type": "Point", "coordinates": [6432692.6222, 5669177.8803]}, "properties": {"OBJECTID": 1243, "COUNT_": 2, "COUNT_FC": 1}}, {"type": "Feature", "id": 1244, "geometry": {"type": "Point", "coordinates": [6423389.8738, 5669257.0929000005]}, "properties": {"OBJECTID": 1244, "COUNT_": 5, "COUNT_FC": 1}}, {"type": "Feature", "id": 1245, "geometry": {"type": "Point", "coordinates": [6423389.7899, 5669259.967000001]}, "properties": {"OBJECTID": 1245, "COUNT_": 1, "COUNT_FC": 1}}, {"type": "Feature", "id": 1246, "geometry": {"type": "Point", "coordinates": [6432551.8289, 5669263.759299999]}, "properties": {"OBJECTID": 1246, "COUNT_": 1, "COUNT_FC": 1}}, {"type": "Feature", "id": 1247, "geometry": {"type": "Point", "coordinates": [6438684.6892, 5669314.007200001]}, "properties": {"OBJECTID": 1247, "COUNT_": 7, "COUNT_FC": 1}}, {"type": "Feature", "id": 1248, "geometry": {"type": "Point", "coordinates": [6426669.9309, 5669330.657199999]}, "properties": {"OBJECTID": 1248, "COUNT_": 2, "COUNT_FC": 1}}, {"type": "Feature", "id": 1249, "geometry": {"type": "Point", "coordinates": [6432578.0716, 5669337.073000001]}, "properties": {"OBJECTID": 1249, "COUNT_": 1, "COUNT_FC": 1}}, {"type": "Feature", "id": 1250, "geometry": {"type": "Point", "coordinates": [6426031.6518, 5669402.528100001]}, "properties": {"OBJECTID": 1250, "COUNT_": 1, "COUNT_FC": 1}}, {"type": "Feature", "id": 1251, "geometry": {"type": "Point", "coordinates": [6438734.5834, 5669407.3036]}, "properties": {"OBJECTID": 1251, "COUNT_": 1, "COUNT_FC": 1}}, {"type": "Feature", "id": 1252, "geometry": {"type": "Point", "coordinates": [6438270.1902, 5669417.3937]}, "properties": {"OBJECTID": 1252, "COUNT_": 1, "COUNT_FC": 1}}, {"type": "Feature", "id": 1253, "geometry": {"type": "Point", "coordinates": [6434578.7992, 5669448.6273]}, "properties": {"OBJECTID": 1253, "COUNT_": 2, "COUNT_FC": 1}}, {"type": "Feature", "id": 1254, "geometry": {"type": "Point", "coordinates": [6434576.594, 5669451.4892]}, "properties": {"OBJECTID": 1254, "COUNT_": 1, "COUNT_FC": 1}}, {"type": "Feature", "id": 1255, "geometry": {"type": "Point", "coordinates": [6422940.4666, 5669503.329299999]}, "properties": {"OBJECTID": 1255, "COUNT_": 1, "COUNT_FC": 1}}, {"type": "Feature", "id": 1256, "geometry": {"type": "Point", "coordinates": [6426148.9979, 5669525.407]}, "properties": {"OBJECTID": 1256, "COUNT_": 1, "COUNT_FC": 1}}, {"type": "Feature", "id": 1257, "geometry": {"type": "Point", "coordinates": [6432996.665, 5669526.6819]}, "properties": {"OBJECTID": 1257, "COUNT_": 3, "COUNT_FC": 1}}, {"type": "Feature", "id": 1258, "geometry": {"type": "Point", "coordinates": [6424232.4944, 5669589.834799999]}, "properties": {"OBJECTID": 1258, "COUNT_": 2, "COUNT_FC": 1}}, {"type": "Feature", "id": 1259, "geometry": {"type": "Point", "coordinates": [6433410.9454, 5669599.5438]}, "properties": {"OBJECTID": 1259, "COUNT_": 2, "COUNT_FC": 1}}, {"type": "Feature", "id": 1260, "geometry": {"type": "Point", "coordinates": [6436545.4361, 5669617.644400001]}, "properties": {"OBJECTID": 1260, "COUNT_": 2, "COUNT_FC": 1}}, {"type": "Feature", "id": 1261, "geometry": {"type": "Point", "coordinates": [6431934.8312, 5669622.770400002]}, "properties": {"OBJECTID": 1261, "COUNT_": 1, "COUNT_FC": 1}}, {"type": "Feature", "id": 1262, "geometry": {"type": "Point", "coordinates": [6424456.437, 5669649.196799999]}, "properties": {"OBJECTID": 1262, "COUNT_": 1, "COUNT_FC": 1}}, {"type": "Feature", "id": 1263, "geometry": {"type": "Point", "coordinates": [6440089.9837, 5669659.7303]}, "properties": {"OBJECTID": 1263, "COUNT_": 2, "COUNT_FC": 1}}, {"type": "Feature", "id": 1264, "geometry": {"type": "Point", "coordinates": [6426304.5422, 5669684.6598000005]}, "properties": {"OBJECTID": 1264, "COUNT_": 1, "COUNT_FC": 1}}, {"type": "Feature", "id": 1265, "geometry": {"type": "Point", "coordinates": [6423664.8353, 5669720.418299999]}, "properties": {"OBJECTID": 1265, "COUNT_": 1, "COUNT_FC": 1}}, {"type": "Feature", "id": 1266, "geometry": {"type": "Point", "coordinates": [6426167.9645, 5669724.1861000005]}, "properties": {"OBJECTID": 1266, "COUNT_": 1, "COUNT_FC": 1}}, {"type": "Feature", "id": 1267, "geometry": {"type": "Point", "coordinates": [6431888.427, 5669728.613299999]}, "properties": {"OBJECTID": 1267, "COUNT_": 1, "COUNT_FC": 1}}, {"type": "Feature", "id": 1268, "geometry": {"type": "Point", "coordinates": [6432140.2299, 5669730.493799999]}, "properties": {"OBJECTID": 1268, "COUNT_": 1, "COUNT_FC": 1}}, {"type": "Feature", "id": 1269, "geometry": {"type": "Point", "coordinates": [6424989.8652, 5669756.9377999995]}, "properties": {"OBJECTID": 1269, "COUNT_": 1, "COUNT_FC": 1}}, {"type": "Feature", "id": 1270, "geometry": {"type": "Point", "coordinates": [6439229.3382, 5669757.1015]}, "properties": {"OBJECTID": 1270, "COUNT_": 2, "COUNT_FC": 1}}, {"type": "Feature", "id": 1271, "geometry": {"type": "Point", "coordinates": [6439334.0566, 5669823.460000001]}, "properties": {"OBJECTID": 1271, "COUNT_": 1, "COUNT_FC": 1}}, {"type": "Feature", "id": 1272, "geometry": {"type": "Point", "coordinates": [6437205.0666, 5669832.770300001]}, "properties": {"OBJECTID": 1272, "COUNT_": 1, "COUNT_FC": 1}}, {"type": "Feature", "id": 1273, "geometry": {"type": "Point", "coordinates": [6436663.2863, 5669839.3992]}, "properties": {"OBJECTID": 1273, "COUNT_": 1, "COUNT_FC": 1}}, {"type": "Feature", "id": 1274, "geometry": {"type": "Point", "coordinates": [6432639.6127, 5669845.6521]}, "properties": {"OBJECTID": 1274, "COUNT_": 1, "COUNT_FC": 1}}, {"type": "Feature", "id": 1275, "geometry": {"type": "Point", "coordinates": [6422875.4829, 5669865.175699999]}, "properties": {"OBJECTID": 1275, "COUNT_": 1, "COUNT_FC": 1}}, {"type": "Feature", "id": 1276, "geometry": {"type": "Point", "coordinates": [6424127.5195, 5669878.245100001]}, "properties": {"OBJECTID": 1276, "COUNT_": 1, "COUNT_FC": 1}}, {"type": "Feature", "id": 1277, "geometry": {"type": "Point", "coordinates": [6433694.7829, 5669882.9252]}, "properties": {"OBJECTID": 1277, "COUNT_": 1, "COUNT_FC": 1}}, {"type": "Feature", "id": 1278, "geometry": {"type": "Point", "coordinates": [6431855.5817, 5669899.7282]}, "properties": {"OBJECTID": 1278, "COUNT_": 1, "COUNT_FC": 1}}, {"type": "Feature", "id": 1279, "geometry": {"type": "Point", "coordinates": [6423046.8135, 5669925.2061]}, "properties": {"OBJECTID": 1279, "COUNT_": 3, "COUNT_FC": 1}}, {"type": "Feature", "id": 1280, "geometry": {"type": "Point", "coordinates": [6439913.0384, 5669928.059699999]}, "properties": {"OBJECTID": 1280, "COUNT_": 1, "COUNT_FC": 1}}, {"type": "Feature", "id": 1281, "geometry": {"type": "Point", "coordinates": [6422615.6342, 5669932.176200001]}, "properties": {"OBJECTID": 1281, "COUNT_": 1, "COUNT_FC": 1}}, {"type": "Feature", "id": 1282, "geometry": {"type": "Point", "coordinates": [6437535.3478, 5669933.354900001]}, "properties": {"OBJECTID": 1282, "COUNT_": 1, "COUNT_FC": 1}}, {"type": "Feature", "id": 1283, "geometry": {"type": "Point", "coordinates": [6431742.6575, 5669945.9537]}, "properties": {"OBJECTID": 1283, "COUNT_": 1, "COUNT_FC": 1}}, {"type": "Feature", "id": 1284, "geometry": {"type": "Point", "coordinates": [6438471.0447, 5669949.249299999]}, "properties": {"OBJECTID": 1284, "COUNT_": 1, "COUNT_FC": 1}}, {"type": "Feature", "id": 1285, "geometry": {"type": "Point", "coordinates": [6426892.6645, 5669954.1614999985]}, "properties": {"OBJECTID": 1285, "COUNT_": 1, "COUNT_FC": 1}}, {"type": "Feature", "id": 1286, "geometry": {"type": "Point", "coordinates": [6436975.2717, 5669955.2414]}, "properties": {"OBJECTID": 1286, "COUNT_": 1, "COUNT_FC": 1}}, {"type": "Feature", "id": 1287, "geometry": {"type": "Point", "coordinates": [6439659.1328, 5669958.887599999]}, "properties": {"OBJECTID": 1287, "COUNT_": 2, "COUNT_FC": 1}}, {"type": "Feature", "id": 1288, "geometry": {"type": "Point", "coordinates": [6436866.5276, 5669960.2842]}, "properties": {"OBJECTID": 1288, "COUNT_": 2, "COUNT_FC": 1}}, {"type": "Feature", "id": 1289, "geometry": {"type": "Point", "coordinates": [6436860.1602, 5669961.3478999995]}, "properties": {"OBJECTID": 1289, "COUNT_": 1, "COUNT_FC": 1}}, {"type": "Feature", "id": 1290, "geometry": {"type": "Point", "coordinates": [6436840.8012, 5669970.0055]}, "properties": {"OBJECTID": 1290, "COUNT_": 1, "COUNT_FC": 1}}, {"type": "Feature", "id": 1291, "geometry": {"type": "Point", "coordinates": [6431565.288, 5669971.8752]}, "properties": {"OBJECTID": 1291, "COUNT_": 1, "COUNT_FC": 1}}, {"type": "Feature", "id": 1292, "geometry": {"type": "Point", "coordinates": [6440068.5622, 5669975.2074]}, "properties": {"OBJECTID": 1292, "COUNT_": 1, "COUNT_FC": 1}}, {"type": "Feature", "id": 1293, "geometry": {"type": "Point", "coordinates": [6436993.0979, 5669986.9596]}, "properties": {"OBJECTID": 1293, "COUNT_": 2, "COUNT_FC": 1}}, {"type": "Feature", "id": 1294, "geometry": {"type": "Point", "coordinates": [6438658.6249, 5669989.6216]}, "properties": {"OBJECTID": 1294, "COUNT_": 1, "COUNT_FC": 1}}, {"type": "Feature", "id": 1295, "geometry": {"type": "Point", "coordinates": [6432732.1325, 5669998.7565]}, "properties": {"OBJECTID": 1295, "COUNT_": 1, "COUNT_FC": 1}}, {"type": "Feature", "id": 1296, "geometry": {"type": "Point", "coordinates": [6438548.1837, 5670010.474099999]}, "properties": {"OBJECTID": 1296, "COUNT_": 1, "COUNT_FC": 1}}, {"type": "Feature", "id": 1297, "geometry": {"type": "Point", "coordinates": [6438827.8765, 5670029.7422]}, "properties": {"OBJECTID": 1297, "COUNT_": 1, "COUNT_FC": 1}}, {"type": "Feature", "id": 1298, "geometry": {"type": "Point", "coordinates": [6424066.7723, 5670039.964400001]}, "properties": {"OBJECTID": 1298, "COUNT_": 1, "COUNT_FC": 1}}, {"type": "Feature", "id": 1299, "geometry": {"type": "Point", "coordinates": [6433784.0554, 5670040.207]}, "properties": {"OBJECTID": 1299, "COUNT_": 1, "COUNT_FC": 1}}, {"type": "Feature", "id": 1300, "geometry": {"type": "Point", "coordinates": [6438894.8954, 5670052.510600002]}, "properties": {"OBJECTID": 1300, "COUNT_": 1, "COUNT_FC": 1}}, {"type": "Feature", "id": 1301, "geometry": {"type": "Point", "coordinates": [6440086.1082, 5670053.6493999995]}, "properties": {"OBJECTID": 1301, "COUNT_": 1, "COUNT_FC": 1}}, {"type": "Feature", "id": 1302, "geometry": {"type": "Point", "coordinates": [6438857.7176, 5670054.8695]}, "properties": {"OBJECTID": 1302, "COUNT_": 1, "COUNT_FC": 1}}, {"type": "Feature", "id": 1303, "geometry": {"type": "Point", "coordinates": [6438715.628, 5670075.3125]}, "properties": {"OBJECTID": 1303, "COUNT_": 1, "COUNT_FC": 1}}, {"type": "Feature", "id": 1304, "geometry": {"type": "Point", "coordinates": [6424569.5406, 5670092.5801]}, "properties": {"OBJECTID": 1304, "COUNT_": 1, "COUNT_FC": 1}}, {"type": "Feature", "id": 1305, "geometry": {"type": "Point", "coordinates": [6437149.7306, 5670093.184]}, "properties": {"OBJECTID": 1305, "COUNT_": 1, "COUNT_FC": 1}}, {"type": "Feature", "id": 1306, "geometry": {"type": "Point", "coordinates": [6437106.7158, 5670117.6306]}, "properties": {"OBJECTID": 1306, "COUNT_": 2, "COUNT_FC": 1}}, {"type": "Feature", "id": 1307, "geometry": {"type": "Point", "coordinates": [6436724.6657, 5670128.4541]}, "properties": {"OBJECTID": 1307, "COUNT_": 2, "COUNT_FC": 1}}, {"type": "Feature", "id": 1308, "geometry": {"type": "Point", "coordinates": [6437079.3222, 5670148.008]}, "properties": {"OBJECTID": 1308, "COUNT_": 1, "COUNT_FC": 1}}, {"type": "Feature", "id": 1309, "geometry": {"type": "Point", "coordinates": [6433506.6542, 5670151.5704]}, "properties": {"OBJECTID": 1309, "COUNT_": 7, "COUNT_FC": 1}}, {"type": "Feature", "id": 1310, "geometry": {"type": "Point", "coordinates": [6425576.5472, 5670190.286]}, "properties": {"OBJECTID": 1310, "COUNT_": 3, "COUNT_FC": 1}}, {"type": "Feature", "id": 1311, "geometry": {"type": "Point", "coordinates": [6422519.786, 5670230.6031]}, "properties": {"OBJECTID": 1311, "COUNT_": 1, "COUNT_FC": 1}}, {"type": "Feature", "id": 1312, "geometry": {"type": "Point", "coordinates": [6421828.0481, 5670232.225800001]}, "properties": {"OBJECTID": 1312, "COUNT_": 2, "COUNT_FC": 1}}, {"type": "Feature", "id": 1313, "geometry": {"type": "Point", "coordinates": [6430534.8826, 5670261.1954]}, "properties": {"OBJECTID": 1313, "COUNT_": 1, "COUNT_FC": 1}}, {"type": "Feature", "id": 1314, "geometry": {"type": "Point", "coordinates": [6431195.5234, 5670283.899900001]}, "properties": {"OBJECTID": 1314, "COUNT_": 7, "COUNT_FC": 1}}, {"type": "Feature", "id": 1315, "geometry": {"type": "Point", "coordinates": [6439756.07, 5670300.922100001]}, "properties": {"OBJECTID": 1315, "COUNT_": 1, "COUNT_FC": 1}}, {"type": "Feature", "id": 1316, "geometry": {"type": "Point", "coordinates": [6423789.3096, 5670309.563200001]}, "properties": {"OBJECTID": 1316, "COUNT_": 1, "COUNT_FC": 1}}, {"type": "Feature", "id": 1317, "geometry": {"type": "Point", "coordinates": [6436335.9987, 5670324.2896]}, "properties": {"OBJECTID": 1317, "COUNT_": 1, "COUNT_FC": 1}}, {"type": "Feature", "id": 1318, "geometry": {"type": "Point", "coordinates": [6436753.3879, 5670342.7938]}, "properties": {"OBJECTID": 1318, "COUNT_": 1, "COUNT_FC": 1}}, {"type": "Feature", "id": 1319, "geometry": {"type": "Point", "coordinates": [6422572.5892, 5670346.4065000005]}, "properties": {"OBJECTID": 1319, "COUNT_": 1, "COUNT_FC": 1}}, {"type": "Feature", "id": 1320, "geometry": {"type": "Point", "coordinates": [6437461.4178, 5670351.5187]}, "properties": {"OBJECTID": 1320, "COUNT_": 1, "COUNT_FC": 1}}, {"type": "Feature", "id": 1321, "geometry": {"type": "Point", "coordinates": [6436691.864, 5670361.8912]}, "properties": {"OBJECTID": 1321, "COUNT_": 1, "COUNT_FC": 1}}, {"type": "Feature", "id": 1322, "geometry": {"type": "Point", "coordinates": [6424012.4624, 5670364.3619]}, "properties": {"OBJECTID": 1322, "COUNT_": 1, "COUNT_FC": 1}}, {"type": "Feature", "id": 1323, "geometry": {"type": "Point", "coordinates": [6439044.6063, 5670371.1503]}, "properties": {"OBJECTID": 1323, "COUNT_": 1, "COUNT_FC": 1}}, {"type": "Feature", "id": 1324, "geometry": {"type": "Point", "coordinates": [6429396.2319, 5670375.5976]}, "properties": {"OBJECTID": 1324, "COUNT_": 1, "COUNT_FC": 1}}, {"type": "Feature", "id": 1325, "geometry": {"type": "Point", "coordinates": [6439028.6067, 5670380.158]}, "properties": {"OBJECTID": 1325, "COUNT_": 1, "COUNT_FC": 1}}, {"type": "Feature", "id": 1326, "geometry": {"type": "Point", "coordinates": [6422535.6598, 5670383.967700001]}, "properties": {"OBJECTID": 1326, "COUNT_": 1, "COUNT_FC": 1}}, {"type": "Feature", "id": 1327, "geometry": {"type": "Point", "coordinates": [6423726.8631, 5670401.905200001]}, "properties": {"OBJECTID": 1327, "COUNT_": 1, "COUNT_FC": 1}}, {"type": "Feature", "id": 1328, "geometry": {"type": "Point", "coordinates": [6432274.9765, 5670403.858200001]}, "properties": {"OBJECTID": 1328, "COUNT_": 2, "COUNT_FC": 1}}, {"type": "Feature", "id": 1329, "geometry": {"type": "Point", "coordinates": [6430723.174, 5670418.6931]}, "properties": {"OBJECTID": 1329, "COUNT_": 1, "COUNT_FC": 1}}, {"type": "Feature", "id": 1330, "geometry": {"type": "Point", "coordinates": [6422598.0976, 5670419.5152]}, "properties": {"OBJECTID": 1330, "COUNT_": 1, "COUNT_FC": 1}}, {"type": "Feature", "id": 1331, "geometry": {"type": "Point", "coordinates": [6431052.08, 5670422.7190000005]}, "properties": {"OBJECTID": 1331, "COUNT_": 1, "COUNT_FC": 1}}, {"type": "Feature", "id": 1332, "geometry": {"type": "Point", "coordinates": [6436810.4986, 5670433.1292]}, "properties": {"OBJECTID": 1332, "COUNT_": 1, "COUNT_FC": 1}}, {"type": "Feature", "id": 1333, "geometry": {"type": "Point", "coordinates": [6431251.9629, 5670458.3969]}, "properties": {"OBJECTID": 1333, "COUNT_": 1, "COUNT_FC": 1}}, {"type": "Feature", "id": 1334, "geometry": {"type": "Point", "coordinates": [6425453.4079, 5670470.0955]}, "properties": {"OBJECTID": 1334, "COUNT_": 4, "COUNT_FC": 1}}, {"type": "Feature", "id": 1335, "geometry": {"type": "Point", "coordinates": [6439483.2138, 5670470.6106]}, "properties": {"OBJECTID": 1335, "COUNT_": 1, "COUNT_FC": 1}}, {"type": "Feature", "id": 1336, "geometry": {"type": "Point", "coordinates": [6427871.9785, 5670471.4388999995]}, "properties": {"OBJECTID": 1336, "COUNT_": 1, "COUNT_FC": 1}}, {"type": "Feature", "id": 1337, "geometry": {"type": "Point", "coordinates": [6430876.7893, 5670483.385600001]}, "properties": {"OBJECTID": 1337, "COUNT_": 2, "COUNT_FC": 1}}, {"type": "Feature", "id": 1338, "geometry": {"type": "Point", "coordinates": [6422400.9996, 5670500.4748]}, "properties": {"OBJECTID": 1338, "COUNT_": 1, "COUNT_FC": 1}}, {"type": "Feature", "id": 1339, "geometry": {"type": "Point", "coordinates": [6439278.0588, 5670508.359200001]}, "properties": {"OBJECTID": 1339, "COUNT_": 1, "COUNT_FC": 1}}, {"type": "Feature", "id": 1340, "geometry": {"type": "Point", "coordinates": [6437338.3417, 5670509.377900001]}, "properties": {"OBJECTID": 1340, "COUNT_": 1, "COUNT_FC": 1}}, {"type": "Feature", "id": 1341, "geometry": {"type": "Point", "coordinates": [6439573.4089, 5670513.311799999]}, "properties": {"OBJECTID": 1341, "COUNT_": 1, "COUNT_FC": 1}}, {"type": "Feature", "id": 1342, "geometry": {"type": "Point", "coordinates": [6439290.7245, 5670540.740900001]}, "properties": {"OBJECTID": 1342, "COUNT_": 1, "COUNT_FC": 1}}, {"type": "Feature", "id": 1343, "geometry": {"type": "Point", "coordinates": [6427643.2364, 5670552.783399999]}, "properties": {"OBJECTID": 1343, "COUNT_": 1, "COUNT_FC": 1}}, {"type": "Feature", "id": 1344, "geometry": {"type": "Point", "coordinates": [6439691.3508, 5670556.728499999]}, "properties": {"OBJECTID": 1344, "COUNT_": 1, "COUNT_FC": 1}}, {"type": "Feature", "id": 1345, "geometry": {"type": "Point", "coordinates": [6439302.5613, 5670559.5002999995]}, "properties": {"OBJECTID": 1345, "COUNT_": 2, "COUNT_FC": 1}}, {"type": "Feature", "id": 1346, "geometry": {"type": "Point", "coordinates": [6439142.9086, 5670572.049699999]}, "properties": {"OBJECTID": 1346, "COUNT_": 2, "COUNT_FC": 1}}, {"type": "Feature", "id": 1347, "geometry": {"type": "Point", "coordinates": [6436775.6513, 5670580.050000001]}, "properties": {"OBJECTID": 1347, "COUNT_": 1, "COUNT_FC": 1}}, {"type": "Feature", "id": 1348, "geometry": {"type": "Point", "coordinates": [6439522.1495, 5670584.3243]}, "properties": {"OBJECTID": 1348, "COUNT_": 1, "COUNT_FC": 1}}, {"type": "Feature", "id": 1349, "geometry": {"type": "Point", "coordinates": [6439317.3427, 5670586.4257]}, "properties": {"OBJECTID": 1349, "COUNT_": 2, "COUNT_FC": 1}}, {"type": "Feature", "id": 1350, "geometry": {"type": "Point", "coordinates": [6437613.108, 5670593.8585]}, "properties": {"OBJECTID": 1350, "COUNT_": 1, "COUNT_FC": 1}}, {"type": "Feature", "id": 1351, "geometry": {"type": "Point", "coordinates": [6437582.2003, 5670607.639900001]}, "properties": {"OBJECTID": 1351, "COUNT_": 1, "COUNT_FC": 1}}, {"type": "Feature", "id": 1352, "geometry": {"type": "Point", "coordinates": [6439684.0191, 5670621.1291000005]}, "properties": {"OBJECTID": 1352, "COUNT_": 1, "COUNT_FC": 1}}, {"type": "Feature", "id": 1353, "geometry": {"type": "Point", "coordinates": [6433225.225, 5670624.1797]}, "properties": {"OBJECTID": 1353, "COUNT_": 1, "COUNT_FC": 1}}, {"type": "Feature", "id": 1354, "geometry": {"type": "Point", "coordinates": [6439386.2531, 5670648.6997]}, "properties": {"OBJECTID": 1354, "COUNT_": 1, "COUNT_FC": 1}}, {"type": "Feature", "id": 1355, "geometry": {"type": "Point", "coordinates": [6439431.9767, 5670654.5035999995]}, "properties": {"OBJECTID": 1355, "COUNT_": 1, "COUNT_FC": 1}}, {"type": "Feature", "id": 1356, "geometry": {"type": "Point", "coordinates": [6439462.4732, 5670663.9211]}, "properties": {"OBJECTID": 1356, "COUNT_": 1, "COUNT_FC": 1}}, {"type": "Feature", "id": 1357, "geometry": {"type": "Point", "coordinates": [6436434.8408, 5670676.009400001]}, "properties": {"OBJECTID": 1357, "COUNT_": 1, "COUNT_FC": 1}}, {"type": "Feature", "id": 1358, "geometry": {"type": "Point", "coordinates": [6439481.0472, 5670676.181]}, "properties": {"OBJECTID": 1358, "COUNT_": 1, "COUNT_FC": 1}}, {"type": "Feature", "id": 1359, "geometry": {"type": "Point", "coordinates": [6439197.2168, 5670686.132300001]}, "properties": {"OBJECTID": 1359, "COUNT_": 1, "COUNT_FC": 1}}, {"type": "Feature", "id": 1360, "geometry": {"type": "Point", "coordinates": [6423421.5187, 5670698.5711]}, "properties": {"OBJECTID": 1360, "COUNT_": 4, "COUNT_FC": 1}}, {"type": "Feature", "id": 1361, "geometry": {"type": "Point", "coordinates": [6437050.5867, 5670734.2179000005]}, "properties": {"OBJECTID": 1361, "COUNT_": 1, "COUNT_FC": 1}}, {"type": "Feature", "id": 1362, "geometry": {"type": "Point", "coordinates": [6424297.3517, 5670736.1154]}, "properties": {"OBJECTID": 1362, "COUNT_": 2, "COUNT_FC": 1}}, {"type": "Feature", "id": 1363, "geometry": {"type": "Point", "coordinates": [6428050.4316, 5670737.3475]}, "properties": {"OBJECTID": 1363, "COUNT_": 1, "COUNT_FC": 1}}, {"type": "Feature", "id": 1364, "geometry": {"type": "Point", "coordinates": [6439578.5043, 5670756.9363]}, "properties": {"OBJECTID": 1364, "COUNT_": 1, "COUNT_FC": 1}}, {"type": "Feature", "id": 1365, "geometry": {"type": "Point", "coordinates": [6433144.2886, 5670762.079700001]}, "properties": {"OBJECTID": 1365, "COUNT_": 1, "COUNT_FC": 1}}, {"type": "Feature", "id": 1366, "geometry": {"type": "Point", "coordinates": [6436566.8347, 5670766.204500001]}, "properties": {"OBJECTID": 1366, "COUNT_": 1, "COUNT_FC": 1}}, {"type": "Feature", "id": 1367, "geometry": {"type": "Point", "coordinates": [6439246.4306, 5670770.1895]}, "properties": {"OBJECTID": 1367, "COUNT_": 1, "COUNT_FC": 1}}, {"type": "Feature", "id": 1368, "geometry": {"type": "Point", "coordinates": [6439663.0686, 5670783.886700001]}, "properties": {"OBJECTID": 1368, "COUNT_": 2, "COUNT_FC": 1}}, {"type": "Feature", "id": 1369, "geometry": {"type": "Point", "coordinates": [6439592.7336, 5670800.6514]}, "properties": {"OBJECTID": 1369, "COUNT_": 1, "COUNT_FC": 1}}, {"type": "Feature", "id": 1370, "geometry": {"type": "Point", "coordinates": [6423955.4532, 5670801.242699999]}, "properties": {"OBJECTID": 1370, "COUNT_": 1, "COUNT_FC": 1}}, {"type": "Feature", "id": 1371, "geometry": {"type": "Point", "coordinates": [6440099.3745, 5670806.9935]}, "properties": {"OBJECTID": 1371, "COUNT_": 3, "COUNT_FC": 1}}, {"type": "Feature", "id": 1372, "geometry": {"type": "Point", "coordinates": [6432931.6644, 5670809.854]}, "properties": {"OBJECTID": 1372, "COUNT_": 1, "COUNT_FC": 1}}, {"type": "Feature", "id": 1373, "geometry": {"type": "Point", "coordinates": [6439751.8647, 5670817.465500001]}, "properties": {"OBJECTID": 1373, "COUNT_": 1, "COUNT_FC": 1}}, {"type": "Feature", "id": 1374, "geometry": {"type": "Point", "coordinates": [6439778.7575, 5670819.2402]}, "properties": {"OBJECTID": 1374, "COUNT_": 2, "COUNT_FC": 1}}, {"type": "Feature", "id": 1375, "geometry": {"type": "Point", "coordinates": [6439273.4999, 5670828.013200001]}, "properties": {"OBJECTID": 1375, "COUNT_": 1, "COUNT_FC": 1}}, {"type": "Feature", "id": 1376, "geometry": {"type": "Point", "coordinates": [6425376.2124, 5670830.8082]}, "properties": {"OBJECTID": 1376, "COUNT_": 1, "COUNT_FC": 1}}, {"type": "Feature", "id": 1377, "geometry": {"type": "Point", "coordinates": [6436373.9817, 5670852.6938000005]}, "properties": {"OBJECTID": 1377, "COUNT_": 1, "COUNT_FC": 1}}, {"type": "Feature", "id": 1378, "geometry": {"type": "Point", "coordinates": [6439289.4781, 5670853.1008]}, "properties": {"OBJECTID": 1378, "COUNT_": 1, "COUNT_FC": 1}}, {"type": "Feature", "id": 1379, "geometry": {"type": "Point", "coordinates": [6435836.3505, 5670866.8906999985]}, "properties": {"OBJECTID": 1379, "COUNT_": 1, "COUNT_FC": 1}}, {"type": "Feature", "id": 1380, "geometry": {"type": "Point", "coordinates": [6439446.2571, 5670869.6281]}, "properties": {"OBJECTID": 1380, "COUNT_": 1, "COUNT_FC": 1}}, {"type": "Feature", "id": 1381, "geometry": {"type": "Point", "coordinates": [6429902.6398, 5670891.585700001]}, "properties": {"OBJECTID": 1381, "COUNT_": 4, "COUNT_FC": 1}}, {"type": "Feature", "id": 1382, "geometry": {"type": "Point", "coordinates": [6430353.5243, 5670904.873299999]}, "properties": {"OBJECTID": 1382, "COUNT_": 1, "COUNT_FC": 1}}, {"type": "Feature", "id": 1383, "geometry": {"type": "Point", "coordinates": [6439318.9823, 5670906.126800001]}, "properties": {"OBJECTID": 1383, "COUNT_": 2, "COUNT_FC": 1}}, {"type": "Feature", "id": 1384, "geometry": {"type": "Point", "coordinates": [6439808.4746, 5670911.991499999]}, "properties": {"OBJECTID": 1384, "COUNT_": 1, "COUNT_FC": 1}}, {"type": "Feature", "id": 1385, "geometry": {"type": "Point", "coordinates": [6424102.5367, 5670915.5945999995]}, "properties": {"OBJECTID": 1385, "COUNT_": 1, "COUNT_FC": 1}}, {"type": "Feature", "id": 1386, "geometry": {"type": "Point", "coordinates": [6439266.5989, 5670917.2346]}, "properties": {"OBJECTID": 1386, "COUNT_": 1, "COUNT_FC": 1}}, {"type": "Feature", "id": 1387, "geometry": {"type": "Point", "coordinates": [6423110.0036, 5670918.612600001]}, "properties": {"OBJECTID": 1387, "COUNT_": 1, "COUNT_FC": 1}}, {"type": "Feature", "id": 1388, "geometry": {"type": "Point", "coordinates": [6431833.2206, 5670919.517899999]}, "properties": {"OBJECTID": 1388, "COUNT_": 1, "COUNT_FC": 1}}, {"type": "Feature", "id": 1389, "geometry": {"type": "Point", "coordinates": [6431918.2758, 5670924.3794]}, "properties": {"OBJECTID": 1389, "COUNT_": 3, "COUNT_FC": 1}}, {"type": "Feature", "id": 1390, "geometry": {"type": "Point", "coordinates": [6430857.6338, 5670938.1635]}, "properties": {"OBJECTID": 1390, "COUNT_": 2, "COUNT_FC": 1}}, {"type": "Feature", "id": 1391, "geometry": {"type": "Point", "coordinates": [6439716.5693, 5670945.426100001]}, "properties": {"OBJECTID": 1391, "COUNT_": 1, "COUNT_FC": 1}}, {"type": "Feature", "id": 1392, "geometry": {"type": "Point", "coordinates": [6430221.1352, 5670966.4041]}, "properties": {"OBJECTID": 1392, "COUNT_": 1, "COUNT_FC": 1}}, {"type": "Feature", "id": 1393, "geometry": {"type": "Point", "coordinates": [6439656.1559, 5670991.0547]}, "properties": {"OBJECTID": 1393, "COUNT_": 1, "COUNT_FC": 1}}, {"type": "Feature", "id": 1394, "geometry": {"type": "Point", "coordinates": [6439761.1084, 5670997.243799999]}, "properties": {"OBJECTID": 1394, "COUNT_": 1, "COUNT_FC": 1}}, {"type": "Feature", "id": 1395, "geometry": {"type": "Point", "coordinates": [6437006.6779, 5671004.153100001]}, "properties": {"OBJECTID": 1395, "COUNT_": 1, "COUNT_FC": 1}}, {"type": "Feature", "id": 1396, "geometry": {"type": "Point", "coordinates": [6436771.1353, 5671020.193299999]}, "properties": {"OBJECTID": 1396, "COUNT_": 1, "COUNT_FC": 1}}, {"type": "Feature", "id": 1397, "geometry": {"type": "Point", "coordinates": [6439583.4507, 5671022.632999999]}, "properties": {"OBJECTID": 1397, "COUNT_": 2, "COUNT_FC": 1}}, {"type": "Feature", "id": 1398, "geometry": {"type": "Point", "coordinates": [6439667.7918, 5671029.623400002]}, "properties": {"OBJECTID": 1398, "COUNT_": 1, "COUNT_FC": 1}}, {"type": "Feature", "id": 1399, "geometry": {"type": "Point", "coordinates": [6424296.3802, 5671051.0846]}, "properties": {"OBJECTID": 1399, "COUNT_": 1, "COUNT_FC": 1}}, {"type": "Feature", "id": 1400, "geometry": {"type": "Point", "coordinates": [6432065.8179, 5671059.585200001]}, "properties": {"OBJECTID": 1400, "COUNT_": 2, "COUNT_FC": 1}}, {"type": "Feature", "id": 1401, "geometry": {"type": "Point", "coordinates": [6437023.7637, 5671062.1777]}, "properties": {"OBJECTID": 1401, "COUNT_": 1, "COUNT_FC": 1}}, {"type": "Feature", "id": 1402, "geometry": {"type": "Point", "coordinates": [6437167.0133, 5671083.801100001]}, "properties": {"OBJECTID": 1402, "COUNT_": 1, "COUNT_FC": 1}}, {"type": "Feature", "id": 1403, "geometry": {"type": "Point", "coordinates": [6423054.5462, 5671084.723200001]}, "properties": {"OBJECTID": 1403, "COUNT_": 3, "COUNT_FC": 1}}, {"type": "Feature", "id": 1404, "geometry": {"type": "Point", "coordinates": [6437170.5853, 5671093.902899999]}, "properties": {"OBJECTID": 1404, "COUNT_": 1, "COUNT_FC": 1}}, {"type": "Feature", "id": 1405, "geometry": {"type": "Point", "coordinates": [6437033.7609, 5671096.6664]}, "properties": {"OBJECTID": 1405, "COUNT_": 2, "COUNT_FC": 1}}, {"type": "Feature", "id": 1406, "geometry": {"type": "Point", "coordinates": [6439876.035, 5671112.5602]}, "properties": {"OBJECTID": 1406, "COUNT_": 2, "COUNT_FC": 1}}, {"type": "Feature", "id": 1407, "geometry": {"type": "Point", "coordinates": [6439515.9206, 5671112.7371000005]}, "properties": {"OBJECTID": 1407, "COUNT_": 1, "COUNT_FC": 1}}, {"type": "Feature", "id": 1408, "geometry": {"type": "Point", "coordinates": [6439638.0722, 5671118.2983]}, "properties": {"OBJECTID": 1408, "COUNT_": 1, "COUNT_FC": 1}}, {"type": "Feature", "id": 1409, "geometry": {"type": "Point", "coordinates": [6422941.556, 5671137.0879999995]}, "properties": {"OBJECTID": 1409, "COUNT_": 11, "COUNT_FC": 1}}, {"type": "Feature", "id": 1410, "geometry": {"type": "Point", "coordinates": [6422934.454, 5671140.1579]}, "properties": {"OBJECTID": 1410, "COUNT_": 1, "COUNT_FC": 1}}, {"type": "Feature", "id": 1411, "geometry": {"type": "Point", "coordinates": [6422935.4049, 5671141.7146000005]}, "properties": {"OBJECTID": 1411, "COUNT_": 4, "COUNT_FC": 1}}, {"type": "Feature", "id": 1412, "geometry": {"type": "Point", "coordinates": [6437045.1198, 5671151.2192]}, "properties": {"OBJECTID": 1412, "COUNT_": 1, "COUNT_FC": 1}}, {"type": "Feature", "id": 1413, "geometry": {"type": "Point", "coordinates": [6439721.4731, 5671176.451199999]}, "properties": {"OBJECTID": 1413, "COUNT_": 1, "COUNT_FC": 1}}, {"type": "Feature", "id": 1414, "geometry": {"type": "Point", "coordinates": [6430459.5467, 5671180.4383000005]}, "properties": {"OBJECTID": 1414, "COUNT_": 1, "COUNT_FC": 1}}, {"type": "Feature", "id": 1415, "geometry": {"type": "Point", "coordinates": [6439904.2329, 5671195.420600001]}, "properties": {"OBJECTID": 1415, "COUNT_": 1, "COUNT_FC": 1}}, {"type": "Feature", "id": 1416, "geometry": {"type": "Point", "coordinates": [6424816.5742, 5671204.341600001]}, "properties": {"OBJECTID": 1416, "COUNT_": 1, "COUNT_FC": 1}}, {"type": "Feature", "id": 1417, "geometry": {"type": "Point", "coordinates": [6422950.9487, 5671208.5572]}, "properties": {"OBJECTID": 1417, "COUNT_": 7, "COUNT_FC": 1}}, {"type": "Feature", "id": 1418, "geometry": {"type": "Point", "coordinates": [6439730.4121, 5671221.8477]}, "properties": {"OBJECTID": 1418, "COUNT_": 1, "COUNT_FC": 1}}, {"type": "Feature", "id": 1419, "geometry": {"type": "Point", "coordinates": [6429833.0398, 5671234.333000001]}, "properties": {"OBJECTID": 1419, "COUNT_": 1, "COUNT_FC": 1}}, {"type": "Feature", "id": 1420, "geometry": {"type": "Point", "coordinates": [6437499.7962, 5671241.6765]}, "properties": {"OBJECTID": 1420, "COUNT_": 2, "COUNT_FC": 1}}, {"type": "Feature", "id": 1421, "geometry": {"type": "Point", "coordinates": [6430343.5811, 5671251.713400001]}, "properties": {"OBJECTID": 1421, "COUNT_": 1, "COUNT_FC": 1}}, {"type": "Feature", "id": 1422, "geometry": {"type": "Point", "coordinates": [6427134.8084, 5671255.044500001]}, "properties": {"OBJECTID": 1422, "COUNT_": 1, "COUNT_FC": 1}}, {"type": "Feature", "id": 1423, "geometry": {"type": "Point", "coordinates": [6436569.6485, 5671274.251499999]}, "properties": {"OBJECTID": 1423, "COUNT_": 14, "COUNT_FC": 1}}, {"type": "Feature", "id": 1424, "geometry": {"type": "Point", "coordinates": [6439931.0991, 5671277.6249]}, "properties": {"OBJECTID": 1424, "COUNT_": 1, "COUNT_FC": 1}}, {"type": "Feature", "id": 1425, "geometry": {"type": "Point", "coordinates": [6423002.7384, 5671288.120999999]}, "properties": {"OBJECTID": 1425, "COUNT_": 1, "COUNT_FC": 1}}, {"type": "Feature", "id": 1426, "geometry": {"type": "Point", "coordinates": [6439708.8289, 5671332.1237]}, "properties": {"OBJECTID": 1426, "COUNT_": 1, "COUNT_FC": 1}}, {"type": "Feature", "id": 1427, "geometry": {"type": "Point", "coordinates": [6437301.4227, 5671339.0375]}, "properties": {"OBJECTID": 1427, "COUNT_": 1, "COUNT_FC": 1}}, {"type": "Feature", "id": 1428, "geometry": {"type": "Point", "coordinates": [6421816.3776, 5671346.723099999]}, "properties": {"OBJECTID": 1428, "COUNT_": 2, "COUNT_FC": 1}}, {"type": "Feature", "id": 1429, "geometry": {"type": "Point", "coordinates": [6422273.7861, 5671349.888900001]}, "properties": {"OBJECTID": 1429, "COUNT_": 2, "COUNT_FC": 1}}, {"type": "Feature", "id": 1430, "geometry": {"type": "Point", "coordinates": [6422222.3694, 5671350.525599999]}, "properties": {"OBJECTID": 1430, "COUNT_": 1, "COUNT_FC": 1}}, {"type": "Feature", "id": 1431, "geometry": {"type": "Point", "coordinates": [6439960.6267, 5671368.791200001]}, "properties": {"OBJECTID": 1431, "COUNT_": 1, "COUNT_FC": 1}}, {"type": "Feature", "id": 1432, "geometry": {"type": "Point", "coordinates": [6432154.9263, 5671371.764900001]}, "properties": {"OBJECTID": 1432, "COUNT_": 1, "COUNT_FC": 1}}, {"type": "Feature", "id": 1433, "geometry": {"type": "Point", "coordinates": [6439636.8562, 5671393.605799999]}, "properties": {"OBJECTID": 1433, "COUNT_": 4, "COUNT_FC": 1}}, {"type": "Feature", "id": 1434, "geometry": {"type": "Point", "coordinates": [6436314.8073, 5671418.840399999]}, "properties": {"OBJECTID": 1434, "COUNT_": 1, "COUNT_FC": 1}}, {"type": "Feature", "id": 1435, "geometry": {"type": "Point", "coordinates": [6431373.3962, 5671421.1437]}, "properties": {"OBJECTID": 1435, "COUNT_": 1, "COUNT_FC": 1}}, {"type": "Feature", "id": 1436, "geometry": {"type": "Point", "coordinates": [6429717.4344, 5671433.058800001]}, "properties": {"OBJECTID": 1436, "COUNT_": 1, "COUNT_FC": 1}}, {"type": "Feature", "id": 1437, "geometry": {"type": "Point", "coordinates": [6422918.4459, 5671492.8629]}, "properties": {"OBJECTID": 1437, "COUNT_": 1, "COUNT_FC": 1}}, {"type": "Feature", "id": 1438, "geometry": {"type": "Point", "coordinates": [6440005.278, 5671505.477100001]}, "properties": {"OBJECTID": 1438, "COUNT_": 1, "COUNT_FC": 1}}, {"type": "Feature", "id": 1439, "geometry": {"type": "Point", "coordinates": [6424011.8756, 5671516.242799999]}, "properties": {"OBJECTID": 1439, "COUNT_": 1, "COUNT_FC": 1}}, {"type": "Feature", "id": 1440, "geometry": {"type": "Point", "coordinates": [6430659.2705, 5671565.578600001]}, "properties": {"OBJECTID": 1440, "COUNT_": 1, "COUNT_FC": 1}}, {"type": "Feature", "id": 1441, "geometry": {"type": "Point", "coordinates": [6423621.9299, 5671583.789999999]}, "properties": {"OBJECTID": 1441, "COUNT_": 1, "COUNT_FC": 1}}, {"type": "Feature", "id": 1442, "geometry": {"type": "Point", "coordinates": [6430568.4639, 5671584.8824000005]}, "properties": {"OBJECTID": 1442, "COUNT_": 1, "COUNT_FC": 1}}, {"type": "Feature", "id": 1443, "geometry": {"type": "Point", "coordinates": [6430277.7552, 5671637.0799]}, "properties": {"OBJECTID": 1443, "COUNT_": 5, "COUNT_FC": 1}}, {"type": "Feature", "id": 1444, "geometry": {"type": "Point", "coordinates": [6422558.4678, 5671654.015799999]}, "properties": {"OBJECTID": 1444, "COUNT_": 1, "COUNT_FC": 1}}, {"type": "Feature", "id": 1445, "geometry": {"type": "Point", "coordinates": [6426902.8148, 5671676.860099999]}, "properties": {"OBJECTID": 1445, "COUNT_": 1, "COUNT_FC": 1}}, {"type": "Feature", "id": 1446, "geometry": {"type": "Point", "coordinates": [6430776.496, 5671696.535700001]}, "properties": {"OBJECTID": 1446, "COUNT_": 1, "COUNT_FC": 1}}, {"type": "Feature", "id": 1447, "geometry": {"type": "Point", "coordinates": [6426910.537, 5671741.4614]}, "properties": {"OBJECTID": 1447, "COUNT_": 1, "COUNT_FC": 1}}, {"type": "Feature", "id": 1448, "geometry": {"type": "Point", "coordinates": [6430533.4829, 5671776.2161]}, "properties": {"OBJECTID": 1448, "COUNT_": 1, "COUNT_FC": 1}}, {"type": "Feature", "id": 1449, "geometry": {"type": "Point", "coordinates": [6423852.0074, 5671852.6938000005]}, "properties": {"OBJECTID": 1449, "COUNT_": 3, "COUNT_FC": 1}}, {"type": "Feature", "id": 1450, "geometry": {"type": "Point", "coordinates": [6430419.7864, 5671878.3555]}, "properties": {"OBJECTID": 1450, "COUNT_": 1, "COUNT_FC": 1}}, {"type": "Feature", "id": 1451, "geometry": {"type": "Point", "coordinates": [6424253.5072, 5671891.0472]}, "properties": {"OBJECTID": 1451, "COUNT_": 3, "COUNT_FC": 1}}, {"type": "Feature", "id": 1452, "geometry": {"type": "Point", "coordinates": [6418039.344, 5671915.464500001]}, "properties": {"OBJECTID": 1452, "COUNT_": 1, "COUNT_FC": 1}}, {"type": "Feature", "id": 1453, "geometry": {"type": "Point", "coordinates": [6430424.3947, 5671916.149]}, "properties": {"OBJECTID": 1453, "COUNT_": 1, "COUNT_FC": 1}}, {"type": "Feature", "id": 1454, "geometry": {"type": "Point", "coordinates": [6423456.0052, 5671936.853399999]}, "properties": {"OBJECTID": 1454, "COUNT_": 1, "COUNT_FC": 1}}, {"type": "Feature", "id": 1455, "geometry": {"type": "Point", "coordinates": [6423362.0304, 5671946.4013]}, "properties": {"OBJECTID": 1455, "COUNT_": 1, "COUNT_FC": 1}}, {"type": "Feature", "id": 1456, "geometry": {"type": "Point", "coordinates": [6426751.4075, 5671962.3683]}, "properties": {"OBJECTID": 1456, "COUNT_": 1, "COUNT_FC": 1}}, {"type": "Feature", "id": 1457, "geometry": {"type": "Point", "coordinates": [6429803.4214, 5671977.5083]}, "properties": {"OBJECTID": 1457, "COUNT_": 2, "COUNT_FC": 1}}, {"type": "Feature", "id": 1458, "geometry": {"type": "Point", "coordinates": [6424322.6657, 5671992.918299999]}, "properties": {"OBJECTID": 1458, "COUNT_": 2, "COUNT_FC": 1}}, {"type": "Feature", "id": 1459, "geometry": {"type": "Point", "coordinates": [6429460.1346, 5672026.238700001]}, "properties": {"OBJECTID": 1459, "COUNT_": 1, "COUNT_FC": 1}}, {"type": "Feature", "id": 1460, "geometry": {"type": "Point", "coordinates": [6423560.3337, 5672061.290200001]}, "properties": {"OBJECTID": 1460, "COUNT_": 1, "COUNT_FC": 1}}, {"type": "Feature", "id": 1461, "geometry": {"type": "Point", "coordinates": [6423380.7419, 5672095.003900001]}, "properties": {"OBJECTID": 1461, "COUNT_": 1, "COUNT_FC": 1}}, {"type": "Feature", "id": 1462, "geometry": {"type": "Point", "coordinates": [6423531.8126, 5672109.6061]}, "properties": {"OBJECTID": 1462, "COUNT_": 1, "COUNT_FC": 1}}, {"type": "Feature", "id": 1463, "geometry": {"type": "Point", "coordinates": [6423512.2624, 5672222.680400001]}, "properties": {"OBJECTID": 1463, "COUNT_": 1, "COUNT_FC": 1}}, {"type": "Feature", "id": 1464, "geometry": {"type": "Point", "coordinates": [6423527.0515, 5672238.4332]}, "properties": {"OBJECTID": 1464, "COUNT_": 1, "COUNT_FC": 1}}, {"type": "Feature", "id": 1465, "geometry": {"type": "Point", "coordinates": [6430567.4473, 5672252.985400001]}, "properties": {"OBJECTID": 1465, "COUNT_": 1, "COUNT_FC": 1}}, {"type": "Feature", "id": 1466, "geometry": {"type": "Point", "coordinates": [6430446.4089, 5672258.948999999]}, "properties": {"OBJECTID": 1466, "COUNT_": 1, "COUNT_FC": 1}}, {"type": "Feature", "id": 1467, "geometry": {"type": "Point", "coordinates": [6426218.443, 5672260.989]}, "properties": {"OBJECTID": 1467, "COUNT_": 1, "COUNT_FC": 1}}, {"type": "Feature", "id": 1468, "geometry": {"type": "Point", "coordinates": [6429514.9323, 5672303.282]}, "properties": {"OBJECTID": 1468, "COUNT_": 1, "COUNT_FC": 1}}, {"type": "Feature", "id": 1469, "geometry": {"type": "Point", "coordinates": [6429706.783, 5672324.997099999]}, "properties": {"OBJECTID": 1469, "COUNT_": 1, "COUNT_FC": 1}}, {"type": "Feature", "id": 1470, "geometry": {"type": "Point", "coordinates": [6423448.9852, 5672325.760900001]}, "properties": {"OBJECTID": 1470, "COUNT_": 1, "COUNT_FC": 1}}, {"type": "Feature", "id": 1471, "geometry": {"type": "Point", "coordinates": [6423533.2821, 5672343.009]}, "properties": {"OBJECTID": 1471, "COUNT_": 1, "COUNT_FC": 1}}, {"type": "Feature", "id": 1472, "geometry": {"type": "Point", "coordinates": [6429725.3365, 5672399.309000001]}, "properties": {"OBJECTID": 1472, "COUNT_": 1, "COUNT_FC": 1}}, {"type": "Feature", "id": 1473, "geometry": {"type": "Point", "coordinates": [6423489.9713, 5672492.980799999]}, "properties": {"OBJECTID": 1473, "COUNT_": 3, "COUNT_FC": 1}}, {"type": "Feature", "id": 1474, "geometry": {"type": "Point", "coordinates": [6429717.4022, 5672522.294199999]}, "properties": {"OBJECTID": 1474, "COUNT_": 1, "COUNT_FC": 1}}, {"type": "Feature", "id": 1475, "geometry": {"type": "Point", "coordinates": [6423550.1523, 5672554.188200001]}, "properties": {"OBJECTID": 1475, "COUNT_": 3, "COUNT_FC": 1}}, {"type": "Feature", "id": 1476, "geometry": {"type": "Point", "coordinates": [6423553.9993, 5672582.607000001]}, "properties": {"OBJECTID": 1476, "COUNT_": 4, "COUNT_FC": 1}}, {"type": "Feature", "id": 1477, "geometry": {"type": "Point", "coordinates": [6429998.0054, 5672592.780099999]}, "properties": {"OBJECTID": 1477, "COUNT_": 2, "COUNT_FC": 1}}, {"type": "Feature", "id": 1478, "geometry": {"type": "Point", "coordinates": [6429754.0212, 5672647.0668]}, "properties": {"OBJECTID": 1478, "COUNT_": 1, "COUNT_FC": 1}}, {"type": "Feature", "id": 1479, "geometry": {"type": "Point", "coordinates": [6423556.5969, 5672648.1798]}, "properties": {"OBJECTID": 1479, "COUNT_": 1, "COUNT_FC": 1}}, {"type": "Feature", "id": 1480, "geometry": {"type": "Point", "coordinates": [6429520.3806, 5672743.7294]}, "properties": {"OBJECTID": 1480, "COUNT_": 1, "COUNT_FC": 1}}, {"type": "Feature", "id": 1481, "geometry": {"type": "Point", "coordinates": [6429792.4629, 5672896.5923]}, "properties": {"OBJECTID": 1481, "COUNT_": 1, "COUNT_FC": 1}}, {"type": "Feature", "id": 1482, "geometry": {"type": "Point", "coordinates": [6429332.1462, 5672916.770300001]}, "properties": {"OBJECTID": 1482, "COUNT_": 1, "COUNT_FC": 1}}, {"type": "Feature", "id": 1483, "geometry": {"type": "Point", "coordinates": [6429414.9964, 5673002.075200001]}, "properties": {"OBJECTID": 1483, "COUNT_": 1, "COUNT_FC": 1}}, {"type": "Feature", "id": 1484, "geometry": {"type": "Point", "coordinates": [6429404.0188, 5673024.711300001]}, "properties": {"OBJECTID": 1484, "COUNT_": 1, "COUNT_FC": 1}}, {"type": "Feature", "id": 1485, "geometry": {"type": "Point", "coordinates": [6428679.0556, 5673114.366]}, "properties": {"OBJECTID": 1485, "COUNT_": 1, "COUNT_FC": 1}}, {"type": "Feature", "id": 1486, "geometry": {"type": "Point", "coordinates": [6428896.1481, 5673214.4344]}, "properties": {"OBJECTID": 1486, "COUNT_": 1, "COUNT_FC": 1}}, {"type": "Feature", "id": 1487, "geometry": {"type": "Point", "coordinates": [6428812.9809, 5673537.173699998]}, "properties": {"OBJECTID": 1487, "COUNT_": 1, "COUNT_FC": 1}}, {"type": "Feature", "id": 1488, "geometry": {"type": "Point", "coordinates": [6428213.7336, 5673691.519500001]}, "properties": {"OBJECTID": 1488, "COUNT_": 1, "COUNT_FC": 1}}, {"type": "Feature", "id": 1489, "geometry": {"type": "Point", "coordinates": [6429386.4741, 5673736.586499999]}, "properties": {"OBJECTID": 1489, "COUNT_": 1, "COUNT_FC": 1}}, {"type": "Feature", "id": 1490, "geometry": {"type": "Point", "coordinates": [6429333.3051, 5673814.7641]}, "properties": {"OBJECTID": 1490, "COUNT_": 1, "COUNT_FC": 1}}, {"type": "Feature", "id": 1491, "geometry": {"type": "Point", "coordinates": [6428771.3372, 5673838.904100001]}, "properties": {"OBJECTID": 1491, "COUNT_": 1, "COUNT_FC": 1}}, {"type": "Feature", "id": 1492, "geometry": {"type": "Point", "coordinates": [6428713.968, 5673854.3304]}, "properties": {"OBJECTID": 1492, "COUNT_": 1, "COUNT_FC": 1}}, {"type": "Feature", "id": 1493, "geometry": {"type": "Point", "coordinates": [6428660.5545, 5673866.8836]}, "properties": {"OBJECTID": 1493, "COUNT_": 1, "COUNT_FC": 1}}, {"type": "Feature", "id": 1494, "geometry": {"type": "Point", "coordinates": [6429220.7346, 5673884.953]}, "properties": {"OBJECTID": 1494, "COUNT_": 1, "COUNT_FC": 1}}, {"type": "Feature", "id": 1495, "geometry": {"type": "Point", "coordinates": [6428937.6333, 5674020.233300001]}, "properties": {"OBJECTID": 1495, "COUNT_": 8, "COUNT_FC": 1}}, {"type": "Feature", "id": 1496, "geometry": {"type": "Point", "coordinates": [6428878.6222, 5674053.0437]}, "properties": {"OBJECTID": 1496, "COUNT_": 1, "COUNT_FC": 1}}, {"type": "Feature", "id": 1497, "geometry": {"type": "Point", "coordinates": [6428199.2437, 5674284.349600001]}, "properties": {"OBJECTID": 1497, "COUNT_": 1, "COUNT_FC": 1}}]}
